cisd_type,max_cisd_bars,entry,rr,volume_filter,wick_filter,sweep_atr_filter,stop_buffer,trades,trades_per_day,win_rate,net_r,expectancy_r,profit_factor,max_drawdown_r,max_losing_streak,avg_mfe_r,avg_mae_r,sweet_spot_4_6,acceptable_3_8
LAST_OPPOSING,5,FIB_786,2.5,0.0,0.3,0.15,0.25,1603,5.1050955414012735,45.63046192259675,956.5,0.5966936993137867,2.098163030998852,10.5,8,2.3017801557180126,1.139002528840133,True,True
LAST_OPPOSING,3,FIB_786,2.5,0.0,0.3,0.15,0.25,1530,4.872611464968153,45.45454545454545,903.5,0.5905228758169935,2.0833333333333335,10.5,8,2.314007122249275,1.1385468779951948,True,True
LAST_OPPOSING,8,FIB_786,2.5,0.0,0.3,0.15,0.25,1627,5.181528662420382,45.38745387453875,957.0,0.58819913952059,2.0777027027027026,10.5,8,2.293223008216311,1.1448175396021518,True,True
EXTREME_OPEN,3,FIB_786,2.5,0.0,0.3,0.15,0.25,1581,5.035031847133758,45.379746835443036,929.5,0.5879190385831752,2.077056778679027,12.0,10,2.3201109163148743,1.1534877181936356,True,True
EXTREME_OPEN,5,FIB_786,2.5,0.0,0.3,0.15,0.25,1633,5.2006369426751595,45.15931372549019,947.5,0.5802204531537049,2.058659217877095,11.5,10,2.310194983808572,1.1530799707498567,True,True
LAST_OPPOSING,5,FIB_786,2.5,0.0,0.4,0.0,0.25,1582,5.038216560509555,45.13274336283185,917.0,0.5796460176991151,2.056451612903226,14.0,8,2.331769670892506,1.185218604661243,True,True
EXTREME_OPEN,3,FIB_786,3.0,0.0,0.4,0.05,0.25,1507,4.7993630573248405,39.48241539482416,873.0,0.5792966157929662,1.957236842105263,14.0,14,2.474645658268463,1.2534968581058579,True,True
EXTREME_OPEN,3,FIB_786,3.0,0.0,0.4,0.0,0.25,1592,5.070063694267516,39.44723618090452,920.0,0.5778894472361809,1.954356846473029,16.0,16,2.485813209980825,1.2792090747729057,True,True
LAST_OPPOSING,5,FIB_786,3.0,0.0,0.4,0.0,0.25,1580,5.031847133757962,39.43037974683544,912.0,0.5772151898734177,1.9529780564263324,14.0,9,2.472679778578153,1.26745345771167,True,True
LAST_OPPOSING,5,FIB_786,2.5,0.0,0.4,0.05,0.25,1501,4.780254777070064,45.03664223850766,865.0,0.5762824783477681,2.0484848484848484,13.5,8,2.3187038324254052,1.1635600741752592,True,True
EXTREME_OPEN,5,FIB_786,3.0,0.0,0.4,0.05,0.25,1548,4.929936305732484,39.405684754521964,892.0,0.5762273901808785,1.950959488272921,14.0,14,2.465058069893906,1.2496240166905128,True,True
LAST_OPPOSING,3,FIB_786,2.5,1.2,0.0,0.0,0.25,1404,4.471337579617835,45.04632929436921,809.0,0.5762108262108262,2.0492866407263293,12.0,12,2.2638736015258276,1.137883150425297,True,True
LAST_OPPOSING,8,FIB_786,2.5,0.0,0.4,0.0,0.25,1601,5.098726114649682,45.034353529044346,922.5,0.5762023735165521,2.0482954545454546,14.0,8,2.325716051561816,1.1853606480967915,True,True
EXTREME_OPEN,5,FIB_786,3.0,0.0,0.4,0.0,0.25,1635,5.207006369426751,39.38837920489296,941.0,0.5755351681957187,1.9495459132189707,16.0,16,2.4771566347549245,1.2749123989343898,True,True
LAST_OPPOSING,5,FIB_786,2.5,1.2,0.0,0.15,0.25,1307,4.162420382165605,45.0229709035222,752.0,0.5753634276970161,2.0473537604456826,13.5,10,2.242526315475121,1.1500704503614463,True,True
LAST_OPPOSING,3,FIB_786,3.0,0.0,0.4,0.0,0.25,1529,4.869426751592357,39.37213865271419,879.0,0.5748855461085677,1.948220064724919,13.0,9,2.4767074936151596,1.2711477340188633,True,True
LAST_OPPOSING,3,FIB_786,2.5,1.2,0.0,0.05,0.25,1364,4.343949044585988,44.97432134996331,782.5,0.5736803519061584,2.0433333333333334,13.5,11,2.2637154636235706,1.1394800841519057,True,True
LAST_OPPOSING,5,FIB_786,3.0,0.0,0.4,0.05,0.25,1500,4.777070063694268,39.33333333333333,860.0,0.5733333333333334,1.945054945054945,12.0,9,2.4606992868000046,1.2447205543136182,True,True
LAST_OPPOSING,3,FIB_786,2.5,0.0,0.4,0.0,0.25,1531,4.875796178343949,44.937949052906596,877.0,0.5728282168517309,2.040332147093713,14.0,8,2.3384455394127643,1.1895774865994946,True,True
LAST_OPPOSING,8,FIB_786,2.5,0.0,0.4,0.05,0.25,1520,4.840764331210191,44.93421052631579,870.5,0.5726973684210527,2.0400238948626046,13.5,8,2.312490941887537,1.163980418661803,True,True
EXTREME_OPEN,8,FIB_786,2.5,0.0,0.3,0.15,0.25,1653,5.264331210191083,44.91525423728814,945.0,0.5716878402903811,2.0384615384615383,11.5,11,2.3035040200651404,1.1564233928588827,True,True
LAST_OPPOSING,3,FIB_786,3.0,0.0,0.4,0.05,0.25,1451,4.6210191082802545,39.28325292901447,829.0,0.5713301171605789,1.9409761634506242,12.0,9,2.4650877671606444,1.2478437343530897,True,True
LAST_OPPOSING,8,FIB_786,3.0,0.0,0.4,0.0,0.25,1599,5.092356687898089,39.27454659161976,913.0,0.5709818636647905,1.9402677651905251,14.0,10,2.4672646259423976,1.2678861879698333,True,True
EXTREME_OPEN,8,FIB_786,3.0,0.0,0.4,0.05,0.25,1562,4.974522292993631,39.24455825864276,890.0,0.5697823303457106,1.9378292939936776,14.0,14,2.4595487192942125,1.2507310644886984,True,True
EXTREME_OPEN,8,FIB_786,3.0,0.0,0.4,0.0,0.25,1649,5.251592356687898,39.23590054578533,939.0,0.569436021831413,1.937125748502994,16.0,16,2.4718352366076988,1.275746341511316,True,True
LAST_OPPOSING,3,FIB_786,2.5,0.0,0.4,0.05,0.25,1452,4.624203821656051,44.83471074380165,826.5,0.5692148760330579,2.0318352059925093,13.5,8,2.3260445360368607,1.1675364846365743,True,True
LAST_OPPOSING,5,FIB_786,3.0,0.0,0.3,0.15,0.25,1602,5.101910828025478,39.22548407245471,911.0,0.5686641697877652,1.9362795477903392,11.0,11,2.446276101089564,1.2252929127883678,True,True
LAST_OPPOSING,8,FIB_786,3.0,0.0,0.4,0.05,0.25,1519,4.837579617834395,39.1705069124424,861.0,0.5668202764976958,1.9318181818181819,12.0,10,2.455148793237932,1.2454604232058935,True,True
EXTREME_OPEN,3,FIB_786,2.5,0.0,0.4,0.05,0.25,1508,4.802547770700637,44.761273209549074,854.5,0.5666445623342176,2.025810324129652,14.0,9,2.3351636126553235,1.1762944687528474,True,True
EXTREME_OPEN,3,FIB_786,2.5,0.0,0.4,0.0,0.25,1594,5.076433121019108,44.730238393977416,901.5,0.5655583437892095,2.0232690124858115,15.0,9,2.3480386861825067,1.2014040343323755,True,True
LAST_OPPOSING,3,FIB_786,3.0,0.0,0.3,0.15,0.25,1529,4.869426751592357,39.13612565445026,864.0,0.5650752125572269,1.929032258064516,10.0,10,2.4540897581574033,1.224637811088011,True,True
EXTREME_OPEN,5,FIB_786,3.0,0.0,0.4,0.15,0.25,1261,4.015923566878981,39.095955590800955,711.0,0.5638382236320381,1.92578125,12.0,12,2.4343719195508107,1.2345184387137527,True,True
EXTREME_OPEN,5,FIB_786,3.0,0.0,0.3,0.15,0.25,1631,5.194267515923567,39.079754601226995,918.0,0.562844880441447,1.9244712990936557,10.0,10,2.459292201776328,1.2356843160045192,True,True
EXTREME_OPEN,3,FIB_786,3.0,0.0,0.3,0.15,0.25,1580,5.031847133757962,39.07536415452818,889.0,0.5626582278481013,1.9241164241164241,11.0,10,2.4680594819661996,1.2388456123086913,True,True
LAST_OPPOSING,8,FIB_786,2.5,1.2,0.0,0.15,0.25,1338,4.261146496815287,44.65220643231114,752.5,0.5624065769805681,2.016891891891892,13.5,10,2.2281620987541126,1.1545084055656927,True,True
LAST_OPPOSING,5,FIB_786,2.5,1.2,0.0,0.0,0.25,1520,4.840764331210191,44.634628044766295,854.0,0.5618421052631579,2.015457788347206,13.0,12,2.240169088283101,1.1451973591986708,True,True
LAST_OPPOSING,5,FIB_786,2.5,0.0,0.3,0.15,0.5,1602,5.101910828025478,44.59712679575266,898.0,0.5605493133583022,2.012401352874859,10.5,8,2.2421152876736565,1.1163648025190203,True,True
LAST_OPPOSING,5,FIB_786,2.5,1.2,0.0,0.05,0.25,1477,4.703821656050955,44.579945799457995,827.0,0.5599187542315505,2.011002444987775,14.5,11,2.2393040472984223,1.1461919778497545,True,True
LAST_OPPOSING,5,FIB_786,2.5,0.0,0.4,0.0,0.5,1579,5.028662420382165,44.52184927169095,881.5,0.5582647245091831,2.0062785388127855,14.0,8,2.271854163193667,1.1614995800288248,True,True
EXTREME_OPEN,5,FIB_786,2.5,0.0,0.4,0.05,0.25,1550,4.936305732484076,44.516129032258064,865.0,0.5580645161290323,2.005813953488372,14.0,9,2.323539499577343,1.1742072724662356,True,True
LAST_OPPOSING,8,FIB_786,3.0,0.0,0.3,0.15,0.25,1626,5.178343949044586,38.95384615384616,907.0,0.557810578105781,1.9143145161290323,11.0,11,2.4378627713575245,1.2310844500857205,True,True
EXTREME_OPEN,5,FIB_786,2.5,0.0,0.4,0.0,0.25,1638,5.2165605095541405,44.505494505494504,913.5,0.5576923076923077,2.004950495049505,15.0,9,2.337576767146034,1.198894967470728,True,True
EXTREME_OPEN,5,FIB_786,2.5,0.0,0.4,0.15,0.25,1263,4.022292993630574,44.4972288202692,704.0,0.557403008709422,2.0042796005706136,11.0,10,2.293387561695012,1.1596956608556888,True,True
EXTREME_OPEN,8,FIB_786,3.0,0.0,0.4,0.15,0.25,1275,4.060509554140127,38.90196078431373,709.0,0.556078431372549,1.9101412066752246,13.0,13,2.427959370898326,1.2360405459705686,True,True
LAST_OPPOSING,3,CISD,2.5,1.2,0.0,0.15,0.25,1854,5.904458598726115,45.152198421646,1029.5,0.5552858683926645,2.0580678314491263,11.0,11,1.8996094889342616,0.8539723272591728,True,True
LAST_OPPOSING,3,FIB_786,2.5,0.0,0.3,0.15,0.5,1529,4.869426751592357,44.43717277486911,848.5,0.5549378678875082,1.9994110718492344,10.5,8,2.2504244452159874,1.116329059692257,True,True
EXTREME_OPEN,8,FIB_786,3.0,0.0,0.3,0.15,0.25,1651,5.25796178343949,38.84848484848485,914.0,0.5536038764385222,1.9058473736372645,11.0,11,2.451127620299084,1.2387503385719925,True,True
EXTREME_OPEN,8,FIB_786,2.5,0.0,0.4,0.05,0.25,1564,4.980891719745223,44.37340153452685,865.0,0.55306905370844,1.9942528735632183,14.0,10,2.319303984454396,1.1752287748077535,True,True
LAST_OPPOSING,3,FIB_786,2.5,0.0,0.4,0.0,0.5,1528,4.86624203821656,44.3717277486911,845.0,0.5530104712041884,1.9941176470588236,14.0,8,2.2759694253860845,1.1659925755554008,True,True
EXTREME_OPEN,8,FIB_786,2.5,0.0,0.4,0.0,0.25,1652,5.261146496815287,44.37046004842615,913.5,0.5529661016949152,1.9940152339499455,15.0,10,2.3334479127887393,1.1996528378896574,True,True
LAST_OPPOSING,8,FIB_786,2.5,0.0,0.4,0.0,0.5,1598,5.089171974522293,44.36795994993742,883.5,0.5528785982478097,1.9938132733408325,14.0,8,2.2659731654913995,1.1621695298859371,True,True
LAST_OPPOSING,5,FIB_786,2.5,0.0,0.4,0.05,0.5,1500,4.777070063694268,44.333333333333336,827.5,0.5516666666666666,1.9910179640718564,13.5,8,2.258588763587324,1.1407711560896399,True,True
EXTREME_OPEN,8,FIB_786,2.5,0.0,0.4,0.15,0.25,1277,4.06687898089172,44.32263116679718,704.0,0.5512920908379013,1.990154711673699,13.5,12,2.288530695193887,1.1611058348765824,True,True
LAST_OPPOSING,8,FIB_786,2.5,0.0,0.3,0.15,0.5,1626,5.178343949044586,44.30769230769231,895.0,0.550430504305043,1.988950276243094,10.5,8,2.233694510063078,1.1223025102987996,True,True
EXTREME_OPEN,5,FIB_786,2.5,1.2,0.0,0.15,0.25,1283,4.085987261146497,44.30577223088923,706.0,0.5502727981293842,1.988795518207283,13.5,11,2.2487940249003286,1.169251599633416,True,True
LAST_OPPOSING,8,FIB_786,2.5,1.2,0.0,0.0,0.25,1554,4.949044585987261,44.30135222150676,855.0,0.5501930501930502,1.9884393063583814,13.0,12,2.226878977205366,1.148843469771805,True,True
LAST_OPPOSING,8,FIB_786,2.5,1.2,0.0,0.05,0.25,1511,4.812101910828026,44.23841059602649,828.0,0.5479814692256784,1.9833729216152018,14.5,11,2.2256551914272635,1.1499194687806042,True,True
EXTREME_OPEN,3,FIB_786,2.5,0.0,0.3,0.15,0.5,1580,5.031847133757962,44.20519316022799,864.0,0.5468354430379747,1.9807037457434733,12.0,10,2.258583774240729,1.136182828894875,True,True
LAST_OPPOSING,3,FIB_786,2.5,0.0,0.4,0.05,0.5,1451,4.6210191082802545,44.176430048242594,792.5,0.5461750516884907,1.978395061728395,13.5,8,2.2631256732151486,1.1448518496234352,True,True
LAST_OPPOSING,8,FIB_786,2.5,0.0,0.4,0.05,0.5,1519,4.837579617834395,44.173798551678736,829.5,0.5460829493087558,1.978183962264151,13.5,8,2.2525678342023983,1.1417352245073555,True,True
EXTREME_OPEN,3,FIB_786,2.5,0.0,0.4,0.0,0.5,1590,5.063694267515924,44.15094339622642,867.0,0.5452830188679245,1.9763513513513513,15.0,9,2.2894607584259883,1.1780985310874288,True,True
LAST_OPPOSING,5,FIB_786,2.5,1.2,0.0,0.15,0.5,1306,4.159235668789809,44.13793103448276,711.0,0.5444104134762634,1.9753086419753085,13.5,10,2.187681080553756,1.124598243386809,True,True
LAST_OPPOSING,5,FIB_786,3.0,1.2,0.0,0.15,0.25,1306,4.159235668789809,38.62068965517241,711.0,0.5444104134762634,1.8876404494382022,20.0,10,2.3917647208196344,1.237239063287872,True,True
LAST_OPPOSING,3,FIB_786,3.0,1.2,0.0,0.0,0.25,1400,4.45859872611465,38.59899928520372,761.0,0.5435714285714286,1.8859138533178115,13.0,13,2.4026617058964486,1.2275576939201411,True,True
EXTREME_OPEN,8,FIB_786,2.5,1.2,0.0,0.15,0.25,1307,4.162420382165605,44.104134762634,710.0,0.5432287681713849,1.9726027397260273,14.5,11,2.241712718094202,1.1709805927396837,True,True
LAST_OPPOSING,3,CISD,2.5,1.2,0.0,0.15,0.5,1851,5.8949044585987265,44.776962168266515,1004.5,0.5426796326310103,2.0270961145194275,11.0,11,1.8780307087791506,0.8489604996325977,True,True
EXTREME_OPEN,3,FIB_786,2.5,0.0,0.4,0.05,0.5,1507,4.7993630573248405,44.061048440610485,817.0,0.542136695421367,1.9691577698695137,14.0,9,2.2757130277973068,1.1552063251219815,True,True
LAST_OPPOSING,3,FIB_786,3.0,1.2,0.0,0.05,0.25,1360,4.3312101910828025,38.55776306107432,737.0,0.5419117647058823,1.8826347305389222,14.0,12,2.403299222814569,1.2278076216125402,True,True
EXTREME_OPEN,5,FIB_786,2.5,0.0,0.3,0.15,0.5,1632,5.197452229299363,44.02207234825261,882.0,0.5404411764705882,1.9660460021905806,11.5,10,2.250158674605637,1.1348929306581905,True,True
LAST_OPPOSING,3,FIB_786,2.5,1.2,0.0,0.0,0.5,1403,4.468152866242038,44.00855920114123,757.5,0.5399144689950107,1.964968152866242,12.0,12,2.204152403736024,1.1157197016620026,True,True
LAST_OPPOSING,5,FIB_786,3.0,0.0,0.3,0.15,0.5,1601,5.098726114649682,38.5,864.0,0.5396627108057465,1.8780487804878048,14.0,12,2.3778854333816892,1.1998484816655866,True,True
LAST_OPPOSING,5,FIB_786,3.0,0.0,0.4,0.0,0.5,1578,5.025477707006369,38.490805326569436,851.0,0.5392902408111534,1.877319587628866,13.0,11,2.404281319985053,1.249585440237543,True,True
EXTREME_OPEN,5,FIB_786,2.5,0.0,0.4,0.0,0.5,1634,5.203821656050955,43.94124847001224,879.0,0.5379436964504284,1.9596069868995634,15.0,9,2.279676504705797,1.1750333362630427,True,True
EXTREME_OPEN,3,FIB_786,2.5,1.2,0.0,0.05,0.25,1431,4.557324840764331,43.91608391608391,768.0,0.5366876310272537,1.9576059850374066,17.5,11,2.256255428205892,1.1734155600430185,True,True
LAST_OPPOSING,3,CISD,2.5,0.0,0.4,0.15,0.25,1799,5.729299363057325,44.361763022323984,965.5,0.5366870483602001,1.993312757201646,17.5,11,1.8715872589261828,0.8670617387479937,True,True
EXTREME_OPEN,3,FIB_786,2.5,1.2,0.0,0.0,0.25,1479,4.710191082802548,43.9106901217862,793.5,0.5365111561866126,1.957177322074789,16.5,12,2.256803554550397,1.1717369575660974,True,True
LAST_OPPOSING,3,FIB_786,2.5,1.2,0.0,0.05,0.5,1363,4.340764331210191,43.906020558002936,731.0,0.5363169479090242,1.956806282722513,13.5,11,2.204259937786086,1.1177416639510591,True,True
LAST_OPPOSING,3,FIB_786,3.0,0.0,0.4,0.0,0.5,1527,4.8630573248407645,38.40104849279161,818.0,0.535690897184021,1.8702127659574468,13.0,11,2.407593826666213,1.2541251509516393,True,True
LAST_OPPOSING,3,FIB_786,3.0,0.0,0.3,0.15,0.5,1528,4.86624203821656,38.37590045841519,817.0,0.5346858638743456,1.8682252922422955,14.0,12,2.383098338555995,1.2000448559575538,True,True
EXTREME_OPEN,5,FIB_786,2.5,0.0,0.4,0.05,0.5,1549,4.93312101910828,43.83473208521627,827.5,0.5342156229825694,1.9511494252873562,14.0,9,2.264958256499454,1.152541094039036,True,True
LAST_OPPOSING,8,FIB_786,3.0,0.0,0.4,0.0,0.5,1597,5.085987261146497,38.34586466165413,852.0,0.5335003130870382,1.8658536585365855,13.0,12,2.3992050340760134,1.2498627370450763,True,True
EXTREME_OPEN,8,FIB_786,2.5,0.0,0.4,0.0,0.5,1648,5.248407643312102,43.810679611650485,879.0,0.533373786407767,1.949244060475162,15.0,10,2.275401251593839,1.175535524408887,True,True
LAST_OPPOSING,5,FIB_786,3.0,0.0,0.4,0.05,0.5,1500,4.777070063694268,38.333333333333336,800.0,0.5333333333333333,1.864864864864865,12.0,11,2.3906255835769623,1.2242557394534372,True,True
EXTREME_OPEN,8,FIB_786,2.5,0.0,0.3,0.15,0.5,1652,5.261146496815287,43.79164142943671,879.5,0.5323849878934624,1.9477370689655173,11.5,11,2.2434633833800155,1.1378647831472357,True,True
EXTREME_OPEN,3,FIB_705,2.5,0.0,0.4,0.05,0.25,1680,5.350318471337579,43.75,892.5,0.53125,1.9444444444444444,14.0,11,2.148375705085021,1.0718174325923042,True,True
EXTREME_OPEN,5,FIB_786,2.5,1.2,0.0,0.0,0.25,1535,4.888535031847134,43.74185136897001,814.5,0.5306188925081433,1.943800695249131,16.5,12,2.2498182083544167,1.17191208945234,True,True
EXTREME_OPEN,5,FIB_786,2.5,1.2,0.0,0.05,0.25,1487,4.735668789808917,43.741588156123825,789.0,0.5305985205110961,1.94377990430622,17.0,11,2.2490652390091626,1.1735331294489872,True,True
LAST_OPPOSING,3,FIB_786,3.0,0.0,0.4,0.05,0.5,1451,4.6210191082802545,38.24948311509304,769.0,0.5299793246037215,1.8582589285714286,13.0,13,2.394119141209782,1.2281057002580797,True,True
LAST_OPPOSING,8,FIB_786,2.5,1.2,0.0,0.15,0.5,1337,4.25796178343949,43.712574850299404,708.0,0.5295437546746448,1.9414893617021276,14.5,10,2.1734856110934038,1.1293739534818727,True,True
LAST_OPPOSING,8,FIB_786,3.0,1.2,0.0,0.15,0.25,1337,4.25796178343949,38.24850299401197,708.0,0.5295437546746448,1.8581818181818182,21.0,10,2.376450534846427,1.2412498321315297,True,True
EXTREME_OPEN,8,FIB_786,2.5,0.0,0.4,0.05,0.5,1563,4.977707006369426,43.698016634676904,827.5,0.5294305822136917,1.9403409090909092,14.0,10,2.2605823373352716,1.15327205850192,True,True
LAST_OPPOSING,8,FIB_786,3.0,0.0,0.3,0.15,0.5,1625,5.17515923566879,38.23891625615764,860.0,0.5292307692307693,1.8574277168494517,14.0,12,2.3697970972701388,1.2052004810651769,True,True
EXTREME_OPEN,3,FIB_786,3.0,0.0,0.4,0.05,0.5,1507,4.7993630573248405,38.22163238221633,797.0,0.528865295288653,1.8560687432867884,13.0,13,2.4107791615616496,1.2371271126164027,True,True
EXTREME_OPEN,3,FIB_786,3.0,0.0,0.4,0.0,0.5,1589,5.060509554140127,38.224181360201506,840.0,0.5286343612334802,1.856269113149847,14.0,12,2.423731943881831,1.264977000563176,True,True
LAST_OPPOSING,5,FIB_786,3.0,1.2,0.0,0.0,0.25,1516,4.828025477707007,38.21782178217822,801.0,0.5283641160949868,1.8557692307692308,18.0,13,2.3837031452805397,1.2351290157022927,True,True
EXTREME_OPEN,5,FIB_786,2.5,0.0,0.4,0.15,0.5,1262,4.019108280254777,43.6608557844691,666.5,0.5281299524564184,1.9374120956399437,11.0,10,2.2312315091498025,1.1382833490297186,True,True
EXTREME_OPEN,5,FIB_786,3.0,0.0,0.4,0.0,0.5,1632,5.197452229299363,38.197424892703864,861.0,0.5275735294117647,1.8541666666666667,14.0,12,2.4161210377253655,1.2598823731334627,True,True
LAST_OPPOSING,8,FIB_786,3.0,0.0,0.4,0.05,0.5,1519,4.837579617834395,38.18301514154049,801.0,0.5273206056616195,1.8530351437699681,12.0,12,2.385459441638199,1.2248641050337723,True,True
EXTREME_OPEN,5,FIB_786,3.0,0.0,0.4,0.05,0.5,1548,4.929936305732484,38.17829457364341,816.0,0.5271317829457365,1.8526645768025078,13.0,12,2.4024649062326455,1.2325533291050934,True,True
LAST_OPPOSING,5,FIB_786,3.0,1.2,0.0,0.05,0.25,1473,4.691082802547771,38.17934782608695,776.0,0.526816021724372,1.8527472527472528,18.0,12,2.3839920100796013,1.2350684693995642,True,True
EXTREME_OPEN,5,FIB_786,3.0,1.2,0.0,0.15,0.25,1282,4.082802547770701,38.17330210772833,675.0,0.5265210608424337,1.8522727272727273,16.0,13,2.4007180745635344,1.2529608256760745,True,True
EXTREME_OPEN,3,FIB_705,2.5,0.0,0.3,0.15,0.25,1764,5.617834394904459,43.61883153715258,928.5,0.5263605442176871,1.9341046277665996,12.0,12,2.126084455015679,1.0601503483065562,True,True
EXTREME_OPEN,5,FIB_786,3.0,0.0,0.3,0.15,0.5,1631,5.194267515923567,38.15950920245399,858.0,0.5260576333537706,1.8511904761904763,14.0,10,2.3955156859401576,1.2157600578136654,True,True
EXTREME_OPEN,5,FIB_705,2.5,0.0,0.4,0.05,0.25,1727,5.5,43.60162130862768,908.5,0.5260567458019687,1.9327515400410678,14.0,11,2.140186164841005,1.0692650487228,True,True
LAST_OPPOSING,5,FIB_786,2.5,1.2,0.0,0.0,0.5,1519,4.837579617834395,43.61001317523056,799.0,0.5260039499670837,1.933411214953271,13.0,12,2.183341375810874,1.122551157323348,True,True
EXTREME_OPEN,5,FIB_786,3.0,0.0,0.4,0.15,0.5,1261,4.015923566878981,38.144329896907216,663.0,0.5257731958762887,1.85,12.0,12,2.3764061237862566,1.2152793633694767,True,True
EXTREME_OPEN,8,FIB_786,2.5,1.2,0.0,0.0,0.25,1559,4.964968152866242,43.58151476251604,818.5,0.5250160359204619,1.9311717861205915,16.5,12,2.243168998970884,1.1729095175736777,True,True
EXTREME_OPEN,8,FIB_786,2.5,1.2,0.0,0.05,0.25,1511,4.812101910828026,43.576158940397356,793.0,0.5248180013236268,1.9307511737089202,18.0,11,2.2422167637182016,1.1745364950884614,True,True
EXTREME_OPEN,3,FIB_786,3.0,0.0,0.3,0.15,0.5,1580,5.031847133757962,38.12539582013933,829.0,0.5246835443037975,1.8485158648925282,14.0,10,2.40194593133508,1.219646142209708,True,True
EXTREME_OPEN,3,FIB_705,2.5,0.0,0.4,0.0,0.25,1774,5.649681528662421,43.54201917653695,929.0,0.5236753100338218,1.928071928071928,18.0,13,2.149913240499988,1.0918837631019525,True,True
LAST_OPPOSING,5,FIB_786,2.5,1.2,0.0,0.05,0.5,1476,4.7006369426751595,43.525423728813564,772.0,0.5230352303523035,1.9267707082833134,14.5,11,2.1828291936074655,1.1239804950646413,True,True
EXTREME_OPEN,8,FIB_786,2.5,0.0,0.4,0.15,0.5,1276,4.063694267515924,43.495297805642636,666.5,0.5223354231974922,1.9244105409153953,13.5,12,2.226241393796572,1.1393351561501086,True,True
LAST_OPPOSING,5,CISD,2.5,0.0,0.4,0.15,0.25,1865,5.939490445859873,43.988919667590025,974.0,0.5222520107238606,1.9634025717111772,18.5,11,1.8614556660216943,0.8655740787718378,True,True
EXTREME_OPEN,5,FIB_705,2.5,0.0,0.3,0.15,0.25,1824,5.808917197452229,43.49972572682392,952.5,0.522203947368421,1.924757281553398,13.0,12,2.117471240095137,1.0580702920272187,True,True
EXTREME_OPEN,8,FIB_786,3.0,0.0,0.4,0.0,0.5,1646,5.24203821656051,38.054711246200604,859.0,0.5218712029161604,1.8429833169774288,14.0,12,2.410680065312984,1.260361849584869,True,True
EXTREME_OPEN,8,FIB_786,3.0,0.0,0.4,0.05,0.5,1562,4.974522292993631,38.028169014084504,814.0,0.5211267605633803,1.8409090909090908,13.0,13,2.396853731616844,1.2333035370791083,True,True
EXTREME_OPEN,5,FIB_705,2.5,0.0,0.4,0.0,0.25,1823,5.805732484076433,43.468715697036224,950.0,0.5211190345584202,1.9223300970873787,18.0,13,2.1429243163164444,1.0883514478497307,True,True
LAST_OPPOSING,5,FIB_786,3.0,1.2,0.0,0.15,0.5,1303,4.149681528662421,38.0184331797235,678.0,0.5203376822716808,1.8401486988847584,20.0,13,2.3293955109124305,1.2119644204343885,True,True
EXTREME_OPEN,8,FIB_786,3.0,1.2,0.0,0.15,0.25,1306,4.159235668789809,38.00766283524904,679.0,0.5199081163859112,1.8393077873918418,17.0,14,2.392209303564892,1.254062040057881,True,True
LAST_OPPOSING,3,CISD,3.0,1.2,0.0,0.15,0.25,1822,5.802547770700637,38.82078225335668,947.0,0.5197585071350165,1.9036259541984732,18.0,12,2.0679675108232756,0.9116123784777703,True,True
EXTREME_OPEN,8,FIB_786,3.0,0.0,0.4,0.15,0.5,1275,4.060509554140127,37.96078431372549,661.0,0.5184313725490196,1.8356510745891277,13.0,13,2.3698180204171337,1.2163881166053276,True,True
EXTREME_OPEN,8,FIB_705,2.5,0.0,0.4,0.05,0.25,1743,5.550955414012739,43.373493975903614,903.0,0.5180722891566265,1.9148936170212767,14.0,11,2.133655459993479,1.0711281022529329,True,True
EXTREME_OPEN,8,FIB_786,3.0,0.0,0.3,0.15,0.5,1651,5.25796178343949,37.93939393939394,854.0,0.5172622652937614,1.833984375,15.0,11,2.387391526296994,1.2184503403452474,True,True
LAST_OPPOSING,8,FIB_786,3.0,1.2,0.0,0.0,0.25,1550,4.936305732484076,37.895416397675916,799.0,0.515483870967742,1.8305613305613306,19.0,15,2.370272470065074,1.2381838675674122,True,True
LAST_OPPOSING,3,FIB_705,2.5,0.0,0.4,0.05,0.25,1619,5.156050955414012,43.29833230389129,834.5,0.5154416306361952,1.909041394335512,19.5,9,2.1204585808828624,1.0716237975831984,True,True
LAST_OPPOSING,3,FIB_705,2.5,0.0,0.4,0.0,0.25,1706,5.43312101910828,43.28445747800587,878.0,0.5146541617819461,1.907962771458118,20.0,10,2.126861006187202,1.0883059927331828,True,True
LAST_OPPOSING,3,FIB_786,3.0,1.2,0.0,0.0,0.5,1398,4.452229299363057,37.86685755189692,719.0,0.5143061516452074,1.8283410138248848,15.0,15,2.3406824498216703,1.2032370794450407,True,True
LAST_OPPOSING,8,FIB_786,3.0,1.2,0.0,0.05,0.25,1507,4.7993630573248405,37.84860557768924,774.0,0.5136031851360319,1.8269230769230769,19.0,14,2.3701715933661704,1.2382118529199544,True,True
EXTREME_OPEN,8,FIB_705,2.5,0.0,0.4,0.0,0.25,1839,5.856687898089172,43.25353645266594,944.5,0.5135943447525829,1.905560882070949,18.0,13,2.1367107062170185,1.0899511867931735,True,True
LAST_OPPOSING,5,FIB_705,2.5,0.0,0.4,0.0,0.25,1764,5.617834394904459,43.24631101021566,905.0,0.5130385487528345,1.905,18.0,11,2.122831121053203,1.0843006726058357,True,True
LAST_OPPOSING,3,FIB_705,2.5,0.0,0.3,0.15,0.25,1704,5.426751592356688,43.24324324324324,874.0,0.5129107981220657,1.9047619047619047,12.5,11,2.101536229245925,1.0543523763598555,True,True
LAST_OPPOSING,8,FIB_786,2.5,1.2,0.0,0.0,0.5,1553,4.945859872611465,43.23453608247423,796.5,0.5128783000643915,1.9040862656072646,13.5,12,2.170249606187127,1.1264377459663197,True,True
LAST_OPPOSING,3,CISD,2.5,0.0,0.4,0.15,0.5,1795,5.7165605095541405,43.66035570854848,920.5,0.5128133704735376,1.9373727087576376,17.5,11,1.8522158781452975,0.8659205659024989,True,True
LAST_OPPOSING,3,FIB_786,3.0,1.2,0.0,0.05,0.5,1358,4.32484076433121,37.80397936624908,695.0,0.5117820324005891,1.8234597156398105,14.0,14,2.3409336130436507,1.20396859217267,True,True
EXTREME_OPEN,8,FIB_705,2.5,0.0,0.3,0.15,0.25,1846,5.8789808917197455,43.19783197831978,944.5,0.511646803900325,1.901240458015267,13.0,12,2.108187343290565,1.0615384638025143,True,True
LAST_OPPOSING,5,FIB_705,2.5,0.0,0.4,0.05,0.25,1675,5.334394904458598,43.18996415770609,856.5,0.5113432835820896,1.9006309148264984,21.0,10,2.115392272523606,1.0686308609614223,True,True
EXTREME_OPEN,5,FIB_786,2.5,1.2,0.0,0.15,0.5,1282,4.082802547770701,43.169398907103826,654.5,0.5105304212168487,1.8990384615384615,13.5,11,2.1927143985248576,1.1484299292835403,True,True
EXTREME_OPEN,3,FIB_786,3.0,1.2,0.0,0.05,0.25,1428,4.547770700636943,37.771548703573934,729.0,0.5105042016806722,1.820945945945946,20.0,14,2.403649183360465,1.25824248977284,True,True
EXTREME_OPEN,3,FIB_786,3.0,1.2,0.0,0.0,0.25,1476,4.7006369426751595,37.762711864406775,753.0,0.5101626016260162,1.8202614379084967,18.0,14,2.400541949232861,1.2582313080527048,True,True
LAST_OPPOSING,8,FIB_786,2.5,1.2,0.0,0.05,0.5,1510,4.808917197452229,43.141153081510936,769.5,0.5096026490066226,1.8968531468531469,14.5,11,2.1693761445804696,1.127945577633735,True,True
LAST_OPPOSING,5,FIB_705,2.5,0.0,0.3,0.15,0.25,1788,5.694267515923567,43.13725490196079,910.0,0.5089485458612976,1.896551724137931,15.0,11,2.094160031326142,1.0544767771508807,True,True
EXTREME_OPEN,5,FIB_786,3.0,1.2,0.0,0.05,0.25,1484,4.726114649681529,37.69386378961565,753.0,0.5074123989218329,1.8149350649350648,19.0,14,2.397737004053786,1.2580405578314218,True,True
EXTREME_OPEN,5,FIB_786,3.0,1.2,0.0,0.0,0.25,1532,4.8789808917197455,37.687785760940564,777.0,0.5071801566579635,1.8144654088050314,17.0,14,2.3949285882798805,1.2580361116919103,True,True
LAST_OPPOSING,8,FIB_786,3.0,1.2,0.0,0.15,0.5,1334,4.248407643312102,37.65941485371343,675.0,0.5059970014992504,1.812274368231047,21.0,12,2.3143250095994725,1.2155769526681517,True,True
LAST_OPPOSING,3,CISD,2.5,1.2,0.3,0.15,0.25,1402,4.464968152866242,43.666169895678095,709.0,0.5057061340941512,1.937830687830688,18.0,12,1.8448631532246795,0.8550905406431026,True,True
LAST_OPPOSING,8,FIB_705,2.5,0.0,0.4,0.0,0.25,1787,5.691082802547771,43.02521008403362,903.0,0.5053161723559038,1.887905604719764,18.0,11,2.1177030200222164,1.0852193361167997,True,True
EXTREME_OPEN,3,FIB_705,2.5,0.0,0.4,0.15,0.25,1363,4.340764331210191,42.99339691856199,688.0,0.5047688921496698,1.8854568854568854,12.5,12,2.1158192134664024,1.0695888637446296,True,True
EXTREME_OPEN,8,FIB_786,2.5,1.2,0.0,0.15,0.5,1306,4.159235668789809,42.98850574712644,658.5,0.5042113323124043,1.8850806451612903,14.5,11,2.185920799517624,1.1498286642694857,True,True
LAST_OPPOSING,8,FIB_705,2.5,0.0,0.4,0.05,0.25,1699,5.410828025477707,42.93286219081272,853.5,0.5023543260741613,1.8808049535603715,22.0,10,2.1094315443562643,1.0700878246316763,True,True
EXTREME_OPEN,8,FIB_786,3.0,1.2,0.0,0.05,0.25,1508,4.802547770700637,37.558062375580626,757.0,0.5019893899204244,1.8044633368756642,20.0,15,2.389695108654307,1.2584883831748161,True,True
EXTREME_OPEN,8,FIB_786,3.0,1.2,0.0,0.0,0.25,1556,4.955414012738854,37.556270096463024,781.0,0.5019280205655527,1.8043254376931,18.0,14,2.3871780893828105,1.2584701909497427,True,True
EXTREME_OPEN,3,FIB_705,2.5,1.2,0.0,0.15,0.25,1371,4.36624203821656,42.91970802919708,688.0,0.5018234865061999,1.8797953964194374,13.5,9,2.0731034637910306,1.0651101851063212,True,True
LAST_OPPOSING,3,FIB_705,2.5,1.2,0.0,0.15,0.25,1340,4.267515923566879,42.89985052316891,671.0,0.5007462686567165,1.8782722513089005,14.5,9,2.0534139199484827,1.056498004126834,True,True
LAST_OPPOSING,3,CISD,2.5,1.2,0.3,0.05,0.25,1489,4.74203821656051,43.48739495798319,745.5,0.5006715916722633,1.9237918215613383,14.0,14,1.8420052198985537,0.8596044562593017,True,True
LAST_OPPOSING,5,FIB_786,3.0,1.2,0.0,0.0,0.5,1513,4.818471337579618,37.5,756.0,0.4996695307336418,1.8,18.0,15,2.3212431592213045,1.2105536106152261,True,True
LAST_OPPOSING,3,FIB_705,2.5,0.0,0.4,0.15,0.25,1321,4.207006369426751,42.84632853898562,660.0,0.4996214988644966,1.8741721854304636,16.5,11,2.092204831504511,1.062939762782959,True,True
LAST_OPPOSING,5,CISD,2.5,0.0,0.4,0.15,0.5,1861,5.926751592356688,43.30927262631871,929.0,0.49919398173025253,1.909892262487757,18.5,11,1.8415665684811084,0.8640521270372071,True,True
EXTREME_OPEN,5,FIB_705,2.5,1.2,0.0,0.15,0.25,1435,4.570063694267516,42.81729428172943,715.0,0.49825783972125437,1.8719512195121952,14.5,9,2.0629289459615014,1.0636523749661597,True,True
LAST_OPPOSING,3,CISD,2.5,1.2,0.3,0.0,0.25,1508,4.802547770700637,43.40013821700069,751.0,0.4980106100795756,1.916971916971917,14.0,14,1.8400711848728353,0.8613038510819747,True,True
EXTREME_OPEN,3,FIB_705,3.0,0.0,0.4,0.05,0.25,1675,5.334394904458598,37.45519713261648,834.0,0.49791044776119403,1.7965616045845272,22.0,19,2.3071934605652222,1.1509962907394586,True,True
EXTREME_OPEN,5,FIB_705,2.5,0.0,0.4,0.15,0.25,1407,4.480891719745223,42.78606965174129,700.0,0.4975124378109453,1.8695652173913044,13.5,13,2.106798627409648,1.0669274943189229,True,True
LAST_OPPOSING,5,FIB_786,3.0,1.2,0.0,0.05,0.5,1470,4.681528662420382,37.44043567052417,731.0,0.49727891156462584,1.7954298150163222,18.0,14,2.321179965109881,1.2109825715475493,True,True
LAST_OPPOSING,3,FIB_618,2.5,0.0,0.4,0.15,0.25,1482,4.719745222929936,42.81842818428184,736.0,0.4966261808367072,1.872037914691943,13.5,10,1.991548239023972,0.9930787539849747,True,True
LAST_OPPOSING,8,FIB_705,2.5,0.0,0.3,0.15,0.25,1817,5.786624203821656,42.77839029768467,902.0,0.4964226747385801,1.8689788053949903,16.0,11,2.0864661737025427,1.0595429683467146,True,True
LAST_OPPOSING,3,CISD,3.0,1.2,0.0,0.15,0.5,1817,5.786624203821656,38.195664909197426,901.0,0.49587231700605394,1.8540284360189574,18.0,12,2.0486717299698314,0.9083694109228561,True,True
EXTREME_OPEN,5,FIB_705,3.0,0.0,0.4,0.05,0.25,1722,5.484076433121019,37.361998837884954,851.0,0.49419279907084784,1.7894248608534322,22.0,17,2.300641276476682,1.1472781256286648,True,True
EXTREME_OPEN,3,FIB_705,3.0,0.0,0.4,0.0,0.25,1766,5.624203821656051,37.358276643990926,872.0,0.49377123442808607,1.7891402714932128,25.0,16,2.3085899115277484,1.1693302311495795,True,True
LAST_OPPOSING,5,FIB_705,2.5,0.0,0.4,0.15,0.25,1374,4.375796178343949,42.680262199563,678.0,0.49344978165938863,1.8614993646759848,17.5,11,2.08680221790072,1.0615701871893684,True,True
EXTREME_OPEN,5,FIB_786,3.0,1.2,0.0,0.15,0.5,1281,4.079617834394904,37.34375,632.0,0.4933645589383294,1.7880299251870324,17.0,13,2.348145285313358,1.2298302938501793,True,True
EXTREME_OPEN,5,FIB_705,3.0,0.0,0.4,0.0,0.25,1815,5.780254777070064,37.34142305570877,895.0,0.4931129476584022,1.7878521126760563,25.0,16,2.3033276893487713,1.1646428511581906,True,True
LAST_OPPOSING,3,CISD,3.0,0.0,0.4,0.15,0.25,1768,5.630573248407643,37.84742755765819,869.0,0.4915158371040724,1.8268315889628925,16.0,13,2.046590755900338,0.9290769862786442,True,True
EXTREME_OPEN,3,FIB_786,2.5,1.2,0.0,0.05,0.5,1430,4.554140127388535,42.61721483554933,702.5,0.49125874125874125,1.8567073170731707,17.5,11,2.196878798911467,1.154814583051378,True,True
EXTREME_OPEN,8,FIB_705,2.5,1.2,0.0,0.15,0.25,1461,4.6528662420382165,42.6027397260274,717.0,0.49075975359342916,1.8556085918854415,13.0,10,2.0537758397666614,1.0658096756623923,True,True
LAST_OPPOSING,5,FIB_705,2.5,1.2,0.0,0.15,0.25,1465,4.665605095541402,42.61285909712722,718.5,0.4904436860068259,1.8563766388557807,11.5,9,2.0368737831990518,1.0552763771438376,True,True
EXTREME_OPEN,3,FIB_786,2.5,1.2,0.0,0.0,0.5,1478,4.707006369426751,42.58632362897766,724.5,0.4901894451962111,1.8543632075471699,16.5,12,2.1975536391362698,1.1537213080010658,True,True
EXTREME_OPEN,8,FIB_705,2.5,0.0,0.4,0.15,0.25,1423,4.531847133757962,42.515811665495434,694.5,0.4880534082923401,1.8490220048899755,14.0,13,2.0991747216118015,1.0692357888891857,True,True
LAST_OPPOSING,8,FIB_786,3.0,1.2,0.0,0.0,0.5,1547,4.926751592356688,37.19275549805951,754.0,0.48739495798319327,1.776519052523172,19.0,15,2.308043093303526,1.2132595794851848,True,True
EXTREME_OPEN,8,FIB_786,3.0,1.2,0.0,0.15,0.5,1305,4.156050955414012,37.193251533742334,636.0,0.48735632183908045,1.7765567765567765,18.0,14,2.3395729110771333,1.2306139243734697,True,True
EXTREME_OPEN,8,FIB_705,3.0,0.0,0.4,0.05,0.25,1738,5.535031847133758,37.19055843408175,847.0,0.4873417721518987,1.7763519706691109,24.0,20,2.293433541835187,1.148428351792375,True,True
EXTREME_OPEN,5,FIB_786,2.5,1.2,0.0,0.05,0.5,1486,4.732484076433121,42.49158249158249,723.5,0.4868775235531628,1.8471896955503513,17.0,11,2.1909024024209507,1.1539116655196189,True,True
LAST_OPPOSING,3,FIB_618,2.5,0.0,0.4,0.05,0.25,1798,5.726114649681529,42.52232142857143,875.0,0.4866518353726363,1.8495145631067962,14.0,10,2.005822487700691,1.0067614784289234,True,True
EXTREME_OPEN,8,FIB_705,3.0,0.0,0.4,0.0,0.25,1831,5.8312101910828025,37.17878622197922,891.0,0.4866193336974331,1.7754569190600522,25.0,16,2.2964625744318568,1.1655829153111428,True,True
LAST_OPPOSING,5,FIB_618,2.5,0.0,0.4,0.15,0.25,1540,4.904458598726115,42.53098499673842,749.0,0.4863636363636364,1.8501702610669692,13.5,10,1.9815144871280872,0.9963092336255238,True,True
EXTREME_OPEN,3,FIB_705,3.0,0.0,0.3,0.15,0.25,1757,5.595541401273885,37.172177879133415,854.0,0.4860557768924303,1.7749546279491832,16.0,12,2.28721262369177,1.1403045063994828,True,True
EXTREME_OPEN,5,FIB_786,2.5,1.2,0.0,0.0,0.5,1534,4.885350318471337,42.465753424657535,745.5,0.48598435462842243,1.8452380952380953,16.5,12,2.191739612905829,1.1528865543834799,True,True
EXTREME_OPEN,3,FIB_705,2.5,0.0,0.4,0.0,0.5,1770,5.6369426751592355,42.45336348219333,859.5,0.48559322033898306,1.8443025540275049,21.5,11,2.1140144099899585,1.0859526569477733,True,True
LAST_OPPOSING,3,CISD,2.5,1.2,0.3,0.15,0.5,1400,4.45859872611465,43.059701492537314,679.5,0.4853571428571429,1.8905635648754915,18.0,12,1.8272833597337728,0.8510421726777782,True,True
LAST_OPPOSING,5,FIB_705,3.0,0.0,0.4,0.0,0.25,1759,5.601910828025478,37.15099715099715,853.0,0.48493462194428655,1.773345421577516,24.0,24,2.288239725575703,1.161804750236992,True,True
EXTREME_OPEN,5,FIB_705,2.5,0.0,0.4,0.0,0.5,1818,5.789808917197452,42.43258117776555,881.5,0.48487348734873487,1.842734225621415,21.5,11,2.1085466659519474,1.0823168940353758,True,True
LAST_OPPOSING,8,FIB_786,3.0,1.2,0.0,0.05,0.5,1504,4.789808917197452,37.12574850299401,729.0,0.48470744680851063,1.7714285714285714,19.0,14,2.307603932280748,1.213756207963857,True,True
EXTREME_OPEN,3,FIB_705,2.5,0.0,0.4,0.05,0.5,1679,5.3471337579617835,42.40619416319238,813.0,0.48421679571173315,1.8407445708376422,17.5,10,2.109488993164911,1.0706751093327733,True,True
EXTREME_OPEN,3,FIB_705,2.5,0.0,0.3,0.15,0.5,1763,5.614649681528663,42.3950056753689,852.5,0.48355076574021555,1.8399014778325122,12.0,12,2.086150400566484,1.056338065158821,True,True
LAST_OPPOSING,3,FIB_618,2.5,0.0,0.4,0.15,0.5,1481,4.7165605095541405,42.440677966101696,716.0,0.4834571235651587,1.8433451118963486,13.5,10,1.9707818641417358,0.9894349774459875,True,True
EXTREME_OPEN,5,FIB_705,3.0,0.0,0.3,0.15,0.25,1817,5.786624203821656,37.10033076074972,878.0,0.48321408915795266,1.7695004382120947,18.0,13,2.279603070512799,1.1382893851711822,True,True
LAST_OPPOSING,5,CISD,3.0,0.0,0.4,0.15,0.25,1834,5.840764331210191,37.65714285714286,886.0,0.4830970556161396,1.8120989917506873,17.0,14,2.036015875237061,0.9262407938062537,True,True
LAST_OPPOSING,8,FIB_705,2.5,0.0,0.4,0.15,0.25,1398,4.452229299363057,42.376521116678596,675.0,0.48283261802575106,1.8385093167701863,18.5,11,2.080048916151533,1.063462059468546,True,True
EXTREME_OPEN,5,FIB_705,2.5,0.0,0.4,0.05,0.5,1726,5.496815286624204,42.352259559675545,832.5,0.48232908458864426,1.8366834170854272,17.5,10,2.1035164733815708,1.0673836891596087,True,True
EXTREME_OPEN,8,FIB_786,2.5,1.2,0.0,0.05,0.5,1510,4.808917197452229,42.34592445328032,727.5,0.4817880794701987,1.8362068965517242,18.0,11,2.1843284466847153,1.1545914009957923,True,True
EXTREME_OPEN,3,FIB_618,2.5,0.0,0.4,0.15,0.25,1522,4.8471337579617835,42.35836627140975,732.5,0.48127463863337716,1.8371428571428572,12.0,10,1.99520517329698,1.0055406400347475,True,True
LAST_OPPOSING,5,CISD,3.0,1.5,0.0,0.15,0.25,1303,4.149681528662421,38.05162364696086,627.0,0.48119723714504986,1.842741935483871,19.0,15,1.9869697691041317,0.8993610440488699,True,True
EXTREME_OPEN,8,FIB_786,2.5,1.2,0.0,0.0,0.5,1558,4.961783439490445,42.32498394348105,749.5,0.48106546854942234,1.8346325167037862,16.5,12,2.1853552956957185,1.1535611392591467,True,True
LAST_OPPOSING,3,FIB_705,3.0,0.0,0.4,0.0,0.25,1701,5.417197452229299,37.043580683156655,818.0,0.4808935920047031,1.765201122544434,28.0,24,2.292584547726887,1.1674277172769099,True,True
EXTREME_OPEN,5,FIB_705,2.5,0.0,0.3,0.15,0.5,1823,5.805732484076433,42.316136114160265,876.5,0.48080087767416346,1.8339676498572788,13.0,12,2.080145889995635,1.054335214942586,True,True
EXTREME_OPEN,5,FIB_705,3.0,0.0,0.4,0.0,0.5,1809,5.761146496815287,37.02268954067515,869.0,0.480375898286346,1.7636203866432338,25.0,16,2.2678308817150996,1.1475403033303082,True,True
EXTREME_OPEN,3,FIB_705,3.0,0.0,0.4,0.0,0.5,1761,5.60828025477707,37.00966458214895,845.0,0.4798409994321408,1.7626353790613718,25.0,16,2.273156689974401,1.1520103542116389,True,True
LAST_OPPOSING,5,FIB_618,2.5,0.0,0.4,0.05,0.25,1860,5.923566878980892,42.309767943874796,891.0,0.4790322580645161,1.833489242282507,14.0,10,1.9972930593073621,1.008729405660258,True,True
EXTREME_OPEN,8,FIB_705,2.5,0.0,0.4,0.0,0.5,1834,5.840764331210191,42.225859247135844,876.0,0.4776444929116685,1.8271954674220963,21.5,11,2.102273198162647,1.083640486103441,True,True
EXTREME_OPEN,3,FIB_618,2.5,0.0,0.4,0.05,0.25,1858,5.917197452229299,42.23300970873786,886.5,0.4771259418729817,1.8277310924369747,14.5,11,2.0109299390563846,1.0167279966229956,True,True
LAST_OPPOSING,3,CISD,2.5,1.2,0.3,0.05,0.5,1487,4.735668789808917,42.776998597475455,709.0,0.47679892400806995,1.8688725490196079,14.0,14,1.8268037292645005,0.8569867575383763,True,True
LAST_OPPOSING,5,CISD,2.5,1.2,0.3,0.15,0.25,1486,4.732484076433121,42.867231638418076,708.5,0.4767833109017497,1.8757725587144622,16.5,14,1.8252481131523546,0.8596598906876329,True,True
LAST_OPPOSING,5,FIB_705,3.0,0.0,0.4,0.05,0.25,1671,5.321656050955414,36.930455635491604,796.0,0.476361460203471,1.7566539923954372,26.0,22,2.277457594994378,1.1484621209372328,True,True
EXTREME_OPEN,3,CISD,2.5,0.0,0.4,0.15,0.25,1825,5.812101910828026,42.55918827508455,868.5,0.4758904109589041,1.852306182531894,14.0,12,1.8131915019514462,0.8859844020309627,True,True
LAST_OPPOSING,3,FIB_705,2.5,0.0,0.4,0.0,0.5,1702,5.420382165605096,42.151675485008816,808.5,0.47502937720329025,1.8216463414634145,23.5,13,2.094225106458239,1.0844416264267835,True,True
LAST_OPPOSING,3,FIB_705,3.0,0.0,0.4,0.05,0.25,1615,5.143312101910828,36.88778673279603,767.0,0.47492260061919506,1.7534381139489195,25.0,22,2.2827936051528037,1.1531385724817154,True,True
LAST_OPPOSING,8,FIB_705,3.0,0.0,0.4,0.0,0.25,1782,5.67515923566879,36.895388076490434,846.0,0.47474747474747475,1.7540106951871657,24.0,24,2.2820365838168777,1.163213209574446,True,True
EXTREME_OPEN,8,FIB_705,2.5,0.0,0.4,0.05,0.5,1742,5.547770700636943,42.13547646383467,827.0,0.47474167623421354,1.820436507936508,19.0,10,2.0969578873629424,1.0689143430808739,True,True
LAST_OPPOSING,3,CISD,2.5,1.2,0.3,0.0,0.5,1506,4.796178343949045,42.69896193771626,714.5,0.47443559096945553,1.8629227053140096,14.0,14,1.8251715636490333,0.8585492346803786,True,True
LAST_OPPOSING,8,FIB_705,2.5,1.2,0.0,0.15,0.25,1500,4.777070063694268,42.15096860387442,711.5,0.47433333333333333,1.821593533487298,14.5,11,2.0238039954575835,1.0612527512753152,True,True
EXTREME_OPEN,8,FIB_705,3.0,0.0,0.3,0.15,0.25,1839,5.856687898089172,36.87363834422658,872.0,0.47417074497009243,1.7523727351164797,21.0,13,2.269514657684089,1.140811095365869,True,True
EXTREME_OPEN,3,FIB_705,3.0,0.0,0.4,0.05,0.5,1675,5.334394904458598,36.857825567502985,794.0,0.47402985074626863,1.7511825922421949,25.0,19,2.264035103904417,1.1378607609139333,True,True
EXTREME_OPEN,8,FIB_705,3.0,0.0,0.4,0.0,0.5,1825,5.812101910828026,36.862314865606145,865.0,0.473972602739726,1.7515204170286707,25.0,16,2.260890337715272,1.1482986010311915,True,True
LAST_OPPOSING,8,CISD,3.0,0.0,0.4,0.15,0.25,1861,5.926751592356688,37.429537767756486,882.0,0.4739387426114992,1.7945945945945947,18.0,15,2.030747605223007,0.9274164240085042,True,True
EXTREME_OPEN,5,FIB_618,2.5,0.0,0.4,0.15,0.25,1570,5.0,42.1455938697318,744.0,0.47388535031847134,1.8211920529801324,13.5,10,1.9887895572567647,1.0048764405583737,True,True
LAST_OPPOSING,5,FIB_705,2.5,0.0,0.4,0.0,0.5,1759,5.601910828025478,42.1172453044963,833.0,0.47356452529846504,1.8190757128810227,21.5,13,2.0900583322751336,1.0802215108709,True,True
LAST_OPPOSING,8,FIB_618,2.5,0.0,0.4,0.15,0.25,1566,4.987261146496815,42.169448010269576,741.5,0.4734993614303959,1.822974472807991,13.5,10,1.972671200579726,0.9989423498594634,True,True
EXTREME_OPEN,5,FIB_705,3.0,0.0,0.4,0.05,0.5,1722,5.484076433121019,36.8390470656595,815.0,0.4732868757259001,1.749770009199632,25.0,17,2.258081807042316,1.1337118338267558,True,True
LAST_OPPOSING,5,FIB_705,3.0,0.0,0.4,0.0,0.5,1754,5.585987261146497,36.857142857142854,830.0,0.4732041049030787,1.751131221719457,27.0,24,2.2541978559557556,1.144319098829849,True,True
LAST_OPPOSING,5,CISD,3.0,1.5,0.0,0.15,0.5,1300,4.140127388535032,37.84461152882205,615.0,0.47307692307692306,1.8266129032258065,19.0,15,1.9717488558481244,0.8924862821191362,True,True
LAST_OPPOSING,3,FIB_705,2.5,1.2,0.0,0.0,0.25,1554,4.949044585987261,42.074742268041234,733.5,0.472007722007722,1.8159065628476085,15.0,10,2.0499297572629107,1.0641852462768613,True,True
LAST_OPPOSING,3,FIB_618,2.5,0.0,0.4,0.0,0.5,1882,5.993630573248407,42.10245464247599,887.5,0.4715727948990436,1.8179723502304148,15.0,11,1.9843155221348099,1.0112876129027233,True,True
LAST_OPPOSING,5,FIB_618,2.5,0.0,0.4,0.15,0.5,1539,4.901273885350318,42.10182767624021,725.5,0.4714100064977258,1.8179255918827508,13.5,10,1.9600336199561095,0.9927737957046564,True,True
LAST_OPPOSING,5,CISD,2.5,1.2,0.3,0.05,0.25,1578,5.025477707006369,42.667551426675516,743.5,0.4711660329531052,1.8605324074074074,17.0,17,1.821902883948803,0.8644809030863431,True,True
EXTREME_OPEN,8,FIB_705,2.5,0.0,0.3,0.15,0.5,1845,5.875796178343949,42.02819956616052,868.5,0.47073170731707314,1.8124415341440598,13.0,12,2.0709171999733553,1.0574415368554608,True,True
LAST_OPPOSING,3,FIB_705,3.0,0.0,0.4,0.0,0.5,1697,5.404458598726115,36.77685950413223,798.0,0.4702416028285209,1.7450980392156863,28.0,24,2.2591243123347837,1.1497010468611604,True,True
LAST_OPPOSING,3,FIB_618,2.5,0.0,0.4,0.05,0.5,1797,5.722929936305732,42.04355108877722,844.5,0.4699499165275459,1.8135838150289016,14.0,10,1.9826173437269572,1.0044185652263593,True,True
EXTREME_OPEN,3,FIB_786,3.0,1.2,0.0,0.05,0.5,1427,4.544585987261146,36.7461430575035,670.0,0.4695164681149264,1.7427937915742793,20.0,14,2.347872933749178,1.237143215876086,True,True
EXTREME_OPEN,3,FIB_786,4.0,0.0,0.3,0.15,0.25,1573,5.009554140127388,29.389312977099237,738.0,0.4691671964399237,1.664864864864865,20.0,16,2.7741150100804335,1.3957782930699576,True,True
LAST_OPPOSING,3,CISD,3.0,1.2,0.3,0.15,0.25,1384,4.407643312101911,37.45203376822717,649.0,0.4689306358381503,1.796319018404908,18.0,16,2.0096249688748458,0.9124534700320847,True,True
LAST_OPPOSING,3,FIB_705,2.5,0.0,0.4,0.05,0.5,1618,5.1528662420382165,41.96538936959209,758.5,0.4687886279357231,1.8077742279020235,25.5,12,2.0869730427401896,1.0701628896777442,True,True
LAST_OPPOSING,3,FIB_705,2.5,1.2,0.0,0.05,0.25,1510,4.808917197452229,41.97612732095491,707.5,0.4685430463576159,1.8085714285714285,15.0,9,2.0498608781669976,1.0656389616435054,True,True
EXTREME_OPEN,3,CISD,2.5,1.2,0.0,0.15,0.25,1854,5.904458598726115,42.55918827508455,868.5,0.4684466019417476,1.852306182531894,14.5,12,1.8130187719447282,0.878064190295083,True,True
LAST_OPPOSING,3,CISD,3.0,1.5,0.0,0.05,0.25,1266,4.031847133757962,37.703513281919456,593.0,0.4684044233807267,1.8156808803301239,24.0,22,1.9873617042893932,0.9082741930557438,True,True
EXTREME_OPEN,5,FIB_786,3.0,1.2,0.0,0.05,0.5,1483,4.722929936305732,36.707152496626186,694.0,0.4679703304113284,1.7398720682302773,19.0,14,2.3436465356812697,1.2359445270327367,True,True
EXTREME_OPEN,3,FIB_786,3.0,1.2,0.0,0.0,0.5,1475,4.697452229299363,36.702849389416556,690.0,0.46779661016949153,1.7395498392282958,18.0,14,2.3447093039164413,1.2369796551681593,True,True
LAST_OPPOSING,5,CISD,2.5,1.2,0.3,0.0,0.25,1599,5.092356687898089,42.539267015706805,747.0,0.46716697936210133,1.8507972665148065,17.0,17,1.81948980377893,0.8671748564499249,True,True
LAST_OPPOSING,5,CISD,2.5,1.5,0.0,0.15,0.25,1318,4.197452229299363,42.799352750809064,615.5,0.4669954476479514,1.8705799151343705,15.5,9,1.8274590088206248,0.8566280127417281,True,True
EXTREME_OPEN,8,FIB_618,2.5,0.0,0.4,0.15,0.25,1587,5.054140127388535,41.94567277321541,741.0,0.4669187145557656,1.8063112078346029,13.5,10,1.9822574663528687,1.0062668142817364,True,True
LAST_OPPOSING,5,FIB_705,2.5,1.2,0.0,0.0,0.25,1689,5.3789808917197455,41.93357058125741,788.5,0.46684428656009475,1.8054136874361593,11.0,9,2.036392439803363,1.063132315729704,True,True
EXTREME_OPEN,8,FIB_705,3.0,0.0,0.4,0.05,0.5,1738,5.535031847133758,36.67242371905584,811.0,0.4666283084004603,1.7372727272727273,28.0,20,2.2508835863260206,1.1346353947106278,True,True
LAST_OPPOSING,3,FIB_705,2.5,0.0,0.3,0.15,0.5,1703,5.423566878980892,41.91651969429747,794.5,0.4665296535525543,1.8041497975708503,14.5,11,2.06607637301619,1.0493411985734737,True,True
EXTREME_OPEN,5,FIB_786,3.0,1.2,0.0,0.0,0.5,1531,4.875796178343949,36.666666666666664,714.0,0.46636185499673416,1.736842105263158,17.0,14,2.34073112947877,1.235824530311828,True,True
LAST_OPPOSING,3,CISD,3.0,1.2,0.3,0.05,0.25,1469,4.678343949044586,37.34679163662581,685.0,0.46630360789652825,1.7882623705408516,16.0,16,2.013673925671336,0.9172135283125868,True,True
LAST_OPPOSING,5,FIB_705,2.5,0.0,0.4,0.05,0.5,1674,5.3312101910828025,41.90077704722056,780.5,0.46624850657108724,1.8029835390946503,27.0,12,2.0823435213658574,1.0663498188944862,True,True
LAST_OPPOSING,5,FIB_786,4.0,0.0,0.3,0.15,0.25,1594,5.076433121019108,29.334170854271356,743.0,0.46612296110414053,1.6604444444444444,27.0,16,2.75344501107603,1.3797666844077985,True,True
EXTREME_OPEN,3,FIB_705,2.5,1.2,0.0,0.15,0.5,1371,4.36624203821656,41.8978102189781,639.0,0.4660831509846827,1.8027638190954773,13.5,9,2.0344580761302247,1.0583133360989887,True,True
LAST_OPPOSING,3,CISD,3.0,0.0,0.4,0.15,0.5,1764,5.617834394904459,37.166567871962066,821.0,0.46541950113378683,1.7745283018867926,16.0,15,2.023356625852364,0.9259601761290133,True,True
LAST_OPPOSING,8,CISD,2.5,1.2,0.3,0.15,0.25,1516,4.828025477707007,42.5207756232687,705.0,0.4650395778364116,1.8493975903614457,17.5,14,1.8232797901026458,0.8646558484523259,True,True
LAST_OPPOSING,8,FIB_705,3.0,0.0,0.4,0.05,0.25,1695,5.398089171974522,36.64302600472813,788.0,0.4648967551622419,1.7350746268656716,27.0,22,2.2703174598537013,1.1503560723632562,True,True
LAST_OPPOSING,5,FIB_705,2.5,0.0,0.3,0.15,0.5,1787,5.691082802547771,41.87219730941704,830.5,0.4647453833240067,1.800867888138862,15.0,11,2.059695629141817,1.0484013695259349,True,True
LAST_OPPOSING,8,FIB_705,2.5,0.0,0.4,0.0,0.5,1782,5.67515923566879,41.853932584269664,827.5,0.4643658810325477,1.7995169082125604,22.5,13,2.0847516477145436,1.0815831194079837,True,True
LAST_OPPOSING,3,FIB_786,4.0,0.0,0.3,0.15,0.25,1521,4.843949044585988,29.295589203423305,706.0,0.4641683103221565,1.6573556797020483,26.0,15,2.760806240674176,1.380396929215335,True,True
LAST_OPPOSING,5,FIB_705,2.5,1.2,0.0,0.05,0.25,1642,5.229299363057325,41.85478950579622,762.0,0.464068209500609,1.7995802728226653,13.5,9,2.0359096878621257,1.0639148009454442,True,True
EXTREME_OPEN,3,FIB_705,2.5,1.2,0.0,0.0,0.25,1636,5.210191082802548,41.8348623853211,759.0,0.4639364303178484,1.7981072555205047,15.0,9,2.068649663998232,1.077077358132778,True,True
EXTREME_OPEN,3,FIB_618,2.5,0.0,0.4,0.15,0.5,1521,4.843949044585988,41.85893210283454,705.5,0.4638395792241946,1.7998866213151927,12.0,10,1.9736113997402318,1.003493713945962,True,True
LAST_OPPOSING,3,CISD,3.0,1.2,0.3,0.0,0.25,1488,4.738853503184713,37.26884779516359,690.0,0.4637096774193548,1.782312925170068,16.0,15,2.0117803672828765,0.9185865894843462,True,True
LAST_OPPOSING,8,CISD,3.0,1.5,0.0,0.15,0.25,1335,4.251592356687898,37.59153783563873,619.0,0.46367041198501874,1.8070404172099088,19.0,15,1.9785573824929419,0.9026887778772655,True,True
EXTREME_OPEN,8,FIB_786,3.0,1.2,0.0,0.05,0.5,1507,4.7993630573248405,36.58698539176627,698.0,0.46317186463171867,1.730890052356021,20.0,15,2.335566443344266,1.2360819594040409,True,True
LAST_OPPOSING,8,FIB_705,3.0,0.0,0.4,0.0,0.5,1777,5.659235668789809,36.60462492949802,823.0,0.4631401238041643,1.7322064056939501,28.0,24,2.248193294611455,1.1456730117119593,True,True
EXTREME_OPEN,5,FIB_786,4.0,0.0,0.3,0.15,0.25,1624,5.171974522292993,29.2667898952557,752.0,0.4630541871921182,1.6550522648083623,21.0,16,2.767108332672055,1.3932077266955807,True,True
EXTREME_OPEN,5,FIB_705,2.5,1.2,0.0,0.0,0.25,1704,5.426751592356688,41.808573106283035,789.0,0.4630281690140845,1.7961654894046417,14.0,10,2.0592183093561687,1.0751823481907097,True,True
EXTREME_OPEN,3,FIB_705,3.0,0.0,0.4,0.15,0.25,1360,4.3312101910828025,36.5710080941869,629.0,0.4625,1.7296983758700697,18.0,16,2.271070760060734,1.1514549392759494,True,True
EXTREME_OPEN,3,FIB_705,2.5,1.2,0.0,0.05,0.25,1583,5.04140127388535,41.78255372945638,731.5,0.46209728363866076,1.794245385450597,14.0,9,2.0710813271691397,1.0789390748455285,True,True
LAST_OPPOSING,5,FIB_705,3.0,0.0,0.4,0.05,0.5,1671,5.321656050955414,36.57074340527578,772.0,0.46199880311190905,1.729678638941399,30.0,22,2.240779248238618,1.1317223250606865,True,True
EXTREME_OPEN,8,FIB_786,3.0,1.2,0.0,0.0,0.5,1555,4.952229299363057,36.55083655083655,718.0,0.4617363344051447,1.7281947261663286,18.0,14,2.3329454514060983,1.2359595724371384,True,True
EXTREME_OPEN,5,FIB_705,2.5,1.2,0.0,0.15,0.5,1435,4.570063694267516,41.77126917712692,662.5,0.4616724738675958,1.7934131736526946,14.5,9,2.026660867245168,1.0570290942165124,True,True
EXTREME_OPEN,5,FIB_705,2.5,1.2,0.0,0.05,0.25,1651,5.25796178343949,41.75757575757576,761.5,0.4612356147789219,1.7924037460978148,14.0,10,2.0612470561784084,1.076906552932899,True,True
EXTREME_OPEN,5,FIB_705,3.0,0.0,0.3,0.15,0.5,1817,5.786624203821656,36.54906284454245,838.0,0.46119977985690697,1.728062554300608,18.0,13,2.238344581331214,1.1268550801551027,True,True
EXTREME_OPEN,3,FIB_705,3.0,0.0,0.3,0.15,0.5,1757,5.595541401273885,36.54503990877993,810.0,0.4610130904951622,1.7277628032345014,16.0,12,2.245202739263708,1.129540181971208,True,True
LAST_OPPOSING,5,FIB_618,2.5,0.0,0.4,0.05,0.5,1859,5.920382165605096,41.792656587473004,857.0,0.46100053792361484,1.794990723562152,14.0,10,1.9734962611584346,1.0063990003169594,True,True
EXTREME_OPEN,3,FIB_618,2.5,0.0,0.4,0.05,0.5,1857,5.914012738853503,41.770102536427416,856.0,0.46095853527194397,1.793327154772938,14.5,11,1.986069106617238,1.0133240349731165,True,True
LAST_OPPOSING,8,CISD,2.5,1.2,0.3,0.05,0.25,1608,5.1210191082802545,42.34527687296417,740.0,0.4601990049751244,1.8361581920903955,17.0,17,1.8201095873895665,0.869101078210294,True,True
LAST_OPPOSING,5,FIB_705,3.0,0.0,0.3,0.15,0.25,1782,5.67515923566879,36.542792792792795,820.0,0.4601571268237935,1.7275953859804791,17.0,12,2.2537362500471225,1.1376484747039384,True,True
LAST_OPPOSING,3,FIB_705,3.0,0.0,0.4,0.05,0.5,1615,5.143312101910828,36.51580905145691,743.0,0.460061919504644,1.7255859375,29.0,22,2.2461569550239755,1.1367547557058753,True,True
LAST_OPPOSING,3,CISD,2.5,1.5,0.0,0.05,0.25,1276,4.063694267515924,42.57095158597663,587.0,0.46003134796238243,1.8531976744186047,18.0,13,1.8273266800089043,0.8667610383279396,True,True
LAST_OPPOSING,3,CISD,3.0,1.5,0.0,0.05,0.5,1263,4.022292993630574,37.48925193465176,581.0,0.4600158353127474,1.7991746905089407,24.0,22,1.9766752007506632,0.9010876078143902,True,True
LAST_OPPOSING,3,FIB_618,2.5,1.2,0.0,0.15,0.25,1513,4.818471337579618,41.766268260292165,695.5,0.4596827495042961,1.7930444697833523,12.5,12,1.9486702782053462,0.9980320243559136,True,True
EXTREME_OPEN,3,FIB_705,2.5,0.0,0.4,0.15,0.5,1362,4.337579617834395,41.70337738619677,626.0,0.45961820851688695,1.7884130982367759,15.0,12,2.078945877522036,1.068150954138204,True,True
EXTREME_OPEN,5,FIB_705,3.0,0.0,0.4,0.15,0.25,1404,4.471337579617835,36.49322879543835,645.0,0.4594017094017094,1.7239057239057238,20.0,17,2.2638425033114014,1.1471194015615254,True,True
EXTREME_OPEN,5,FIB_618,2.5,0.0,0.4,0.15,0.5,1569,4.996815286624204,41.72523961661342,720.5,0.4592096876991714,1.7900219298245614,13.5,10,1.96737262261276,1.0022398918847792,True,True
LAST_OPPOSING,8,FIB_618,2.5,0.0,0.4,0.15,0.5,1565,4.984076433121019,41.74694926140013,718.0,0.45878594249201277,1.7916207276736493,13.5,10,1.951244998879898,0.995219240577271,True,True
LAST_OPPOSING,3,FIB_705,3.0,0.0,0.3,0.15,0.25,1698,5.407643312101911,36.503248670998225,779.0,0.4587750294464075,1.7246511627906977,17.0,12,2.2614834119885066,1.1393790215312825,True,True
LAST_OPPOSING,3,CISD,2.5,1.5,0.0,0.0,0.25,1303,4.149681528662421,42.51839738348323,597.0,0.45817344589409054,1.8492176386913228,18.0,12,1.8255752698092511,0.8678717396947642,True,True
LAST_OPPOSING,5,CISD,3.0,0.0,0.4,0.15,0.5,1830,5.828025477707007,36.998854524627724,838.0,0.45792349726775955,1.7618181818181817,17.0,16,2.0123020082518646,0.9227845261368645,True,True
LAST_OPPOSING,5,CISD,2.5,1.2,0.3,0.15,0.5,1484,4.726114649681529,42.29137199434229,679.0,0.45754716981132076,1.8321078431372548,16.5,14,1.8079288550269268,0.8548344420424306,True,True
LAST_OPPOSING,5,CISD,2.5,1.5,0.0,0.15,0.5,1317,4.194267515923567,42.51012145748988,602.5,0.4574791192103265,1.8485915492957747,15.5,9,1.810298678701151,0.8512729760645333,True,True
LAST_OPPOSING,3,CISD,3.0,1.5,0.0,0.0,0.25,1290,4.10828025477707,37.436762225969645,590.0,0.4573643410852713,1.7951482479784366,24.0,22,1.9835081540192456,0.9105712620796308,True,True
EXTREME_OPEN,8,FIB_705,2.5,1.2,0.0,0.0,0.25,1730,5.509554140127388,41.64256795835743,791.0,0.4572254335260116,1.7839444995044598,12.5,10,2.0514334566909205,1.0765632946588062,True,True
LAST_OPPOSING,8,CISD,2.5,1.2,0.3,0.0,0.25,1629,5.187898089171974,42.22365038560411,743.5,0.45641497851442603,1.8270300333704115,17.0,17,1.8177640650053533,0.8716858589044402,True,True
LAST_OPPOSING,3,FIB_705,2.5,1.2,0.0,0.15,0.5,1340,4.267515923566879,41.62929745889387,611.5,0.45634328358208953,1.7829705505761844,14.5,9,2.019650030926465,1.0519912527509208,True,True
EXTREME_OPEN,5,FIB_705,2.5,0.0,0.4,0.15,0.5,1406,4.477707006369426,41.607396870554766,641.5,0.4562588904694168,1.7813641900121802,15.0,13,2.072695772152569,1.0646643669323224,True,True
EXTREME_OPEN,5,FIB_786,4.0,1.2,0.0,0.15,0.25,1278,4.070063694267516,29.130775254502737,583.0,0.45618153364632236,1.6441988950276243,22.0,14,2.701865233666061,1.391953221319808,True,True
LAST_OPPOSING,8,FIB_705,2.5,0.0,0.4,0.05,0.5,1698,5.407643312101911,41.602828520919275,774.0,0.4558303886925795,1.781029263370333,28.0,12,2.0762195683752327,1.0682301208536562,True,True
LAST_OPPOSING,8,CISD,3.0,1.5,0.0,0.15,0.5,1332,4.24203821656051,37.38775510204081,607.0,0.45570570570570573,1.7913950456323338,19.0,15,1.9624666502476678,0.8957230094089497,True,True
LAST_OPPOSING,5,FIB_786,4.0,0.0,0.4,0.0,0.25,1574,5.012738853503185,29.1163382072473,717.0,0.45552731893265563,1.6430493273542601,31.0,24,2.7889543641423677,1.4323647847671714,True,True
LAST_OPPOSING,3,FIB_618,3.0,0.0,0.4,0.15,0.25,1476,4.7006369426751595,36.444141689373296,672.0,0.45528455284552843,1.720257234726688,18.0,12,2.152894059245311,1.0631194580943064,True,True
EXTREME_OPEN,8,FIB_705,2.5,1.2,0.0,0.05,0.25,1677,5.340764331210191,41.58711217183771,763.5,0.4552772808586762,1.7798774259448418,11.5,10,2.0531847171633477,1.0783044110524636,True,True
EXTREME_OPEN,8,FIB_705,2.5,1.2,0.0,0.15,0.5,1461,4.6528662420382165,41.57534246575342,664.5,0.4548254620123203,1.7790152403282533,13.0,10,2.017531484040425,1.0588130840467038,True,True
EXTREME_OPEN,8,FIB_786,4.0,0.0,0.3,0.15,0.25,1644,5.235668789808917,29.09312233718807,747.0,0.4543795620437956,1.6412017167381974,21.0,16,2.7560428227508322,1.3952643725718392,True,True
LAST_OPPOSING,8,FIB_786,4.0,0.0,0.3,0.15,0.25,1618,5.1528662420382165,29.084158415841582,734.0,0.453646477132262,1.6404886561954626,27.0,16,2.7417931591080853,1.3849763892973455,True,True
LAST_OPPOSING,3,FIB_705,2.5,0.0,0.4,0.15,0.5,1320,4.203821656050955,41.515151515151516,598.0,0.453030303030303,1.7746113989637307,20.0,11,2.06155410433317,1.0607646624770837,True,True
EXTREME_OPEN,3,CISD,2.5,1.2,0.0,0.15,0.5,1852,5.898089171974522,42.09932279909707,839.0,0.453023758099352,1.8177387914230019,14.5,12,1.793580678543211,0.8737876114867199,True,True
LAST_OPPOSING,8,FIB_705,2.5,1.2,0.0,0.0,0.25,1727,5.5,41.53132250580047,782.0,0.4528083381586566,1.7757936507936507,13.5,9,2.0241655993644803,1.0680616812328414,True,True
EXTREME_OPEN,8,FIB_705,3.0,0.0,0.3,0.15,0.5,1839,5.856687898089172,36.32897603485839,832.0,0.4524197933659598,1.7117194183062447,21.0,13,2.2283403425245663,1.1291039800433997,True,True
EXTREME_OPEN,8,FIB_618,2.5,0.0,0.4,0.15,0.5,1586,5.050955414012739,41.529709228824274,717.5,0.45239596469104665,1.7756756756756757,13.5,10,1.960927085802594,1.003656999718,True,True
EXTREME_OPEN,8,FIB_786,4.0,1.2,0.0,0.15,0.25,1302,4.146496815286624,29.054573405073018,589.0,0.4523809523809524,1.638136511375948,19.0,14,2.6912536126738913,1.3916244649931429,True,True
EXTREME_OPEN,3,FIB_786,4.0,0.0,0.4,0.05,0.25,1501,4.780254777070064,29.047301798800802,679.0,0.45236508994004,1.6375586854460094,24.0,23,2.792422977718798,1.4210270676859962,True,True
LAST_OPPOSING,5,CISD,4.0,0.0,0.4,0.15,0.25,1773,5.646496815286624,29.73300970873786,802.0,0.45234066553863506,1.692573402417962,21.0,16,2.310547023684883,0.9991805957971692,True,True
LAST_OPPOSING,5,FIB_618,2.5,1.2,0.0,0.15,0.25,1648,5.248407643312102,41.5497254423429,744.5,0.4517597087378641,1.7771398747390397,13.5,12,1.931390867564706,0.9986432741342203,True,True
LAST_OPPOSING,3,FIB_786,4.0,0.0,0.4,0.0,0.25,1523,4.850318471337579,29.0407358738502,688.0,0.45173998686802364,1.637037037037037,31.0,24,2.79353171303341,1.4383674348394628,True,True
EXTREME_OPEN,8,FIB_705,3.0,0.0,0.4,0.15,0.25,1420,4.522292993630574,36.29316420014094,641.0,0.45140845070422536,1.709070796460177,23.0,19,2.255435276243604,1.1485290020246255,True,True
LAST_OPPOSING,5,FIB_705,3.0,0.0,0.4,0.15,0.25,1372,4.369426751592357,36.30387143900657,619.0,0.4511661807580175,1.709862385321101,22.0,22,2.245229827120806,1.1430640585495855,True,True
LAST_OPPOSING,3,FIB_705,3.0,0.0,0.4,0.15,0.25,1319,4.2006369426751595,36.29460895975703,595.0,0.45109931766489764,1.7091775923718713,23.0,22,2.251459692161921,1.1467107665503142,True,True
LAST_OPPOSING,8,FIB_705,2.5,0.0,0.3,0.15,0.5,1816,5.7834394904458595,41.478212906784336,819.0,0.45099118942731276,1.77191328934967,16.0,11,2.0518063023582025,1.053675413244327,True,True
LAST_OPPOSING,8,CISD,2.5,1.5,0.0,0.15,0.25,1350,4.2993630573248405,42.325949367088604,608.5,0.4507407407407407,1.8347050754458163,15.5,9,1.821136048831977,0.8603511222816932,True,True
LAST_OPPOSING,8,FIB_705,3.0,0.0,0.4,0.05,0.5,1695,5.398089171974522,36.28841607565012,764.0,0.45073746312684365,1.7087198515769944,31.0,22,2.233912396203088,1.1335380028660935,True,True
EXTREME_OPEN,3,CISD,2.5,0.0,0.4,0.15,0.5,1821,5.7993630573248405,41.80790960451977,820.0,0.4503020318506315,1.796116504854369,14.0,12,1.792661003525216,0.8846354824806535,True,True
EXTREME_OPEN,3,FIB_618,3.0,0.0,0.4,0.15,0.25,1516,4.828025477707007,36.29139072847682,682.0,0.449868073878628,1.708939708939709,14.0,12,2.157258911457739,1.0712321645113279,True,True
LAST_OPPOSING,5,FIB_705,2.5,1.2,0.0,0.15,0.5,1465,4.665605095541402,41.4500683994528,659.0,0.4498293515358362,1.769859813084112,12.5,9,2.0045477409684618,1.0490004758455094,True,True
LAST_OPPOSING,8,FIB_705,2.5,1.2,0.0,0.05,0.25,1680,5.350318471337579,41.44305307096005,755.5,0.44970238095238096,1.7693482688391038,16.0,9,2.02335170639535,1.0689643722464683,True,True
EXTREME_OPEN,5,FIB_786,4.0,0.0,0.4,0.05,0.25,1542,4.910828025477707,28.98832684824903,693.0,0.4494163424124514,1.632876712328767,24.0,23,2.7839297968298418,1.4148821065148922,True,True
LAST_OPPOSING,5,FIB_786,4.0,0.0,0.4,0.05,0.25,1494,4.75796178343949,28.98259705488621,671.0,0.44912985274431055,1.6324222431668238,33.0,22,2.771957526989618,1.4050635050035334,True,True
LAST_OPPOSING,8,CISD,3.0,0.0,0.4,0.15,0.5,1857,5.914012738853503,36.77966101694915,834.0,0.4491114701130856,1.7453083109919572,18.0,17,2.0069475607534284,0.9239418295974996,True,True
LAST_OPPOSING,3,CISD,3.0,1.5,0.0,0.0,0.5,1287,4.098726114649682,37.22504230118444,578.0,0.4491064491064491,1.778975741239892,24.0,22,1.9726981908993708,0.9032901309357257,True,True
LAST_OPPOSING,5,FIB_705,2.5,0.0,0.4,0.15,0.5,1373,4.372611464968153,41.39941690962099,616.0,0.44865258557902404,1.7661691542288558,20.0,11,2.0566615393676493,1.0584166611915247,True,True
LAST_OPPOSING,5,CISD,2.5,1.2,0.3,0.05,0.5,1576,5.019108280254777,41.993355481727576,707.0,0.4486040609137056,1.8098510882016037,17.0,17,1.8067798070580432,0.8609393082315633,True,True
LAST_OPPOSING,5,FIB_618,3.0,0.0,0.4,0.15,0.25,1534,4.885350318471337,36.26229508196721,687.0,0.44784876140808344,1.7067901234567902,19.0,13,2.141244809325485,1.0653435884789744,True,True
LAST_OPPOSING,5,FIB_786,4.0,1.2,0.0,0.15,0.25,1300,4.140127388535032,28.96764252696456,582.0,0.44769230769230767,1.6312364425162689,38.0,16,2.6814789448163996,1.3803142770456605,True,True
EXTREME_OPEN,3,FIB_786,4.0,0.0,0.4,0.0,0.25,1586,5.050955414012739,28.9589905362776,710.0,0.44766708701134933,1.630550621669627,28.0,25,2.803152553230911,1.451863448993589,True,True
LAST_OPPOSING,8,FIB_786,4.0,0.0,0.4,0.0,0.25,1593,5.073248407643312,28.957286432160807,713.0,0.4475831763967357,1.6304155614500442,31.0,24,2.7811272362764194,1.4325394576192783,True,True
LAST_OPPOSING,3,CISD,2.5,1.5,0.0,0.05,0.5,1275,4.060509554140127,42.18880534670008,570.5,0.44745098039215686,1.824421965317919,18.0,13,1.8122290034606259,0.8633090521761392,True,True
EXTREME_OPEN,8,FIB_705,2.5,0.0,0.4,0.15,0.5,1422,4.528662420382165,41.35021097046413,636.0,0.4472573839662447,1.7625899280575539,16.5,13,2.065008060742733,1.0665700689621964,True,True
LAST_OPPOSING,3,FIB_618,3.0,0.0,0.4,0.0,0.25,1876,5.974522292993631,36.227224008574495,838.0,0.4466950959488273,1.7042016806722688,19.0,14,2.166446025605671,1.090486366568931,True,True
LAST_OPPOSING,5,CISD,3.0,1.5,0.0,0.05,0.25,1391,4.429936305732484,37.13838936669273,621.0,0.4464414090582315,1.7723880597014925,23.0,16,1.9671479543242085,0.9113758048830656,True,True
LAST_OPPOSING,3,FIB_786,4.0,0.0,0.4,0.05,0.25,1445,4.601910828025478,28.92733564013841,645.0,0.4463667820069204,1.6280428432327168,34.0,22,2.7771289534209775,1.4102341269603842,True,True
EXTREME_OPEN,5,FIB_786,4.0,0.0,0.4,0.0,0.25,1629,5.187898089171974,28.93120393120393,727.0,0.4462860650705955,1.6283491789109767,28.0,25,2.795457211016637,1.4450734943529713,True,True
LAST_OPPOSING,8,CISD,2.5,1.2,0.3,0.15,0.5,1514,4.821656050955414,41.955617198335645,675.5,0.4461690885072655,1.8070489844683393,17.5,14,1.8056250969825116,0.8596451160619051,True,True
LAST_OPPOSING,3,FIB_618,3.0,0.0,0.4,0.05,0.25,1787,5.691082802547771,36.20011242270939,797.0,0.4459988808058198,1.7022026431718063,16.0,13,2.1650496166878477,1.0785919346051576,True,True
LAST_OPPOSING,3,CISD,2.5,1.5,0.0,0.0,0.5,1302,4.146496815286624,42.14402618657938,580.5,0.44585253456221197,1.8210749646393212,18.0,12,1.8104705953185112,0.8642823817824138,True,True
LAST_OPPOSING,8,FIB_705,3.0,0.0,0.3,0.15,0.25,1811,5.767515923566879,36.177285318559555,807.0,0.44561016013252347,1.7005208333333333,18.0,13,2.244518616798738,1.1428633321332922,True,True
LAST_OPPOSING,5,CISD,2.5,1.2,0.3,0.0,0.5,1597,5.085987261146497,41.87418086500656,710.5,0.4448966812773951,1.8010146561443066,17.0,17,1.804633362595124,0.8634720061839781,True,True
LAST_OPPOSING,3,CISD,4.0,0.0,0.4,0.15,0.25,1709,5.442675159235669,29.559748427672954,760.0,0.4447045055588063,1.6785714285714286,20.0,15,2.3212641377442664,1.0044034658140877,True,True
LAST_OPPOSING,3,FIB_618,2.5,1.2,0.0,0.15,0.5,1512,4.8152866242038215,41.328903654485046,672.0,0.4444444444444444,1.7610419026047566,12.5,12,1.926463976840961,0.987912623950579,True,True
EXTREME_OPEN,5,FIB_618,2.5,1.2,0.0,0.15,0.25,1610,5.127388535031847,41.308411214953274,715.5,0.44440993788819877,1.7595541401273886,14.5,12,1.9493196578518628,1.0091433765842208,True,True
EXTREME_OPEN,3,FIB_618,3.0,0.0,0.4,0.05,0.25,1849,5.888535031847134,36.13673358654368,821.0,0.4440237966468361,1.697536108751062,14.0,13,2.1710565447446064,1.0847928075874047,True,True
EXTREME_OPEN,5,FIB_705,4.0,0.0,0.4,0.0,0.25,1804,5.745222929936306,28.888888888888886,800.0,0.4434589800443459,1.625,30.0,19,2.5860326359622294,1.2741088639907192,True,True
LAST_OPPOSING,3,CISD,3.0,1.2,0.3,0.15,0.5,1381,4.398089171974522,36.769230769230774,612.0,0.44315713251267197,1.7445255474452555,18.0,16,1.9894115184408239,0.9094124314438001,True,True
EXTREME_OPEN,3,FIB_705,4.0,0.0,0.4,0.0,0.25,1756,5.592356687898089,28.881278538812786,778.0,0.4430523917995444,1.624398073836276,30.0,19,2.592487270395454,1.2799564018731135,True,True
EXTREME_OPEN,8,FIB_786,4.0,0.0,0.4,0.05,0.25,1556,4.955414012738854,28.856041131105396,689.0,0.44280205655526994,1.6224028906955736,24.0,23,2.775929500173542,1.4154509922338616,True,True
LAST_OPPOSING,5,FIB_705,3.0,0.0,0.3,0.15,0.5,1782,5.67515923566879,36.09234234234234,788.0,0.44219977553310885,1.694273127753304,18.0,12,2.2173887023951675,1.122079225733291,True,True
EXTREME_OPEN,3,FIB_618,2.5,1.2,0.0,0.15,0.25,1535,4.888535031847134,41.24183006535947,678.5,0.4420195439739414,1.7547274749721913,14.5,12,1.9517267425894866,1.012477178277383,True,True
LAST_OPPOSING,3,CISD,3.0,1.2,0.3,0.05,0.5,1466,4.6687898089171975,36.70520231213873,648.0,0.44201909959072305,1.7397260273972603,16.0,16,1.9930758071370855,0.9134055266271425,True,True
LAST_OPPOSING,3,FIB_618,3.0,1.2,0.0,0.15,0.25,1500,4.777070063694268,36.1316319677636,663.0,0.442,1.6971608832807572,19.0,12,2.122134016178808,1.0618691758518248,True,True
LAST_OPPOSING,8,CISD,2.5,1.5,0.0,0.15,0.5,1349,4.296178343949045,42.042755344418055,595.5,0.4414381022979985,1.8135245901639345,15.5,9,1.8040664280321133,0.8548808253225334,True,True
LAST_OPPOSING,8,CISD,4.0,0.0,0.4,0.15,0.25,1799,5.729299363057325,29.503291442250152,794.0,0.4413563090605892,1.6740237691001698,22.0,17,2.3038116778719617,1.000399563315588,True,True
LAST_OPPOSING,5,FIB_618,3.0,0.0,0.4,0.05,0.25,1849,5.888535031847134,36.08695652173913,816.0,0.4413196322336398,1.6938775510204083,16.0,13,2.155157407525889,1.0795146466491445,True,True
EXTREME_OPEN,5,FIB_618,3.0,0.0,0.4,0.15,0.25,1564,4.980891719745223,36.071887034659824,690.0,0.4411764705882353,1.6927710843373494,16.0,13,2.1507533572583086,1.0699019928826818,True,True
EXTREME_OPEN,3,CISD,3.0,1.2,0.0,0.15,0.25,1825,5.812101910828026,36.734693877551024,805.0,0.4410958904109589,1.7419354838709677,21.0,15,1.9760114579194723,0.9289186382760992,True,True
LAST_OPPOSING,3,CISD,4.0,1.2,0.0,0.15,0.25,1760,5.6050955414012735,29.706066291432144,776.0,0.4409090909090909,1.690391459074733,27.0,18,2.346525193042921,0.9914813772493661,True,True
LAST_OPPOSING,8,FIB_786,4.0,0.0,0.4,0.05,0.25,1513,4.818471337579618,28.816920026437543,667.0,0.44084600132187707,1.6193129062209841,34.0,22,2.7639299825186634,1.4055902585851037,True,True
EXTREME_OPEN,8,FIB_786,4.0,0.0,0.4,0.0,0.25,1643,5.232484076433121,28.806333739342264,723.0,0.44004869141813757,1.6184773310521814,28.0,25,2.7877823203314165,1.4453549957217986,True,True
LAST_OPPOSING,3,FIB_705,3.0,0.0,0.3,0.15,0.5,1698,5.407643312101911,36.03071470761961,747.0,0.43992932862190814,1.6897506925207757,17.0,12,2.22388446242937,1.1245032365893584,True,True
LAST_OPPOSING,3,CISD,3.0,1.2,0.3,0.0,0.5,1485,4.729299363057325,36.63578047042053,653.0,0.43973063973063975,1.734533183352081,16.0,15,1.9912932937897323,0.9146506681744401,True,True
EXTREME_OPEN,5,FIB_705,3.0,0.0,0.4,0.15,0.5,1404,4.471337579617835,35.994297933000716,617.0,0.43945868945868943,1.6870824053452116,24.0,17,2.224890355342244,1.1336885354945616,True,True
LAST_OPPOSING,5,CISD,3.0,1.2,0.3,0.15,0.25,1466,4.6687898089171975,36.700581395348834,644.0,0.4392905866302865,1.7393800229621126,16.0,15,1.9852936453949293,0.9185291603143955,True,True
EXTREME_OPEN,8,FIB_705,4.0,0.0,0.4,0.0,0.25,1820,5.796178343949045,28.799559471365637,799.0,0.439010989010989,1.6179427687548338,30.0,19,2.5785916196834973,1.2740922712757388,True,True
EXTREME_OPEN,3,FIB_705,3.0,0.0,0.4,0.15,0.5,1360,4.3312101910828025,35.98233995584989,597.0,0.4389705882352941,1.686206896551724,21.0,16,2.2313587696528665,1.1385036087047622,True,True
LAST_OPPOSING,5,CISD,3.0,1.5,0.0,0.05,0.5,1388,4.420382165605096,36.94117647058823,609.0,0.4387608069164265,1.757462686567164,23.0,16,1.954721578087462,0.9041113066628854,True,True
LAST_OPPOSING,3,FIB_786,4.0,1.2,0.0,0.0,0.25,1395,4.442675159235669,28.786791098348885,612.0,0.43870967741935485,1.6169354838709677,29.0,17,2.694101843700135,1.379026168901525,True,True
EXTREME_OPEN,8,FIB_618,2.5,1.2,0.0,0.15,0.25,1641,5.226114649681529,41.136919315403425,719.5,0.4384521633150518,1.7471443406022846,14.5,12,1.940676058796652,1.0097337252026442,True,True
EXTREME_OPEN,3,FIB_705,3.0,1.2,0.0,0.15,0.25,1365,4.3471337579617835,35.97650513950074,598.0,0.4380952380952381,1.6857798165137614,17.0,15,2.2235776912289666,1.1453576276042872,True,True
EXTREME_OPEN,5,FIB_705,3.0,1.2,0.0,0.15,0.25,1429,4.550955414012739,35.97475455820477,626.0,0.43806857942617217,1.6856516976998905,18.0,14,2.216093698916061,1.143757909617068,True,True
LAST_OPPOSING,8,CISD,2.5,1.2,0.3,0.05,0.5,1606,5.114649681528663,41.68297455968688,703.5,0.4380448318804483,1.7869127516778522,17.0,17,1.8046294843680197,0.865360363324845,True,True
EXTREME_OPEN,3,FIB_705,4.0,0.0,0.4,0.05,0.25,1667,5.308917197452229,28.768768768768773,730.0,0.4379124175164967,1.615514333895447,27.0,19,2.5907399551935564,1.2643713779073218,True,True
LAST_OPPOSING,8,FIB_705,3.0,0.0,0.4,0.15,0.25,1396,4.445859872611465,35.96554199569275,611.0,0.4376790830945559,1.6849775784753362,22.0,22,2.237114452740806,1.1454564662604831,True,True
LAST_OPPOSING,5,CISD,3.0,1.5,0.0,0.0,0.25,1417,4.512738853503185,36.92307692307693,620.0,0.43754410726887794,1.7560975609756098,23.0,16,1.9643678553373136,0.9136172355388266,True,True
LAST_OPPOSING,5,FIB_705,3.0,0.0,0.4,0.15,0.5,1372,4.369426751592357,35.93864134404675,599.0,0.43658892128279886,1.6830102622576968,24.0,22,2.211301885231015,1.1261148292268015,True,True
LAST_OPPOSING,8,FIB_705,2.5,0.0,0.4,0.15,0.5,1397,4.449044585987261,41.04584527220631,609.5,0.43629205440229063,1.7405832320777643,21.0,11,2.0496593170268307,1.0608383852513252,True,True
LAST_OPPOSING,5,CISD,2.5,1.5,0.0,0.05,0.25,1408,4.484076433121019,41.88163884673748,614.0,0.43607954545454547,1.8015665796344646,16.5,11,1.8101454637197905,0.8698495275181682,True,True
LAST_OPPOSING,3,FIB_705,3.0,0.0,0.4,0.15,0.5,1319,4.2006369426751595,35.91495823842065,575.0,0.4359363153904473,1.6812796208530805,23.0,22,2.2175760257378845,1.1302263440696712,True,True
LAST_OPPOSING,5,FIB_618,3.0,1.2,0.0,0.15,0.25,1634,5.203821656050955,35.98765432098766,712.0,0.4357405140758874,1.686595949855352,13.0,12,2.1011162057032062,1.0622108042240859,True,True
LAST_OPPOSING,5,FIB_618,2.5,1.2,0.0,0.15,0.5,1647,5.245222929936306,41.08669108669108,717.5,0.4356405585913783,1.7435233160621761,13.5,12,1.9103341006940942,0.9888149160005939,True,True
LAST_OPPOSING,5,CISD,2.5,1.5,0.0,0.0,0.25,1437,4.576433121019108,41.858736059479554,625.5,0.4352818371607516,1.7998721227621484,16.5,11,1.8089527409603994,0.8710563710183916,True,True
LAST_OPPOSING,3,CISD,4.0,1.2,0.0,0.15,0.5,1755,5.589171974522293,29.585427135678394,763.0,0.43475783475783475,1.68064228367529,27.0,16,2.3211686031911776,0.9813507657040049,True,True
LAST_OPPOSING,5,FIB_705,4.0,0.0,0.4,0.0,0.25,1744,5.554140127388535,28.727691421991942,758.0,0.43463302752293576,1.6122778675282714,29.0,28,2.574836415829993,1.2699485729375437,True,True
LAST_OPPOSING,8,CISD,2.5,1.2,0.3,0.0,0.5,1627,5.181528662420382,41.57014157014157,707.0,0.43454210202827287,1.77863436123348,17.0,17,1.8025503724867706,0.8677892978503813,True,True
LAST_OPPOSING,8,FIB_618,2.5,1.2,0.0,0.15,0.25,1685,5.36624203821656,41.05011933174224,732.0,0.4344213649851632,1.7408906882591093,13.5,12,1.9215074445222176,1.0044126582985426,True,True
EXTREME_OPEN,5,FIB_705,4.0,0.0,0.4,0.05,0.25,1713,5.455414012738854,28.696668614845123,744.0,0.4343257443082312,1.6098360655737705,27.0,18,2.581696543855193,1.2594866285018005,True,True
LAST_OPPOSING,5,CISD,3.0,1.2,0.3,0.05,0.25,1556,4.955414012738854,36.51877133105802,675.0,0.4338046272493573,1.7258064516129032,19.0,18,1.9881767012572227,0.9239826412002861,True,True
EXTREME_OPEN,8,FIB_618,3.0,0.0,0.4,0.15,0.25,1581,5.035031847133758,35.87301587301587,685.0,0.433270082226439,1.6782178217821782,16.0,14,2.143314896452933,1.0712964304063906,True,True
LAST_OPPOSING,8,FIB_786,4.0,1.2,0.0,0.15,0.25,1331,4.238853503184713,28.66817155756208,576.0,0.43275732531930877,1.6075949367088607,38.0,16,2.6623932451308954,1.3830540965063192,True,True
LAST_OPPOSING,5,FIB_786,4.0,1.2,0.0,0.0,0.25,1509,4.805732484076433,28.666224286662246,653.0,0.43273691186216034,1.6074418604651164,32.0,19,2.672594521492806,1.3811472615066698,True,True
LAST_OPPOSING,8,CISD,3.0,1.5,0.0,0.05,0.25,1424,4.535031847133758,36.773700305810394,616.0,0.43258426966292135,1.7448609431680775,20.0,16,1.9604378494885384,0.9138042823543905,True,True
LAST_OPPOSING,8,FIB_705,2.5,1.2,0.0,0.15,0.5,1500,4.777070063694268,40.94856379425518,648.5,0.43233333333333335,1.7335972850678734,14.5,11,1.9913543803326812,1.055227854096339,True,True
LAST_OPPOSING,8,FIB_618,3.0,0.0,0.4,0.15,0.25,1560,4.968152866242038,35.87096774193548,674.0,0.43205128205128207,1.6780684104627765,19.0,13,2.131055126074178,1.0680452426047466,True,True
EXTREME_OPEN,5,FIB_786,4.0,0.0,0.4,0.15,0.25,1257,4.003184713375796,28.639618138424822,543.0,0.431980906921241,1.605351170568562,21.0,21,2.7448613560400625,1.4029011278039623,True,True
EXTREME_OPEN,8,FIB_705,3.0,0.0,0.4,0.15,0.5,1420,4.522292993630574,35.79985905567301,613.0,0.4316901408450704,1.6728869374313942,27.0,19,2.2164541269072298,1.1348191845012412,True,True
EXTREME_OPEN,3,FIB_786,4.0,1.2,0.0,0.0,0.25,1471,4.6847133757961785,28.639455782312922,635.0,0.43167912984364376,1.6053384175405148,21.0,18,2.6948522272124618,1.4002390147265942,True,True
EXTREME_OPEN,8,FIB_705,3.0,1.2,0.0,0.15,0.25,1455,4.63375796178344,35.81267217630854,628.0,0.4316151202749141,1.6738197424892705,18.0,14,2.2064945024107345,1.1447735860186217,True,True
EXTREME_OPEN,5,FIB_786,4.0,1.2,0.0,0.0,0.25,1527,4.8630573248407645,28.636959370904325,659.0,0.4315651604453176,1.6051423324150598,23.0,18,2.6926471417180498,1.3988511222253672,True,True
EXTREME_OPEN,3,FIB_618,3.0,1.2,0.0,0.15,0.25,1525,4.856687898089172,35.84158415841584,657.0,0.4308196721311475,1.6759259259259258,15.0,12,2.1242392706084745,1.0725531076430763,True,True
EXTREME_OPEN,3,FIB_705,2.5,1.2,0.0,0.0,0.5,1635,5.207006369426751,40.8812729498164,704.0,0.43058103975535167,1.7287784679089027,15.0,9,2.0303800352279047,1.0692307527250113,True,True
EXTREME_OPEN,3,CISD,3.0,0.0,0.4,0.15,0.25,1794,5.713375796178344,36.247086247086244,772.0,0.43032329988851725,1.7056672760511884,18.0,13,1.9826284208459273,0.9418538809655193,True,True
LAST_OPPOSING,5,FIB_786,4.0,0.0,0.4,0.0,0.5,1571,5.003184713375796,28.616953473550033,676.0,0.43029917250159133,1.6035714285714286,31.0,24,2.716449832588502,1.3941415403507267,True,True
LAST_OPPOSING,3,FIB_705,2.5,1.2,0.0,0.0,0.5,1553,4.945859872611465,40.87685364281109,668.0,0.4301352221506761,1.728462377317339,15.0,10,2.016113131862849,1.059055687925961,True,True
LAST_OPPOSING,3,FIB_705,4.0,0.0,0.4,0.0,0.25,1686,5.369426751592357,28.63095238095238,725.0,0.43001186239620404,1.6046705587989991,29.0,28,2.5790218160824625,1.2751265076819511,True,True
LAST_OPPOSING,5,CISD,3.0,1.5,0.0,0.0,0.5,1414,4.503184713375796,36.7283950617284,608.0,0.42998585572843,1.7414634146341463,23.0,16,1.9518264198165098,0.9062324376296975,True,True
LAST_OPPOSING,5,CISD,3.0,1.2,0.3,0.0,0.25,1577,5.022292993630574,36.4064602960969,678.0,0.4299302473050095,1.7174603174603174,19.0,18,1.9856468027101932,0.9262864426764904,True,True
EXTREME_OPEN,8,FIB_705,4.0,0.0,0.4,0.05,0.25,1729,5.506369426751593,28.604516502605676,743.0,0.42972816657027185,1.6025952960259529,27.0,20,2.5739040209207924,1.259604475249376,True,True
LAST_OPPOSING,3,FIB_786,4.0,1.2,0.0,0.05,0.25,1355,4.3152866242038215,28.60310421286031,582.0,0.42952029520295204,1.6024844720496894,29.0,17,2.694267453217448,1.3810597734221115,True,True
EXTREME_OPEN,5,FIB_705,2.5,1.2,0.0,0.0,0.5,1703,5.423566878980892,40.83431257344301,730.5,0.4289489136817381,1.7254220456802383,14.0,10,2.0228828297119135,1.067431946275498,True,True
EXTREME_OPEN,3,FIB_705,2.5,1.2,0.0,0.05,0.5,1583,5.04140127388535,40.83438685208597,679.0,0.42893240682248895,1.7254273504273505,14.0,9,2.03297505156122,1.0710396046513748,True,True
LAST_OPPOSING,8,CISD,3.0,1.2,0.3,0.15,0.25,1495,4.761146496815287,36.421952957947255,641.0,0.4287625418060201,1.718609865470852,17.0,15,1.9811289843845021,0.9226032419116262,True,True
EXTREME_OPEN,8,FIB_786,4.0,1.2,0.0,0.0,0.25,1551,4.939490445859873,28.580645161290324,665.0,0.42875564152159895,1.6007226738934055,24.0,17,2.6831814000317347,1.3980551569435338,True,True
EXTREME_OPEN,5,FIB_618,3.0,1.2,0.0,0.15,0.25,1598,5.089171974522293,35.79080025204789,685.0,0.4286608260325407,1.6722276741903828,13.0,12,2.117346109995775,1.0710441815602934,True,True
LAST_OPPOSING,5,FIB_705,2.5,1.2,0.0,0.0,0.5,1688,5.375796178343949,40.83086053412463,723.0,0.4283175355450237,1.7251755265797393,12.5,9,2.0036345413334153,1.0562880526112461,True,True
LAST_OPPOSING,8,FIB_618,3.0,0.0,0.4,0.05,0.25,1875,5.971337579617835,35.76407506702413,803.0,0.4282666666666667,1.6702838063439065,16.0,13,2.146486669699089,1.0815659175418273,True,True
LAST_OPPOSING,8,FIB_705,3.0,0.0,0.3,0.15,0.5,1811,5.767515923566879,35.73407202216066,775.0,0.42794036443953615,1.668103448275862,19.0,13,2.2083668906112983,1.126990748021568,True,True
EXTREME_OPEN,5,FIB_705,2.5,1.2,0.0,0.05,0.5,1651,5.25796178343949,40.78787878787879,705.5,0.4273167777104785,1.7221084953940635,14.0,10,2.025134832236933,1.0691096414081807,True,True
LAST_OPPOSING,3,FIB_705,2.5,1.2,0.0,0.05,0.5,1510,4.808917197452229,40.782493368700266,644.5,0.42682119205298014,1.7217245240761478,15.0,9,2.0167475865831888,1.0605672974470413,True,True
LAST_OPPOSING,3,FIB_618,2.5,1.2,0.0,0.05,0.25,1687,5.372611464968153,40.79809410363311,718.5,0.42590397154712506,1.7228370221327969,19.0,15,1.9287470597381775,1.008328109548656,True,True
EXTREME_OPEN,5,FIB_618,2.5,1.2,0.0,0.15,0.5,1609,5.124203821656051,40.77306733167082,685.0,0.4257302672467371,1.7210526315789474,14.5,12,1.9267301835564574,1.0003568430740277,True,True
LAST_OPPOSING,5,FIB_705,2.5,1.2,0.0,0.05,0.5,1642,5.229299363057325,40.75655887736425,699.0,0.42570036540803896,1.7198764160659115,13.5,9,2.0038656651599784,1.0571285231833152,True,True
LAST_OPPOSING,3,FIB_786,4.0,0.0,0.4,0.0,0.5,1520,4.840764331210191,28.52437417654809,647.0,0.4256578947368421,1.5963133640552996,31.0,24,2.722560177134222,1.4003978105334023,True,True
LAST_OPPOSING,5,FIB_705,3.0,1.2,0.0,0.15,0.25,1460,4.649681528662421,35.670103092783506,621.0,0.42534246575342466,1.6634615384615385,20.0,14,2.1878070377536454,1.137212723279472,True,True
EXTREME_OPEN,5,CISD,3.0,0.0,0.4,0.15,0.25,1858,5.917197452229299,36.13303269447576,790.0,0.4251883745963401,1.6972639011473962,22.0,14,1.9732434664307976,0.9384836755171381,True,True
LAST_OPPOSING,8,CISD,3.0,1.5,0.0,0.05,0.5,1421,4.525477707006369,36.579754601226995,604.0,0.4250527797325827,1.7303506650544136,20.0,16,1.9477748451351997,0.9064646857954679,True,True
EXTREME_OPEN,3,FIB_618,2.5,1.2,0.0,0.15,0.5,1534,4.885350318471337,40.745585349901894,651.5,0.42470664928292046,1.719094922737307,14.5,12,1.929361982146274,1.0039005883078636,True,True
LAST_OPPOSING,5,CISD,2.5,1.5,0.0,0.05,0.5,1407,4.480891719745223,41.53378891419894,597.5,0.4246624022743426,1.775974025974026,16.5,11,1.7947566310654772,0.8657116197066479,True,True
LAST_OPPOSING,8,CISD,3.0,1.5,0.0,0.0,0.25,1450,4.617834394904459,36.56884875846501,615.0,0.4241379310344828,1.7295373665480427,20.0,16,1.9578413408411575,0.9159511560267759,True,True
LAST_OPPOSING,5,CISD,2.5,1.5,0.0,0.0,0.5,1436,4.573248407643312,41.517857142857146,609.0,0.42409470752089135,1.7748091603053435,16.5,11,1.793537973326793,0.8667676126733856,True,True
EXTREME_OPEN,8,FIB_786,4.0,0.0,0.4,0.15,0.25,1271,4.047770700636943,28.481510621557828,539.0,0.4240755310778914,1.592959295929593,21.0,21,2.7354974666410494,1.4037295462781318,True,True
LAST_OPPOSING,8,CISD,3.0,1.2,0.3,0.05,0.25,1585,5.047770700636943,36.26005361930295,672.0,0.42397476340694007,1.7066246056782335,19.0,18,1.9841957695029038,0.9277256071574904,True,True
EXTREME_OPEN,5,FIB_786,4.0,1.2,0.0,0.05,0.25,1479,4.710191082802548,28.484438430311233,627.0,0.4239350912778905,1.5931882686849574,20.0,18,2.6939666925288845,1.4019643543188145,True,True
EXTREME_OPEN,3,FIB_786,4.0,1.2,0.0,0.05,0.25,1423,4.531847133757962,28.48101265822785,603.0,0.42375263527758256,1.592920353982301,18.0,18,2.6962980878961975,1.403521579102045,True,True
EXTREME_OPEN,8,FIB_705,2.5,1.2,0.0,0.0,0.5,1729,5.506369426751593,40.682870370370374,732.5,0.4236552920763447,1.7146341463414634,12.5,10,2.015105402289609,1.0685042231002368,True,True
LAST_OPPOSING,5,FIB_786,4.0,1.2,0.0,0.05,0.25,1466,4.6687898089171975,28.48360655737705,621.0,0.42360163710777626,1.5931232091690544,32.0,19,2.67216965736339,1.3828842965204122,True,True
EXTREME_OPEN,8,FIB_618,3.0,1.2,0.0,0.15,0.25,1629,5.187898089171974,35.66131025957973,690.0,0.42357274401473294,1.6628242074927955,15.0,12,2.1074272297047005,1.0711091447319852,True,True
LAST_OPPOSING,5,FIB_705,4.0,0.0,0.4,0.05,0.25,1658,5.280254777070064,28.49364791288566,702.0,0.4234016887816647,1.5939086294416243,26.0,26,2.5645692804269338,1.2573520640819136,True,True
LAST_OPPOSING,8,FIB_705,3.0,0.0,0.4,0.15,0.5,1396,4.445859872611465,35.60660445082556,591.0,0.42335243553008595,1.6588628762541806,25.0,22,2.2034710417582066,1.128415798983376,True,True
LAST_OPPOSING,3,FIB_705,3.0,1.2,0.0,0.15,0.25,1335,4.251592356687898,35.612321562734785,565.0,0.4232209737827715,1.6592765460910153,18.0,14,2.204880459836029,1.1429181444041243,True,True
LAST_OPPOSING,8,CISD,2.5,1.5,0.0,0.05,0.25,1441,4.589171974522293,41.499628804751296,609.5,0.42297015961138096,1.773477157360406,16.5,11,1.8054376835089252,0.8726564222360202,True,True
LAST_OPPOSING,5,FIB_618,2.5,1.2,0.0,0.05,0.25,1830,5.828025477707007,40.714285714285715,773.5,0.4226775956284153,1.716867469879518,19.0,15,1.9143075844509947,1.0080002263132801,True,True
LAST_OPPOSING,8,CISD,2.5,1.5,0.0,0.0,0.25,1470,4.681528662420382,41.48471615720524,621.0,0.42244897959183675,1.7723880597014925,16.5,11,1.8043646107340068,0.873780799217655,True,True
LAST_OPPOSING,3,FIB_618,2.5,1.2,0.0,0.0,0.25,1733,5.519108280254777,40.69565217391305,732.0,0.42238892094633584,1.715542521994135,19.0,15,1.9299168854388393,1.0136452535086422,True,True
LAST_OPPOSING,3,FIB_618,3.0,1.2,0.0,0.15,0.5,1499,4.773885350318471,35.642232683254875,633.0,0.42228152101400934,1.6614420062695925,16.0,12,2.0950028632424873,1.0517179625142596,True,True
EXTREME_OPEN,8,FIB_705,2.5,1.2,0.0,0.05,0.5,1677,5.340764331210191,40.63245823389022,707.5,0.42188431723315445,1.7110552763819096,11.5,10,2.0170813295065724,1.070189156349459,True,True
EXTREME_OPEN,3,CISD,2.5,1.2,0.3,0.15,0.25,1411,4.493630573248407,41.154700222057734,595.0,0.42168674698795183,1.748427672955975,20.5,11,1.7640068750525288,0.8818959325970839,True,True
LAST_OPPOSING,8,FIB_705,4.0,0.0,0.4,0.0,0.25,1767,5.627388535031847,28.465909090909093,745.0,0.42161856253537067,1.591739475774424,29.0,28,2.566791823550495,1.2710361766658442,True,True
EXTREME_OPEN,8,FIB_786,4.0,1.2,0.0,0.05,0.25,1503,4.786624203821656,28.428761651131822,633.0,0.42115768463073855,1.5888372093023255,21.0,15,2.684177581035249,1.4010932566991428,True,True
EXTREME_OPEN,8,CISD,3.0,0.0,0.4,0.15,0.25,1875,5.971337579617835,36.03805260212647,789.0,0.4208,1.6902887139107612,23.0,15,1.9727353895883561,0.938039420456608,True,True
LAST_OPPOSING,5,CISD,4.0,0.0,0.4,0.15,0.5,1764,5.617834394904459,29.059829059829063,742.0,0.42063492063492064,1.6385542168674698,21.0,16,2.2884166867913174,0.9982563942799623,True,True
LAST_OPPOSING,8,FIB_786,4.0,1.2,0.0,0.0,0.25,1543,4.914012738853503,28.423101881894873,649.0,0.4206092028515878,1.5883952855847687,32.0,19,2.6561100863598877,1.3827610226332057,True,True
LAST_OPPOSING,5,FIB_786,4.0,0.0,0.3,0.15,0.5,1593,5.073248407643312,28.427672955974842,670.0,0.42059008160703076,1.5887521968365554,27.0,16,2.6786221685396683,1.344772793138686,True,True
LAST_OPPOSING,8,CISD,3.0,1.2,0.3,0.0,0.25,1606,5.114649681528663,36.15333773959022,675.0,0.4202988792029888,1.6987577639751552,19.0,18,1.9817636085802237,0.9299388653410977,True,True
EXTREME_OPEN,8,FIB_618,2.5,1.2,0.0,0.15,0.5,1640,5.222929936305732,40.61162079510704,689.0,0.4201219512195122,1.709577754891864,14.5,12,1.9179306157606755,1.001189751144954,True,True
LAST_OPPOSING,3,FIB_618,3.0,0.0,0.4,0.15,0.5,1476,4.7006369426751595,35.55858310626703,620.0,0.42005420054200543,1.6553911205073997,18.0,12,2.126734777619758,1.0651408040244597,True,True
LAST_OPPOSING,8,FIB_786,4.0,0.0,0.4,0.0,0.5,1590,5.063694267515924,28.400503778337534,667.0,0.41949685534591197,1.586631486367634,31.0,24,2.7085565438985255,1.3954143143305662,True,True
LAST_OPPOSING,3,FIB_705,4.0,0.0,0.4,0.05,0.25,1602,5.101910828025478,28.410513141426787,672.0,0.41947565543071164,1.5874125874125875,26.0,26,2.5706688001918088,1.262243725575334,True,True
LAST_OPPOSING,5,FIB_618,2.5,1.2,0.3,0.05,0.25,1281,4.079617834394904,40.6127258444619,536.5,0.41881342701014834,1.7096560846560847,17.5,13,1.9215428154876626,1.007079731726459,True,True
LAST_OPPOSING,3,FIB_786,4.0,0.0,0.3,0.15,0.5,1521,4.843949044585988,28.39262187088274,637.0,0.4188034188034188,1.5860165593376265,26.0,15,2.688670492542433,1.3457328042580605,True,True
LAST_OPPOSING,8,FIB_618,2.5,1.2,0.0,0.15,0.5,1684,5.3630573248407645,40.59701492537313,705.0,0.418646080760095,1.7085427135678393,13.5,12,1.900132371134676,0.9943051037248276,True,True
EXTREME_OPEN,5,FIB_705,3.0,1.2,0.0,0.15,0.5,1427,4.544585987261146,35.46348314606742,596.0,0.4176594253679047,1.648531011969532,22.0,15,2.1819844484709487,1.1289158506681007,True,True
LAST_OPPOSING,5,FIB_618,3.0,1.2,0.0,0.15,0.5,1633,5.2006369426751595,35.53770086526576,682.0,0.417636252296387,1.653883029721956,13.0,12,2.076631208194369,1.051289631463949,True,True
LAST_OPPOSING,5,FIB_618,2.5,1.2,0.0,0.0,0.25,1879,5.984076433121019,40.55644729802033,784.0,0.417243214475785,1.7056705670567056,19.0,15,1.9150630638290418,1.0138689616487675,True,True
LAST_OPPOSING,8,FIB_618,3.0,1.2,0.0,0.15,0.25,1670,5.318471337579618,35.507246376811594,696.0,0.4167664670658683,1.651685393258427,15.0,12,2.0880981513861028,1.0682304815107873,True,True
EXTREME_OPEN,3,FIB_705,3.0,1.2,0.0,0.15,0.5,1363,4.340764331210191,35.44117647058824,568.0,0.41672780630961115,1.6469248291571754,21.0,15,2.1900985781544806,1.1308981731741539,True,True
LAST_OPPOSING,8,CISD,3.0,1.5,0.0,0.0,0.5,1447,4.60828025477707,36.37735849056604,603.0,0.41672425708362126,1.7153024911032029,20.0,16,1.9450705336366734,0.9084951566521542,True,True
LAST_OPPOSING,3,FIB_618,3.0,0.0,0.4,0.0,0.5,1868,5.949044585987261,35.46824542518838,778.0,0.4164882226980728,1.6488740617180984,19.0,14,2.1398903699337852,1.0836330293908305,True,True
LAST_OPPOSING,5,CISD,4.0,1.5,0.0,0.15,0.25,1272,4.050955414012739,29.354553492484527,529.0,0.4158805031446541,1.6620775969962454,25.0,24,2.2556347718527663,0.9742022816794,True,True
EXTREME_OPEN,5,FIB_618,2.5,1.2,0.3,0.05,0.25,1286,4.095541401273885,40.48361934477379,534.5,0.4156298600311042,1.7005242463958061,17.0,13,1.9412173724486539,1.0166875673068707,True,True
EXTREME_OPEN,3,FIB_618,3.0,0.0,0.4,0.15,0.5,1516,4.828025477707007,35.430463576158935,630.0,0.4155672823218997,1.646153846153846,17.0,12,2.127561584321804,1.0728316968607283,True,True
EXTREME_OPEN,3,CISD,2.5,1.2,0.3,0.05,0.25,1507,4.7993630573248405,40.94052558782849,626.0,0.41539482415394824,1.7330210772833723,17.5,14,1.7565891158629363,0.8881674346344318,True,True
LAST_OPPOSING,5,CISD,3.0,1.2,0.3,0.15,0.5,1463,4.659235668789809,36.05243991260015,607.0,0.4149008885850991,1.6913439635535308,18.0,15,1.9643999881041483,0.9145800714109823,True,True
EXTREME_OPEN,3,CISD,3.0,1.2,0.0,0.15,0.5,1820,5.796178343949045,36.044470450555885,755.0,0.41483516483516486,1.6907593778591035,21.0,15,1.9554960022423944,0.9262920068648932,True,True
LAST_OPPOSING,3,CISD,4.0,0.0,0.4,0.15,0.5,1700,5.414012738853503,28.924050632911392,705.0,0.4147058823529412,1.6277827248441674,20.0,15,2.2982242630300407,1.0036738012910325,True,True
EXTREME_OPEN,3,FIB_618,3.0,1.2,0.0,0.15,0.5,1524,4.853503184713376,35.42630535360212,631.0,0.4140419947506562,1.645854657113613,15.0,12,2.0965608435607765,1.0617217433926065,True,True
LAST_OPPOSING,5,FIB_705,3.0,1.2,0.0,0.0,0.25,1680,5.350318471337579,35.364396654719236,694.0,0.41309523809523807,1.6414048059149722,17.0,14,2.1844790669250127,1.1402301215802337,True,True
LAST_OPPOSING,8,FIB_705,2.5,1.2,0.0,0.0,0.5,1726,5.496815286624204,40.3946604759141,713.0,0.4130938586326767,1.694255111976631,13.5,9,1.9913114168336599,1.0614392022584276,True,True
EXTREME_OPEN,5,FIB_618,3.0,1.2,0.0,0.15,0.5,1597,5.085987261146497,35.39432176656152,659.0,0.4126487163431434,1.6435546875,13.0,12,2.091124957771494,1.0592929544017058,True,True
EXTREME_OPEN,3,FIB_705,4.0,0.0,0.3,0.15,0.25,1745,5.557324840764331,28.27586206896552,720.0,0.41260744985673353,1.5769230769230769,22.0,18,2.567992938078215,1.2540925174093756,True,True
LAST_OPPOSING,3,FIB_618,3.0,0.0,0.4,0.05,0.5,1787,5.691082802547771,35.356942102304664,737.0,0.4124230554001119,1.6408695652173912,16.0,13,2.138241202923418,1.0785601897758288,True,True
EXTREME_OPEN,5,FIB_618,2.5,1.2,0.3,0.0,0.25,1304,4.1528662420382165,40.38461538461539,537.5,0.4121932515337423,1.6935483870967742,16.5,13,1.9403784317536523,1.0181757337018125,True,True
LAST_OPPOSING,5,FIB_618,2.5,1.2,0.3,0.0,0.25,1297,4.130573248407643,40.4189294026377,534.5,0.4121048573631457,1.6959635416666667,17.0,13,1.9214669422415558,1.0102489807615926,True,True
EXTREME_OPEN,3,FIB_705,3.0,1.2,0.0,0.0,0.25,1626,5.178343949044586,35.32675709001233,670.0,0.41205412054120544,1.638703527168732,19.0,18,2.216258954439078,1.1514938696608747,True,True
EXTREME_OPEN,5,FIB_705,3.0,1.2,0.0,0.0,0.25,1694,5.3949044585987265,35.32544378698225,698.0,0.41204250295159384,1.6386093321134492,19.0,14,2.2095171828329585,1.1497934628973194,True,True
LAST_OPPOSING,8,CISD,2.5,1.5,0.0,0.05,0.5,1440,4.585987261146497,41.15898959881129,593.0,0.41180555555555554,1.7487373737373737,16.5,11,1.7900892856336315,0.8683839693748553,True,True
LAST_OPPOSING,8,CISD,2.5,1.5,0.0,0.0,0.5,1469,4.678343949044586,41.15076474872542,604.5,0.41150442477876104,1.7481435643564356,16.5,11,1.7889901437035929,0.8693634845279234,True,True
LAST_OPPOSING,3,FIB_618,3.0,1.2,0.0,0.05,0.25,1672,5.32484076433121,35.36144578313253,688.0,0.41148325358851673,1.641192917054986,18.0,15,2.095247545651816,1.0691449023343484,True,True
LAST_OPPOSING,5,FIB_618,3.0,0.0,0.4,0.15,0.5,1534,4.885350318471337,35.34426229508197,631.0,0.41134289439374183,1.6399594320486814,19.0,13,2.1148121441558474,1.066706749198454,True,True
LAST_OPPOSING,8,FIB_786,4.0,1.2,0.0,0.05,0.25,1500,4.777070063694268,28.237650200267023,617.0,0.41133333333333333,1.573953488372093,32.0,19,2.6552222986769287,1.3845049460055971,True,True
LAST_OPPOSING,5,CISD,3.0,1.2,0.3,0.05,0.5,1553,4.945859872611465,35.909712722298224,638.0,0.41081777205408887,1.6808964781216649,19.0,18,1.9669331115048585,0.919233966359994,True,True
EXTREME_OPEN,5,FIB_786,4.0,0.0,0.4,0.0,0.5,1625,5.17515923566879,28.219346888478125,667.0,0.4104615384615385,1.5725321888412016,28.0,25,2.7222446445781894,1.4077161431259135,True,True
LAST_OPPOSING,8,FIB_705,2.5,1.2,0.0,0.05,0.5,1680,5.350318471337579,40.310077519379846,689.0,0.4101190476190476,1.6883116883116882,16.0,9,1.991199893974271,1.0624017055698012,True,True
LAST_OPPOSING,8,CISD,4.0,0.0,0.4,0.15,0.5,1790,5.7006369426751595,28.838049367850694,734.0,0.4100558659217877,1.6209813874788495,22.0,17,2.2817732707632694,0.9994233189433602,True,True
LAST_OPPOSING,5,FIB_786,4.0,0.0,0.4,0.05,0.5,1494,4.75796178343949,28.198258539852645,612.0,0.40963855421686746,1.5708955223880596,33.0,22,2.6951227513428675,1.371745668609227,True,True
EXTREME_OPEN,3,FIB_618,3.0,0.0,0.4,0.05,0.5,1849,5.888535031847134,35.268583830710796,757.0,0.4094104921579232,1.6345347862531434,17.0,14,2.1401997069539145,1.0851845235766673,True,True
EXTREME_OPEN,3,FIB_786,4.0,0.0,0.3,0.15,0.5,1573,5.009554140127388,28.198599618077658,644.0,0.4094087730451367,1.570921985815603,20.0,16,2.6987640806111854,1.3680130687677925,True,True
EXTREME_OPEN,5,CISD,2.5,1.2,0.3,0.15,0.25,1479,4.710191082802548,40.82211197732104,605.0,0.4090601757944557,1.7245508982035929,19.0,11,1.7558660364103125,0.8796468041112258,True,True
LAST_OPPOSING,8,FIB_705,4.0,0.0,0.4,0.05,0.25,1682,5.356687898089172,28.205128205128204,688.0,0.4090368608799049,1.5714285714285714,26.0,26,2.5553170321619962,1.2588360820381042,True,True
LAST_OPPOSING,5,FIB_705,3.0,1.2,0.0,0.05,0.25,1634,5.203821656050955,35.25798525798526,668.0,0.408812729498164,1.633776091081594,16.0,14,2.182141483658801,1.1416292044006324,True,True
EXTREME_OPEN,8,FIB_705,3.0,1.2,0.0,0.15,0.5,1453,4.627388535031847,35.241379310344826,594.0,0.4088093599449415,1.6325878594249201,22.0,15,2.173059651536839,1.1303718219567311,True,True
LAST_OPPOSING,3,FIB_618,2.5,1.2,0.0,0.05,0.5,1686,5.369426751592357,40.286054827175214,688.0,0.4080664294187426,1.686626746506986,19.0,15,1.905813481866934,0.998386328556953,True,True
EXTREME_OPEN,5,FIB_705,3.0,1.2,0.0,0.05,0.25,1642,5.229299363057325,35.22588522588523,670.0,0.40803897685749085,1.6314797360980207,18.0,14,2.20922847068351,1.1523325320183901,True,True
LAST_OPPOSING,8,FIB_705,3.0,1.2,0.0,0.15,0.25,1495,4.761146496815287,35.23489932885906,610.0,0.4080267558528428,1.6321243523316062,22.0,14,2.1726458399481032,1.143063964559229,True,True
EXTREME_OPEN,5,FIB_618,3.0,0.0,0.4,0.15,0.5,1564,4.980891719745223,35.23748395378691,638.0,0.4079283887468031,1.6323092170465807,17.0,13,2.1218893766573608,1.0710943729424753,True,True
EXTREME_OPEN,3,FIB_705,3.0,1.2,0.0,0.05,0.25,1574,5.012738853503185,35.22292993630573,642.0,0.4078780177890724,1.631268436578171,18.0,16,2.2161804962269582,1.154198807811131,True,True
EXTREME_OPEN,8,FIB_618,3.0,1.2,0.0,0.15,0.5,1628,5.1847133757961785,35.27227722772277,664.0,0.40786240786240785,1.6347992351816443,15.0,12,2.0814230119799424,1.0596522442843195,True,True
EXTREME_OPEN,3,CISD,2.5,1.2,0.3,0.0,0.25,1530,4.872611464968153,40.707964601769916,624.0,0.40784313725490196,1.7164179104477613,16.0,14,1.7504152468295877,0.8914233951945972,True,True
EXTREME_OPEN,5,FIB_705,4.0,0.0,0.3,0.15,0.25,1805,5.748407643312102,28.182323513062812,736.0,0.40775623268698064,1.5696594427244581,23.0,17,2.5589913220955847,1.2502555541675786,True,True
EXTREME_OPEN,3,FIB_786,4.0,0.0,0.4,0.0,0.5,1582,5.038216560509555,28.164556962025316,645.0,0.4077117572692794,1.5682819383259912,28.0,25,2.7289639816668623,1.4147601999092325,True,True
LAST_OPPOSING,5,CISD,3.0,1.2,0.3,0.0,0.5,1574,5.012738853503185,35.80579905596763,641.0,0.40724269377382466,1.6733193277310925,20.0,18,1.9645055939540252,0.9213867186115046,True,True
LAST_OPPOSING,5,FIB_705,3.0,1.2,0.0,0.15,0.5,1459,4.646496815286624,35.213204951856945,594.0,0.40712816997943796,1.6305732484076434,24.0,15,2.1623500675480454,1.1206083703557514,True,True
LAST_OPPOSING,3,FIB_618,3.0,1.2,0.0,0.0,0.25,1717,5.468152866242038,35.24926686217009,699.0,0.40710541642399534,1.6331521739130435,18.0,15,2.0956841717269055,1.0755437815087596,True,True
EXTREME_OPEN,8,FIB_705,3.0,1.2,0.0,0.0,0.25,1720,5.477707006369426,35.1981351981352,700.0,0.4069767441860465,1.629496402877698,19.0,14,2.2013849589904892,1.1502922333365186,True,True
LAST_OPPOSING,3,FIB_705,3.0,1.2,0.0,0.0,0.25,1545,4.920382165605096,35.1948051948052,628.0,0.4064724919093851,1.629258517034068,17.0,15,2.198209456515978,1.1452671258762508,True,True
LAST_OPPOSING,5,FIB_618,3.0,1.2,0.0,0.05,0.25,1814,5.777070063694268,35.24180100055587,737.0,0.40628445424476295,1.632618025751073,18.0,15,2.077908150138596,1.0693478840229422,True,True
EXTREME_OPEN,5,FIB_786,4.0,0.0,0.3,0.15,0.5,1623,5.1687898089171975,28.13078346699568,659.0,0.4060382008626001,1.5656652360515022,21.0,16,2.691466282236968,1.3649989903354771,True,True
LAST_OPPOSING,8,FIB_786,4.0,0.0,0.3,0.15,0.5,1617,5.149681528662421,28.12887236679058,656.0,0.4056895485466914,1.5655172413793104,27.0,16,2.6669502288328517,1.3506764722218307,True,True
LAST_OPPOSING,3,FIB_786,4.0,0.0,0.4,0.05,0.5,1445,4.601910828025478,28.116343490304708,586.0,0.4055363321799308,1.5645472061657033,34.0,22,2.701654156368847,1.3772946865799116,True,True
LAST_OPPOSING,8,FIB_618,2.5,1.2,0.0,0.05,0.25,1870,5.955414012738854,40.215053763440864,758.0,0.4053475935828877,1.6816546762589928,16.5,15,1.904557631201488,1.0134301667436367,True,True
LAST_OPPOSING,8,CISD,3.0,1.2,0.3,0.15,0.5,1492,4.751592356687898,35.785714285714285,604.0,0.40482573726541554,1.671857619577308,20.0,15,1.9599737146442024,0.9184632681606979,True,True
LAST_OPPOSING,5,FIB_618,3.0,0.0,0.4,0.05,0.5,1849,5.888535031847134,35.16304347826087,748.0,0.40454299621416984,1.6269907795473595,16.0,13,2.1280697640576083,1.0798111734277835,True,True
EXTREME_OPEN,8,FIB_786,4.0,0.0,0.4,0.0,0.5,1639,5.219745222929936,28.100183262064753,663.0,0.4045149481391092,1.5632965165675445,28.0,25,2.7145406036669066,1.4077835713490943,True,True
EXTREME_OPEN,8,FIB_618,2.5,1.2,0.3,0.05,0.25,1304,4.1528662420382165,40.15384615384615,527.0,0.4041411042944785,1.6773778920308484,16.5,13,1.9297435226475914,1.0201763629189424,True,True
LAST_OPPOSING,3,FIB_618,2.5,1.2,0.0,0.0,0.5,1731,5.512738853503185,40.16250725478816,699.0,0.4038128249566724,1.6779825412221145,19.0,15,1.9073287328813786,1.003994232821454,True,True
LAST_OPPOSING,3,FIB_705,3.0,1.2,0.0,0.15,0.5,1334,4.248407643312102,35.11278195488722,538.0,0.4032983508245877,1.623406720741599,22.0,15,2.1782496674811487,1.1268065644273777,True,True
EXTREME_OPEN,8,FIB_705,3.0,1.2,0.0,0.05,0.25,1668,5.312101910828026,35.09615384615385,672.0,0.4028776978417266,1.6222222222222222,18.0,14,2.2008472245844923,1.152807273839898,True,True
LAST_OPPOSING,5,FIB_618,2.5,1.2,0.0,0.05,0.5,1829,5.82484076433121,40.13194062671798,736.0,0.40240568616730454,1.6758494031221305,19.0,15,1.8923662847135614,0.9995808239215546,True,True
EXTREME_OPEN,3,CISD,3.0,0.0,0.4,0.15,0.5,1790,5.7006369426751595,35.51401869158878,720.0,0.4022346368715084,1.6521739130434783,19.0,14,1.9581462882626708,0.9391964799492273,True,True
EXTREME_OPEN,5,FIB_618,2.5,1.2,0.0,0.05,0.25,1829,5.82484076433121,40.09873834339002,735.5,0.40213231273920175,1.6735347985347986,19.0,16,1.9245747979491794,1.022036278207207,True,True
EXTREME_OPEN,5,CISD,2.5,1.2,0.3,0.05,0.25,1577,5.022292993630574,40.58355437665783,634.0,0.4020291693088142,1.7075892857142858,16.0,14,1.747853431803069,0.8863395785365052,True,True
LAST_OPPOSING,5,FIB_705,4.0,0.0,0.3,0.15,0.25,1766,5.624203821656051,28.075170842824605,709.0,0.4014722536806342,1.5613618368962787,21.0,17,2.540483328597899,1.2449998559238162,True,True
LAST_OPPOSING,3,FIB_705,3.0,1.2,0.0,0.05,0.25,1502,4.7834394904458595,35.07014028056113,603.0,0.4014647137150466,1.6203703703703705,17.0,14,2.196103831239095,1.14735456903938,True,True
LAST_OPPOSING,8,CISD,3.0,1.2,0.3,0.05,0.5,1582,5.038216560509555,35.661517797179314,635.0,0.40139064475347663,1.662839248434238,21.0,18,1.9627122135397133,0.9228109363960589,True,True
EXTREME_OPEN,3,FIB_705,4.0,1.2,0.0,0.15,0.25,1356,4.318471337579618,28.053293856402668,544.0,0.40117994100294985,1.559670781893004,26.0,18,2.502897807100416,1.2487582945125286,True,True
LAST_OPPOSING,5,FIB_618,2.5,1.2,0.3,0.05,0.5,1280,4.076433121019108,40.09433962264151,513.0,0.40078125,1.6732283464566928,17.5,13,1.897275416688523,0.9948881443944415,True,True
EXTREME_OPEN,8,CISD,2.5,1.2,0.3,0.15,0.25,1505,4.792993630573249,40.58577405857741,603.0,0.40066445182724253,1.7077464788732395,19.0,13,1.755475494248247,0.8806308741288036,True,True
EXTREME_OPEN,8,FIB_618,3.0,0.0,0.4,0.15,0.5,1581,5.035031847133758,35.04761904761905,633.0,0.40037950664136623,1.6187683284457477,17.0,14,2.1144806134286527,1.0724653933893953,True,True
EXTREME_OPEN,5,FIB_618,2.5,1.2,0.0,0.0,0.25,1884,6.0,40.04259850905218,754.0,0.4002123142250531,1.669626998223801,19.0,16,1.9237692243009454,1.026106177392853,True,True
LAST_OPPOSING,5,FIB_618,3.0,1.2,0.0,0.0,0.25,1862,5.929936305732484,35.08391987005955,745.0,0.40010741138560685,1.621351125938282,18.0,15,2.077783112555811,1.0761101605950398,True,True
LAST_OPPOSING,8,CISD,4.0,1.5,0.0,0.15,0.25,1301,4.143312101910828,29.004329004329005,520.0,0.3996925441967717,1.6341463414634145,25.0,25,2.2458460359280283,0.9763883832942905,True,True
EXTREME_OPEN,3,FIB_618,2.5,1.2,0.0,0.05,0.25,1750,5.573248407643312,40.022935779816514,699.0,0.3994285714285714,1.6682600382409178,19.0,16,1.9267926709497303,1.0253818347243124,True,True
LAST_OPPOSING,8,FIB_618,2.5,1.2,0.3,0.05,0.25,1304,4.1528662420382165,40.0462962962963,520.5,0.3991564417177914,1.66988416988417,16.0,13,1.910281566157503,1.0145401352074819,True,True
LAST_OPPOSING,8,FIB_618,3.0,1.2,0.0,0.15,0.5,1669,5.3152866242038215,35.066505441354295,666.0,0.39904134212103054,1.6201117318435754,15.0,12,2.0634494454436316,1.057038450600164,True,True
EXTREME_OPEN,8,FIB_705,4.0,0.0,0.3,0.15,0.25,1827,5.818471337579618,28.00658978583196,729.0,0.39901477832512317,1.5560640732265447,26.0,17,2.5476016749656396,1.2521289373793736,True,True
EXTREME_OPEN,3,CISD,2.5,1.2,0.3,0.15,0.5,1409,4.487261146496815,40.47442550037065,562.0,0.3988644428672818,1.6998754669987546,20.5,11,1.7475790781606182,0.8791572923110267,True,True
LAST_OPPOSING,8,FIB_786,4.0,0.0,0.4,0.05,0.5,1513,4.818471337579618,27.976190476190478,603.0,0.3985459352280238,1.5537190082644627,35.0,22,2.687095577203148,1.373364460539851,True,True
EXTREME_OPEN,8,FIB_618,2.5,1.2,0.3,0.0,0.25,1322,4.210191082802548,39.98482549317147,526.5,0.3982602118003026,1.6656131479140328,16.0,13,1.9275405120519256,1.022852434010966,True,True
LAST_OPPOSING,8,FIB_705,3.0,1.2,0.0,0.0,0.25,1718,5.471337579617835,34.98831775700935,684.0,0.3981373690337602,1.61455525606469,19.0,16,2.1706931419047337,1.1450229703767218,True,True
EXTREME_OPEN,8,FIB_786,4.0,0.0,0.3,0.15,0.5,1643,5.232484076433121,27.97074954296161,654.0,0.39805234327449784,1.5532994923857868,21.0,16,2.680568237548083,1.366732311825361,True,True
LAST_OPPOSING,8,CISD,3.0,1.2,0.3,0.0,0.5,1603,5.1050955414012735,35.562913907284766,638.0,0.39800374298190894,1.6557040082219938,22.0,18,1.9603839080077456,0.924877883166564,True,True
EXTREME_OPEN,5,FIB_618,2.5,1.2,0.3,0.05,0.5,1285,4.092356687898089,39.968774395003905,511.0,0.3976653696498054,1.6644993498049414,17.0,13,1.9161594253630467,1.0058323510036438,True,True
EXTREME_OPEN,8,FIB_618,2.5,1.2,0.0,0.05,0.25,1860,5.923566878980892,39.967637540453076,739.5,0.3975806451612903,1.6644204851752022,17.5,16,1.9172847071540173,1.0221505085406914,True,True
EXTREME_OPEN,5,CISD,3.0,0.0,0.4,0.15,0.5,1853,5.901273885350318,35.387224420576594,735.0,0.3966540744738262,1.643044619422572,24.0,16,1.9494777871063715,0.9361137570534422,True,True
EXTREME_OPEN,3,FIB_705,4.0,0.0,0.4,0.0,0.5,1750,5.573248407643312,27.949599083619702,694.0,0.3965714285714286,1.5516693163751987,30.0,19,2.5412000931326633,1.265448128342889,True,True
LAST_OPPOSING,5,FIB_618,2.5,1.2,0.0,0.0,0.5,1877,5.977707006369426,39.95715050883771,744.0,0.3963771976558338,1.663693131132917,19.0,15,1.8933993511729355,1.0056474697358295,True,True
LAST_OPPOSING,8,FIB_618,3.0,0.0,0.4,0.15,0.5,1560,4.968152866242038,34.96774193548387,618.0,0.39615384615384613,1.6130952380952381,19.0,13,2.1045628669448684,1.0691209242387607,True,True
EXTREME_OPEN,5,CISD,2.5,1.2,0.3,0.0,0.25,1599,5.092356687898089,40.3921568627451,633.0,0.39587242026266417,1.694078947368421,18.5,14,1.7424348281235698,0.8893971846636987,True,True
EXTREME_OPEN,3,FIB_618,2.5,1.2,0.0,0.0,0.25,1805,5.748407643312102,39.91106170094497,714.0,0.3955678670360111,1.66049953746531,19.0,16,1.924762413661137,1.0304475852966033,True,True
LAST_OPPOSING,3,FIB_705,4.0,0.0,0.3,0.15,0.25,1683,5.359872611464968,27.940298507462686,665.0,0.39512774806892453,1.5509527754763877,19.0,16,2.5474858803069,1.24923037944493,True,True
EXTREME_OPEN,5,FIB_786,4.0,0.0,0.4,0.05,0.5,1542,4.910828025477707,27.90395846852693,609.0,0.3949416342412451,1.548154815481548,24.0,23,2.702983345062237,1.3854719980040606,True,True
EXTREME_OPEN,5,FIB_618,3.0,1.2,0.3,0.05,0.25,1279,4.073248407643312,34.93312352478363,505.0,0.39483971853010164,1.6106408706166868,15.0,13,2.1067141074898266,1.0769742019981368,True,True
EXTREME_OPEN,3,CISD,4.0,1.2,0.0,0.15,0.25,1768,5.630573248407643,28.642281463112212,697.0,0.3942307692307692,1.6055603822762814,26.0,21,2.243202294173444,0.99959474682211,True,True
LAST_OPPOSING,3,CISD,4.0,1.2,0.3,0.0,0.25,1450,4.617834394904459,28.625377643504528,571.0,0.39379310344827584,1.6042328042328042,24.0,17,2.280817358960392,0.9942548558472791,True,True
EXTREME_OPEN,3,FIB_705,4.0,0.0,0.4,0.15,0.25,1354,4.312101910828026,27.884615384615387,533.0,0.39364844903988183,1.5466666666666666,19.0,19,2.5490140587594157,1.2614436008679974,True,True
LAST_OPPOSING,8,FIB_705,3.0,1.2,0.0,0.05,0.25,1672,5.32484076433121,34.87394957983193,658.0,0.39354066985645936,1.6064516129032258,18.0,15,2.168029407689469,1.1465221165329236,True,True
EXTREME_OPEN,5,FIB_705,4.0,0.0,0.4,0.0,0.5,1797,5.722929936305732,27.88622420524261,707.0,0.39343350027824153,1.5467904098994587,30.0,19,2.534495415340206,1.2612127184559814,True,True
EXTREME_OPEN,8,CISD,2.5,1.2,0.3,0.05,0.25,1604,5.10828025477707,40.33942558746737,631.0,0.3933915211970075,1.6903719912472648,16.0,16,1.7479245587634316,0.8872897792464323,True,True
EXTREME_OPEN,3,FIB_618,3.0,1.2,0.0,0.05,0.25,1739,5.538216560509555,34.89583333333333,684.0,0.39332949971247844,1.608,18.0,16,2.092586631531014,1.0815596244283225,True,True
LAST_OPPOSING,5,FIB_705,3.0,1.2,0.0,0.0,0.5,1678,5.343949044585988,34.868421052631575,660.0,0.3933253873659118,1.606060606060606,21.0,16,2.159125358593886,1.1236976736107847,True,True
EXTREME_OPEN,3,FIB_786,4.0,0.0,0.4,0.05,0.5,1501,4.780254777070064,27.866666666666667,590.0,0.3930712858094604,1.545286506469501,24.0,23,2.710154708195831,1.3920368480454475,True,True
EXTREME_OPEN,5,FIB_618,2.5,1.2,0.3,0.0,0.5,1302,4.146496815286624,39.83050847457627,511.5,0.39285714285714285,1.6549295774647887,16.5,13,1.9154678414755957,1.007683336735469,True,True
LAST_OPPOSING,5,FIB_705,4.0,1.2,0.0,0.15,0.25,1446,4.6050955414012735,27.905358385525403,568.0,0.39280774550484093,1.5482625482625483,21.0,19,2.4774319220798975,1.2343657240617072,True,True
LAST_OPPOSING,8,FIB_618,2.5,1.2,0.3,0.0,0.25,1320,4.203821656050955,39.86280487804878,518.5,0.3928030303030303,1.6571609632446134,15.5,13,1.9103435149371109,1.017563733346021,True,True
LAST_OPPOSING,5,FIB_618,2.5,1.2,0.3,0.0,0.5,1295,4.124203821656051,39.86013986013986,508.5,0.3926640926640927,1.6569767441860466,17.0,13,1.8972058448549851,0.998278982889752,True,True
EXTREME_OPEN,8,CISD,3.0,0.0,0.4,0.15,0.5,1870,5.955414012738854,35.29741863075196,734.0,0.3925133689839572,1.6366001734605378,25.0,17,1.9489102395496283,0.9357606852461557,True,True
LAST_OPPOSING,8,FIB_618,3.0,0.0,0.4,0.05,0.5,1875,5.971337579617835,34.852546916890084,735.0,0.392,1.6049382716049383,16.0,13,2.1193585264221024,1.081638052378672,True,True
LAST_OPPOSING,5,CISD,4.0,1.5,0.0,0.15,0.5,1271,4.047770700636943,28.837622005323873,498.0,0.3918174665617624,1.6209476309226933,25.0,24,2.2357799204687976,0.9673437294263413,True,True
EXTREME_OPEN,5,FIB_705,3.0,1.2,0.0,0.0,0.5,1690,5.382165605095541,34.816132858837484,662.0,0.39171597633136096,1.6023657870791628,21.0,16,2.176113438258142,1.1338406163554617,True,True
LAST_OPPOSING,3,FIB_618,3.0,1.2,0.0,0.05,0.5,1671,5.321656050955414,34.86127864897467,654.0,0.39138240574506283,1.6055555555555556,21.0,15,2.0711167052974835,1.058876363713117,True,True
LAST_OPPOSING,5,FIB_705,4.0,0.0,0.4,0.15,0.25,1362,4.337579617834395,27.855563743551954,533.0,0.39133627019089573,1.5444330949948928,22.0,22,2.527158433161876,1.2486716696656412,True,True
EXTREME_OPEN,3,CISD,3.0,1.2,0.3,0.15,0.25,1393,4.436305732484076,35.392829900839054,545.0,0.3912419239052405,1.6434474616292798,23.0,15,1.923694205533187,0.931523234745193,True,True
EXTREME_OPEN,5,FIB_618,3.0,1.2,0.3,0.0,0.25,1297,4.130573248407643,34.833204034134994,507.0,0.3909020817270625,1.6035714285714286,15.0,13,2.1055866505196796,1.0786570801361464,True,True
EXTREME_OPEN,3,FIB_705,3.0,1.2,0.0,0.0,0.5,1622,5.165605095541402,34.79604449938195,634.0,0.3908754623921085,1.6009478672985782,21.0,18,2.183509073870282,1.135900004073443,True,True
EXTREME_OPEN,5,FIB_618,3.0,1.2,0.0,0.05,0.25,1815,5.780254777070064,34.830837493067115,709.0,0.390633608815427,1.603404255319149,18.0,16,2.0864769796949774,1.0801310987830484,True,True
LAST_OPPOSING,3,CISD,4.0,1.2,0.3,0.05,0.25,1432,4.560509554140127,28.560490045941805,559.0,0.39036312849162014,1.5991425509110397,24.0,17,2.2822557883631513,0.9940918820548914,True,True
LAST_OPPOSING,5,FIB_705,3.0,1.2,0.0,0.05,0.5,1633,5.2006369426751595,34.7879532882606,637.0,0.3900796080832823,1.6003770028275213,20.0,15,2.1578373240791366,1.1248058634251457,True,True
EXTREME_OPEN,5,FIB_705,4.0,1.2,0.0,0.15,0.25,1418,4.515923566878981,27.8328611898017,553.0,0.3899858956276446,1.5426889106967616,23.0,18,2.492565929375805,1.2479419320633232,True,True
EXTREME_OPEN,8,FIB_705,4.0,0.0,0.4,0.0,0.5,1813,5.773885350318471,27.805417357656165,706.0,0.3894098179812466,1.5405819295558958,30.0,19,2.5270646727182013,1.2609728589204612,True,True
EXTREME_OPEN,3,CISD,2.5,1.2,0.3,0.05,0.5,1505,4.792993630573249,40.16620498614959,586.0,0.3893687707641196,1.6782407407407407,17.5,14,1.7422412894784833,0.8865868225388813,True,True
EXTREME_OPEN,5,FIB_705,4.0,0.0,0.4,0.15,0.25,1398,4.452229299363057,27.793696275071632,544.0,0.38912732474964234,1.5396825396825398,20.0,18,2.538943001076719,1.256063528753893,True,True
EXTREME_OPEN,8,FIB_786,4.0,0.0,0.4,0.05,0.5,1556,4.955414012738854,27.781350482315116,605.0,0.38881748071979433,1.5387355298308103,24.0,23,2.6950416581339796,1.3857431631001396,True,True
EXTREME_OPEN,5,FIB_705,3.0,1.2,0.0,0.05,0.5,1639,5.219745222929936,34.74006116207951,637.0,0.3886516168395363,1.5970009372071228,19.0,16,2.1770179437600965,1.1360015445354543,True,True
LAST_OPPOSING,3,FIB_705,4.0,0.0,0.4,0.15,0.25,1310,4.171974522292993,27.7947932618683,509.0,0.3885496183206107,1.5397667020148462,22.0,22,2.533728544456228,1.2530421337988427,True,True
EXTREME_OPEN,5,CISD,2.5,1.5,0.0,0.15,0.25,1271,4.047770700636943,40.42016806722689,493.5,0.3882769472856019,1.6960507757404795,20.0,11,1.7384829752413224,0.8750335389205909,True,True
LAST_OPPOSING,5,FIB_786,4.0,1.2,0.0,0.15,0.5,1299,4.1369426751592355,27.77777777777778,504.0,0.38799076212471134,1.5384615384615385,43.0,16,2.620397346210045,1.355209554374663,True,True
LAST_OPPOSING,5,FIB_618,3.0,1.2,0.0,0.05,0.5,1813,5.773885350318471,34.78018920422927,703.0,0.3877551020408163,1.5998293515358362,18.0,15,2.0559022567556746,1.0593189240864211,True,True
EXTREME_OPEN,3,FIB_705,3.0,1.2,0.0,0.05,0.5,1571,5.003184713375796,34.71601786853861,609.0,0.38765117759388923,1.595307917888563,19.0,16,2.184692817940251,1.1382213217441144,True,True
EXTREME_OPEN,5,FIB_786,4.0,1.2,0.0,0.15,0.5,1277,4.06687898089172,27.764705882352942,495.0,0.3876272513703994,1.5374592833876222,27.0,14,2.6442907550757813,1.3701694100418547,True,True
LAST_OPPOSING,8,FIB_618,3.0,1.2,0.0,0.05,0.25,1853,5.901273885350318,34.76605005440697,718.0,0.3874797625472207,1.59883236030025,17.0,15,2.0651685987994206,1.0749553674235965,True,True
EXTREME_OPEN,8,CISD,2.5,1.2,0.3,0.0,0.25,1626,5.178343949044586,40.15444015444015,630.0,0.3874538745387454,1.6774193548387097,19.5,16,1.7425949695404015,0.8902837569719945,True,True
EXTREME_OPEN,8,FIB_618,3.0,1.2,0.0,0.05,0.25,1846,5.8789808917197455,34.73282442748092,714.0,0.38678223185265437,1.5964912280701755,17.0,16,2.0781652643963757,1.0798426463781416,True,True
EXTREME_OPEN,8,FIB_618,2.5,1.2,0.3,0.05,0.5,1303,4.149681528662421,39.64588144726713,503.5,0.386415963161934,1.6422193877551021,16.5,13,1.9047628800127647,1.0094874982629725,True,True
EXTREME_OPEN,3,FIB_705,4.0,1.2,0.0,0.05,0.25,1559,4.964968152866242,27.752736638763682,602.0,0.386144964720975,1.536541889483066,24.0,20,2.4894959805124253,1.250525277798783,True,True
LAST_OPPOSING,5,FIB_618,3.0,1.2,0.3,0.05,0.25,1272,4.050955414012739,34.73433782712133,491.0,0.3860062893081761,1.5965978128797085,16.0,14,2.083789885167456,1.072747220278788,True,True
LAST_OPPOSING,3,FIB_618,3.0,1.2,0.0,0.0,0.5,1715,5.461783439490445,34.72385428907168,662.0,0.3860058309037901,1.5958595859585958,21.0,15,2.0705397310861704,1.0652748909294356,True,True
EXTREME_OPEN,5,CISD,3.0,1.5,0.0,0.15,0.25,1257,4.003184713375796,35.4978354978355,485.0,0.3858392999204455,1.651006711409396,28.0,24,1.8948248826118281,0.9191076920613465,True,True
LAST_OPPOSING,3,CISD,4.0,1.2,0.3,0.15,0.25,1351,4.302547770700637,28.478437754271766,521.0,0.385640266469282,1.5927189988623436,28.0,22,2.284480288279367,0.9929153130378124,True,True
EXTREME_OPEN,3,CISD,3.0,1.2,0.3,0.05,0.25,1486,4.732484076433121,35.21026372059872,573.0,0.3855989232839839,1.6303630363036303,19.0,15,1.9223180471744625,0.938407467275729,True,True
LAST_OPPOSING,8,FIB_618,2.5,1.2,0.0,0.05,0.5,1869,5.952229299363057,39.64497041420118,720.5,0.3855002675227394,1.642156862745098,16.5,15,1.8823609497964566,1.0047268205713469,True,True
EXTREME_OPEN,3,CISD,4.0,0.0,0.4,0.15,0.25,1739,5.538216560509555,28.271604938271604,670.0,0.3852788959171938,1.576592082616179,20.0,16,2.2422726269235436,1.012739486198393,True,True
EXTREME_OPEN,8,FIB_786,4.0,1.2,0.0,0.15,0.5,1301,4.143312101910828,27.713625866050805,501.0,0.3850883935434281,1.5335463258785942,24.0,14,2.634176395363847,1.3694357193754192,True,True
LAST_OPPOSING,3,FIB_705,3.0,1.2,0.0,0.0,0.5,1543,4.914012738853503,34.6553966189857,594.0,0.3849643551523007,1.591044776119403,19.0,16,2.171768749972119,1.1293413544294546,True,True
EXTREME_OPEN,5,CISD,2.5,1.2,0.3,0.15,0.5,1477,4.703821656050955,40.099361249112846,568.5,0.3849018280297901,1.6735781990521328,19.0,11,1.7398556981128088,0.8774065083348589,True,True
LAST_OPPOSING,8,FIB_705,3.0,1.2,0.0,0.15,0.5,1494,4.75796178343949,34.654130288784415,575.0,0.3848728246318608,1.5909558067831449,26.0,15,2.1466389153729493,1.1272836346579567,True,True
EXTREME_OPEN,3,FIB_618,3.0,1.2,0.0,0.0,0.25,1793,5.710191082802548,34.68013468013468,690.0,0.384829894032348,1.592783505154639,18.0,16,2.0890161914876404,1.0880442177050178,True,True
LAST_OPPOSING,3,FIB_705,4.0,1.2,0.0,0.15,0.25,1323,4.213375796178344,27.735562310030392,509.0,0.3847316704459562,1.5352260778128286,26.0,19,2.4912610406157185,1.2429268931030635,True,True
EXTREME_OPEN,5,FIB_618,3.0,1.2,0.0,0.0,0.25,1869,5.952229299363057,34.67959073774905,719.0,0.38469769930444087,1.592745259686727,18.0,16,2.0851148517673104,1.0855051067040171,True,True
EXTREME_OPEN,8,FIB_705,3.0,1.2,0.0,0.0,0.5,1716,5.464968152866242,34.637850467289724,660.0,0.38461538461538464,1.5898123324396782,21.0,16,2.168524594547986,1.1347179555256872,True,True
LAST_OPPOSING,8,FIB_705,4.0,0.0,0.3,0.15,0.25,1795,5.7165605095541405,27.73109243697479,690.0,0.38440111420612816,1.5348837209302326,22.0,17,2.528462230459406,1.2495848954334863,True,True
LAST_OPPOSING,3,CISD,4.0,1.5,0.0,0.0,0.25,1260,4.012738853503185,28.673835125448026,484.0,0.38412698412698415,1.6080402010050252,26.0,22,2.2464429253643807,0.9851012536388879,True,True
EXTREME_OPEN,8,FIB_705,4.0,0.0,0.4,0.15,0.25,1414,4.503184713375796,27.69121813031161,543.0,0.384016973125884,1.5318315377081293,23.0,19,2.5298982942385835,1.2562463622917464,True,True
LAST_OPPOSING,3,FIB_618,4.0,0.0,0.3,0.15,0.25,1866,5.942675159235669,27.765726681127983,716.0,0.3837084673097535,1.5375375375375375,20.0,17,2.4437357423112784,1.159687457316803,True,True
EXTREME_OPEN,3,CISD,4.0,1.2,0.0,0.15,0.5,1765,5.6210191082802545,28.420398009950247,677.0,0.38356940509915016,1.588184187662902,26.0,21,2.218851093706194,0.9901545548015208,True,True
LAST_OPPOSING,3,FIB_618,4.0,0.0,0.4,0.0,0.25,1855,5.907643312101911,27.753544165757905,711.0,0.38328840970350403,1.5366037735849056,27.0,19,2.4533844295340987,1.1805504195431569,True,True
LAST_OPPOSING,5,FIB_705,4.0,1.2,0.0,0.05,0.25,1616,5.146496815286624,27.708592777085926,619.0,0.38304455445544555,1.533161068044789,22.0,20,2.4671026933396214,1.236553144035847,True,True
EXTREME_OPEN,8,CISD,4.0,0.0,0.4,0.15,0.25,1810,5.764331210191083,28.24791418355185,692.0,0.38232044198895027,1.5747508305647842,26.0,17,2.2358959067275954,1.006786503493907,True,True
EXTREME_OPEN,8,FIB_705,4.0,1.2,0.0,0.15,0.25,1444,4.598726114649682,27.677329624478443,552.0,0.38227146814404434,1.5307692307692307,21.0,15,2.482223359790658,1.2484875763285153,True,True
EXTREME_OPEN,3,FIB_618,2.5,1.2,0.0,0.05,0.5,1749,5.570063694267516,39.529546758462416,668.5,0.3822184105202973,1.6342504743833017,19.0,16,1.903637827253541,1.0160298730479045,True,True
EXTREME_OPEN,3,CISD,2.5,1.2,0.3,0.0,0.5,1528,4.86624203821656,39.94546693933197,584.0,0.38219895287958117,1.662883087400681,18.0,14,1.7363963263365996,0.8896574496362349,True,True
EXTREME_OPEN,5,CISD,4.0,0.0,0.4,0.15,0.25,1796,5.719745222929936,28.22049131216297,686.0,0.3819599109131403,1.5726210350584306,25.0,17,2.236261930294951,1.0089761486206372,True,True
EXTREME_OPEN,5,FIB_618,2.5,1.2,0.0,0.05,0.5,1828,5.821656050955414,39.51701427003293,698.0,0.38183807439824946,1.633393829401089,19.0,16,1.9012245251461115,1.0138414063501688,True,True
EXTREME_OPEN,3,FIB_705,4.0,1.2,0.0,0.0,0.25,1611,5.130573248407643,27.663551401869157,615.0,0.3817504655493482,1.5297157622739017,24.0,20,2.4891517258767384,1.2568471210409422,True,True
EXTREME_OPEN,8,FIB_618,3.0,1.2,0.3,0.05,0.25,1297,4.130573248407643,34.60046547711404,495.0,0.38164996144949886,1.5871886120996441,15.0,13,2.0938671577322703,1.0803902277692148,True,True
LAST_OPPOSING,8,FIB_618,2.5,1.2,0.3,0.05,0.5,1303,4.149681528662421,39.536679536679536,497.0,0.3814274750575595,1.6347381864623245,16.0,13,1.8859494642716654,1.0021574123903843,True,True
EXTREME_OPEN,8,FIB_705,3.0,1.2,0.0,0.05,0.5,1665,5.302547770700637,34.5574954846478,635.0,0.3813813813813814,1.5841766329346827,19.0,15,2.1691825245711,1.1368720129339087,True,True
LAST_OPPOSING,5,FIB_618,3.0,1.2,0.3,0.0,0.25,1288,4.101910828025478,34.612372748629596,491.0,0.3812111801242236,1.5880239520958084,15.0,13,2.083728166121263,1.0751228694882062,True,True
LAST_OPPOSING,3,FIB_705,3.0,1.2,0.0,0.05,0.5,1501,4.780254777070064,34.55882352941176,572.0,0.3810792804796802,1.5842696629213484,18.0,15,2.170711300098227,1.131092153281685,True,True
EXTREME_OPEN,3,FIB_705,4.0,0.0,0.4,0.05,0.5,1667,5.308917197452229,27.627627627627625,635.0,0.3809238152369526,1.5269709543568464,27.0,19,2.5335062630704517,1.261995919917683,True,True
LAST_OPPOSING,5,FIB_705,4.0,1.2,0.0,0.0,0.25,1662,5.292993630573249,27.663438256658594,633.0,0.38086642599277976,1.5297071129707114,22.0,21,2.4695933862761827,1.2438871155140188,True,True
LAST_OPPOSING,5,FIB_618,3.0,1.2,0.0,0.0,0.5,1860,5.923566878980892,34.598698481561826,708.0,0.38064516129032255,1.5870646766169154,18.0,15,2.0547734177307557,1.0660438442057845,True,True
EXTREME_OPEN,5,FIB_618,2.5,1.2,0.0,0.0,0.5,1882,5.993630573248407,39.44562899786781,714.0,0.3793836344314559,1.6285211267605635,19.0,16,1.9008098753232927,1.017948889053635,True,True
LAST_OPPOSING,3,FIB_618,4.0,0.0,0.4,0.15,0.25,1463,4.659235668789809,27.68166089965398,555.0,0.3793574846206425,1.5311004784688995,27.0,16,2.44443753408493,1.155793924210328,True,True
EXTREME_OPEN,8,FIB_618,2.5,1.2,0.3,0.0,0.5,1320,4.203821656050955,39.43768996960486,500.5,0.37916666666666665,1.6279799247176914,16.0,13,1.9027024647704125,1.012517629281184,True,True
LAST_OPPOSING,5,FIB_618,4.0,0.0,0.4,0.15,0.25,1520,4.840764331210191,27.666666666666668,575.0,0.3782894736842105,1.5299539170506913,30.0,16,2.435624720392163,1.1550726716610622,True,True
EXTREME_OPEN,5,FIB_618,3.0,1.2,0.3,0.05,0.5,1278,4.070063694267516,34.515366430260045,483.0,0.3779342723004695,1.5812274368231047,16.0,13,2.0787901368194364,1.0633936179318362,True,True
LAST_OPPOSING,3,FIB_705,4.0,0.0,0.4,0.0,0.5,1681,5.353503184713376,27.582089552238802,635.0,0.37775133848899467,1.523495465787304,29.0,28,2.527140727136161,1.2632450616593274,True,True
EXTREME_OPEN,3,CISD,3.0,1.2,0.3,0.0,0.25,1509,4.805732484076433,34.9929873772791,570.0,0.37773359840954274,1.6148867313915858,19.0,15,1.9161714274613593,0.9413240338140347,True,True
EXTREME_OPEN,3,FIB_618,2.5,1.2,0.0,0.0,0.5,1803,5.74203821656051,39.39899833055092,681.0,0.3777038269550749,1.6253443526170799,19.0,16,1.9020162318848535,1.0211679941077256,True,True
EXTREME_OPEN,8,FIB_618,2.5,1.2,0.0,0.05,0.5,1859,5.920382165605096,39.395574743658926,702.0,0.3776223776223776,1.6251113089937668,17.5,16,1.8938063784955992,1.0141519606928067,True,True
LAST_OPPOSING,8,CISD,4.0,1.5,0.0,0.15,0.5,1299,4.1369426751592355,28.52173913043478,490.0,0.3772132409545804,1.5961070559610706,25.0,25,2.227335553736773,0.9686743512894771,True,True
LAST_OPPOSING,3,FIB_618,4.0,0.0,0.4,0.05,0.25,1771,5.640127388535032,27.62557077625571,668.0,0.3771880293619424,1.526813880126183,25.0,18,2.456257310140547,1.1688912876292548,True,True
EXTREME_OPEN,8,CISD,2.5,1.2,0.3,0.15,0.5,1503,4.786624203821656,39.874301675977655,566.5,0.3769128409846973,1.6579558652729385,20.0,13,1.7392271844176443,0.8784583090870643,True,True
EXTREME_OPEN,3,FIB_618,4.0,0.0,0.4,0.05,0.25,1832,5.834394904458598,27.603305785123965,690.0,0.37663755458515286,1.5251141552511416,20.0,20,2.458327166861771,1.1777987922743143,True,True
EXTREME_OPEN,3,FIB_618,3.0,1.2,0.0,0.05,0.5,1738,5.535031847133758,34.47276940903824,654.0,0.3762945914844649,1.5782493368700266,18.0,16,2.068396724291115,1.0702872204765537,True,True
LAST_OPPOSING,5,FIB_705,4.0,0.0,0.4,0.0,0.5,1738,5.535031847133758,27.55632582322357,654.0,0.3762945914844649,1.5215311004784688,33.0,28,2.522379341064398,1.2595596416772208,True,True
EXTREME_OPEN,5,CISD,3.0,1.2,0.3,0.15,0.25,1459,4.646496815286624,35.010940919037196,549.0,0.3762851267991775,1.6161616161616161,21.0,13,1.9107488830422346,0.932425529173959,True,True
LAST_OPPOSING,5,FIB_618,4.0,0.0,0.4,0.05,0.25,1832,5.834394904458598,27.609055770292656,689.0,0.37609170305676853,1.5255530129672006,29.0,18,2.448712182781143,1.168150335304286,True,True
EXTREME_OPEN,5,FIB_705,4.0,0.0,0.4,0.05,0.5,1713,5.455414012738854,27.527761542957336,644.0,0.37594862813776997,1.5193548387096774,27.0,21,2.5256132045531094,1.2578733551249992,True,True
LAST_OPPOSING,3,FIB_786,4.0,1.2,0.0,0.0,0.5,1394,4.439490445859873,27.534148094895762,524.0,0.37589670014347204,1.5198412698412698,34.0,18,2.634271379609277,1.3553417910286463,True,True
EXTREME_OPEN,3,FIB_618,4.0,0.0,0.4,0.15,0.25,1502,4.7834394904458595,27.59084791386272,564.0,0.3754993342210386,1.5241635687732342,17.0,17,2.4446144526381626,1.1642010087755967,True,True
LAST_OPPOSING,3,FIB_705,4.0,1.2,0.0,0.0,0.25,1529,4.869426751592357,27.54766600920447,574.0,0.3754087638979725,1.5208711433756805,29.0,21,2.4795620676365484,1.2505033688483163,True,True
EXTREME_OPEN,8,CISD,2.5,1.5,0.0,0.15,0.25,1304,4.1528662420382165,40.08230452674897,489.5,0.3753834355828221,1.67239010989011,20.0,12,1.7313183520640265,0.873360977275847,True,True
EXTREME_OPEN,5,CISD,2.5,1.2,0.3,0.05,0.5,1575,5.015923566878981,39.7742363877822,590.5,0.37492063492063493,1.6510474090407938,18.5,14,1.7337861630866962,0.8850803418139358,True,True
LAST_OPPOSING,3,FIB_786,4.0,1.2,0.0,0.05,0.5,1355,4.3152866242038215,27.514792899408285,508.0,0.37490774907749075,1.5183673469387755,34.0,17,2.6364420348608815,1.3551458129576468,True,True
EXTREME_OPEN,8,FIB_618,3.0,1.2,0.3,0.0,0.25,1315,4.187898089171974,34.429992348890586,493.0,0.3749049429657795,1.575262543757293,15.0,13,2.0902495704345836,1.0832656648846426,True,True
LAST_OPPOSING,3,FIB_705,4.0,1.2,0.0,0.05,0.25,1486,4.732484076433121,27.537212449255748,557.0,0.37483176312247646,1.5200746965452847,29.0,20,2.476611129341567,1.2438059418261687,True,True
LAST_OPPOSING,8,FIB_705,4.0,0.0,0.4,0.15,0.25,1386,4.414012738853503,27.516292541636496,519.0,0.37445887445887444,1.5184815184815186,22.0,22,2.516578042651585,1.2506229306095829,True,True
EXTREME_OPEN,5,FIB_705,4.0,1.2,0.0,0.05,0.25,1624,5.171974522292993,27.52009894867038,608.0,0.37438423645320196,1.5187713310580204,25.0,20,2.4795608442446806,1.2498478219047735,True,True
EXTREME_OPEN,5,FIB_618,3.0,1.2,0.0,0.05,0.5,1814,5.777070063694268,34.42531926707385,679.0,0.3743109151047409,1.5749364944961897,18.0,16,2.0634019954068292,1.069041406756547,True,True
LAST_OPPOSING,8,FIB_705,3.0,1.2,0.0,0.0,0.5,1716,5.464968152866242,34.385964912280706,642.0,0.3741258741258741,1.572192513368984,23.0,16,2.1448442439814714,1.1292147904477086,True,True
EXTREME_OPEN,5,CISD,4.0,1.2,0.0,0.15,0.25,1857,5.914012738853503,28.25698988697204,694.0,0.3737210554658051,1.5754560530679933,27.0,19,2.229996995788039,0.996329028739379,True,True
LAST_OPPOSING,8,FIB_618,2.5,1.2,0.3,0.0,0.5,1318,4.197452229299363,39.31297709923664,492.5,0.37367223065250377,1.619496855345912,15.5,13,1.8860100058208469,1.005406347770876,True,True
EXTREME_OPEN,5,FIB_786,4.0,0.0,0.4,0.15,0.5,1257,4.003184713375796,27.46815286624204,469.0,0.3731105807478122,1.5148188803512623,21.0,21,2.669898388649008,1.3759026389782898,True,True
EXTREME_OPEN,5,CISD,3.0,1.2,0.3,0.05,0.25,1554,4.949044585987261,34.88054607508532,579.0,0.37258687258687256,1.6069182389937107,18.0,15,1.9095932157969133,0.9388495049233412,True,True
LAST_OPPOSING,5,FIB_786,4.0,1.2,0.0,0.0,0.5,1507,4.7993630573248405,27.460106382978722,561.0,0.3722627737226277,1.5142071494042164,37.0,18,2.609202382130142,1.3565027696209748,True,True
EXTREME_OPEN,8,CISD,3.0,1.2,0.3,0.15,0.25,1483,4.722929936305732,34.91379310344828,552.0,0.3722184760620364,1.609271523178808,21.0,14,1.909955967916261,0.9321121264673307,True,True
EXTREME_OPEN,5,FIB_618,3.0,1.2,0.3,0.0,0.5,1295,4.124203821656051,34.3701399688958,482.0,0.3722007722007722,1.5710900473933649,15.0,13,2.0773305126669235,1.065508329866882,True,True
EXTREME_OPEN,8,FIB_705,4.0,0.0,0.4,0.05,0.5,1729,5.506369426751593,27.44643891140706,643.0,0.37189126662810873,1.51316839584996,28.0,24,2.5179036493182334,1.2576527446422914,True,True
EXTREME_OPEN,5,CISD,2.5,1.5,0.0,0.15,0.5,1271,4.047770700636943,39.91596638655462,472.5,0.3717545239968529,1.6608391608391608,20.0,11,1.7256686249534907,0.8719455455050219,True,True
LAST_OPPOSING,5,CISD,4.0,1.5,0.0,0.05,0.25,1356,4.318471337579618,28.39300582847627,504.0,0.37168141592920356,1.586046511627907,24.0,17,2.225543114584674,0.9840381189680864,True,True
EXTREME_OPEN,8,FIB_618,3.0,1.2,0.0,0.05,0.5,1845,5.875796178343949,34.33406113537118,684.0,0.37073170731707317,1.56857855361596,17.0,16,2.055225803122666,1.0689937615826175,True,True
LAST_OPPOSING,5,FIB_786,4.0,1.2,0.0,0.05,0.5,1465,4.665605095541402,27.428180574555405,543.0,0.3706484641638225,1.5117813383600378,37.0,18,2.610589130393305,1.3562038565803614,True,True
EXTREME_OPEN,5,FIB_705,4.0,1.2,0.0,0.0,0.25,1676,5.337579617834395,27.4415817855003,621.0,0.3705250596658711,1.5127993393889347,25.0,20,2.479538190824532,1.2559455051801955,True,True
LAST_OPPOSING,3,FIB_618,4.0,1.2,0.0,0.15,0.25,1490,4.745222929936306,27.520435967302454,552.0,0.3704697986577181,1.518796992481203,22.0,19,2.407185891422973,1.1560016895131957,True,True
LAST_OPPOSING,3,CISD,4.0,1.2,0.3,0.05,0.5,1428,4.547770700636943,28.132205995388166,529.0,0.3704481792717087,1.5657754010695186,24.0,17,2.2578767345708086,0.9854670158440882,True,True
LAST_OPPOSING,8,FIB_705,3.0,1.2,0.0,0.05,0.5,1671,5.321656050955414,34.29429429429429,619.0,0.37043686415320165,1.5658135283363803,22.0,15,2.1432009103368608,1.130446354914802,True,True
LAST_OPPOSING,5,FIB_618,4.0,1.2,0.0,0.15,0.25,1621,5.162420382165605,27.523510971786834,600.0,0.3701418877236274,1.519031141868512,21.0,15,2.3883372920728076,1.1522768313253795,True,True
EXTREME_OPEN,8,CISD,3.0,1.5,0.0,0.15,0.25,1289,4.1050955414012735,35.11450381679389,477.0,0.3700543056633049,1.6235294117647059,28.0,24,1.8839002061785541,0.9178484299074645,True,True
LAST_OPPOSING,8,FIB_705,4.0,1.2,0.0,0.15,0.25,1481,4.7165605095541405,27.445652173913043,548.0,0.3700202565833896,1.5131086142322097,26.0,20,2.4577233521548494,1.239797303076333,True,True
LAST_OPPOSING,5,CISD,4.0,1.5,0.0,0.0,0.25,1383,4.404458598726115,28.34967320261438,511.0,0.36948662328271875,1.5826681870011403,24.0,17,2.221216444498276,0.9857032514085455,True,True
LAST_OPPOSING,8,FIB_618,3.0,1.2,0.0,0.05,0.5,1852,5.898089171974522,34.31372549019608,684.0,0.3693304535637149,1.5671641791044777,17.0,15,2.0429812009950905,1.0646630064338116,True,True
EXTREME_OPEN,5,FIB_618,4.0,0.0,0.4,0.05,0.25,1882,5.993630573248407,27.453083109919575,695.0,0.36928799149840597,1.5136733185513673,21.0,21,2.4513603789284426,1.176236913969491,True,True
EXTREME_OPEN,5,CISD,2.5,1.2,0.3,0.0,0.5,1597,5.085987261146497,39.59424083769634,589.5,0.3691296180338134,1.6386782231852655,22.0,14,1.7286722544387931,0.8879566213609474,True,True
LAST_OPPOSING,3,CISD,4.0,1.2,0.3,0.0,0.5,1446,4.6050955414012735,28.094153378891416,533.0,0.3686030428769018,1.562829989440338,24.0,17,2.2564225828573643,0.9856107010608623,True,True
EXTREME_OPEN,5,FIB_618,4.0,0.0,0.4,0.15,0.25,1550,4.936305732484076,27.444589308996086,571.0,0.36838709677419357,1.513027852650494,18.0,18,2.437178609705999,1.1619833628060554,True,True
EXTREME_OPEN,8,CISD,3.0,1.2,0.3,0.05,0.25,1579,5.028662420382165,34.7679892400807,581.0,0.36795440151994935,1.5989690721649485,19.0,17,1.909076198049362,0.9385617577029635,True,True
EXTREME_OPEN,8,FIB_705,4.0,1.2,0.0,0.05,0.25,1650,5.254777070063694,27.38892270237371,607.0,0.36787878787878786,1.5088013411567478,22.0,16,2.4705983461964984,1.2500147052741728,True,True
EXTREME_OPEN,5,FIB_618,4.0,1.2,0.0,0.15,0.25,1586,5.050955414012739,27.464788732394368,583.0,0.36759142496847413,1.5145631067961165,21.0,16,2.3968707615684166,1.1593164077492208,True,True
LAST_OPPOSING,8,FIB_618,3.0,1.2,0.3,0.05,0.25,1295,4.124203821656051,34.26791277258567,476.0,0.3675675675675676,1.5639810426540284,15.0,14,2.0700970618092036,1.079093176960294,True,True
EXTREME_OPEN,5,FIB_618,3.0,1.2,0.0,0.0,0.5,1867,5.945859872611465,34.25026968716289,686.0,0.36743438671665773,1.5627563576702215,18.0,16,2.061758290906493,1.074469192701604,True,True
LAST_OPPOSING,8,FIB_786,4.0,1.2,0.0,0.15,0.5,1330,4.235668789808917,27.354935945742277,488.0,0.3669172932330827,1.5062240663900415,43.0,16,2.601020541269147,1.3595662368936894,True,True
EXTREME_OPEN,3,FIB_618,3.0,1.2,0.0,0.0,0.5,1791,5.703821656050955,34.232715008431704,657.0,0.36683417085427134,1.5615384615384615,18.0,16,2.064578018717424,1.0768308135848021,True,True
EXTREME_OPEN,8,CISD,2.5,1.2,0.3,0.05,0.5,1602,5.101910828025478,39.54248366013072,587.5,0.366729088639201,1.635135135135135,19.5,16,1.7335881328084617,0.886067234623553,True,True
LAST_OPPOSING,8,FIB_618,4.0,0.0,0.4,0.15,0.25,1545,4.920382165605096,27.42782152230971,566.0,0.3663430420711974,1.511754068716094,31.0,17,2.422642257155885,1.1557146916129901,True,True
LAST_OPPOSING,8,FIB_618,4.0,0.0,0.4,0.05,0.25,1857,5.914012738853503,27.411444141689373,680.0,0.366182014001077,1.5105105105105106,30.0,19,2.4377347502233757,1.1685084285916572,True,True
EXTREME_OPEN,5,CISD,3.0,1.2,0.3,0.0,0.25,1576,5.019108280254777,34.700739744451916,577.0,0.36611675126903553,1.5942327497425335,22.0,15,1.9043647344280883,0.9415835746040976,True,True
LAST_OPPOSING,5,FIB_618,3.0,1.2,0.3,0.05,0.5,1271,4.047770700636943,34.233518665607626,465.0,0.36585365853658536,1.5615942028985508,19.0,14,2.0557222398347075,1.059415110337934,True,True
EXTREME_OPEN,8,FIB_786,4.0,0.0,0.4,0.15,0.5,1271,4.047770700636943,27.322834645669293,465.0,0.36585365853658536,1.5037919826652222,23.0,21,2.6605403434321833,1.3763400142071331,True,True
EXTREME_OPEN,3,CISD,3.0,1.2,0.3,0.15,0.5,1390,4.426751592356688,34.70948012232416,508.0,0.36546762589928056,1.594847775175644,23.0,15,1.9034612712531271,0.9293942768264847,True,True
EXTREME_OPEN,8,FIB_618,3.0,1.2,0.3,0.05,0.5,1296,4.127388535031847,34.18803418803419,473.0,0.36496913580246915,1.5584415584415585,16.0,13,2.0660969057798257,1.067008969796047,True,True
LAST_OPPOSING,3,CISD,4.0,1.5,0.0,0.0,0.5,1258,4.006369426751593,28.26282628262826,459.0,0.36486486486486486,1.575909661229611,26.0,22,2.2275630784983727,0.9769560404509784,True,True
LAST_OPPOSING,3,CISD,4.0,1.2,0.3,0.15,0.5,1347,4.289808917197452,28.022875816993466,491.0,0.3645137342242019,1.5573212258796822,28.0,22,2.2592102578248325,0.9846996497417422,True,True
LAST_OPPOSING,5,CISD,4.0,1.2,0.3,0.0,0.25,1534,4.885350318471337,27.98001427551749,559.0,0.3644067796610169,1.554013875123885,23.0,20,2.2473062320257005,1.0016491834618255,True,True
EXTREME_OPEN,8,FIB_705,4.0,1.2,0.0,0.0,0.25,1702,5.420382165605096,27.315634218289087,620.0,0.36427732079905994,1.5032467532467533,22.0,17,2.4708498636855327,1.256014140782045,True,True
EXTREME_OPEN,5,CISD,4.0,1.2,0.0,0.15,0.5,1853,5.901273885350318,28.059701492537314,675.0,0.36427415002698327,1.5601659751037344,25.0,16,2.2065724500765853,0.9862286351317587,True,True
LAST_OPPOSING,8,FIB_705,4.0,0.0,0.4,0.0,0.5,1761,5.60828025477707,27.309007981755983,641.0,0.3639977285633163,1.5027450980392156,35.0,28,2.5143149224153705,1.2604730458830635,True,True
LAST_OPPOSING,3,FIB_618,4.0,0.0,0.3,0.15,0.5,1864,5.936305732484076,27.36156351791531,678.0,0.36373390557939916,1.506726457399103,20.0,19,2.4123614033061047,1.149639202583807,True,True
LAST_OPPOSING,3,FIB_705,4.0,0.0,0.4,0.05,0.5,1602,5.101910828025478,27.284105131414265,582.0,0.36329588014981273,1.5008605851979346,26.0,26,2.517518801923486,1.2602114071582768,True,True
LAST_OPPOSING,5,FIB_705,4.0,0.0,0.4,0.05,0.5,1658,5.280254777070064,27.283726557773747,602.0,0.36308805790108567,1.5008319467554077,32.0,26,2.5123681624030185,1.2559387895998584,True,True
LAST_OPPOSING,8,FIB_618,3.0,1.2,0.3,0.0,0.25,1311,4.17515923566879,34.15384615384615,476.0,0.36308161708619374,1.5560747663551402,16.0,13,2.0702035385767363,1.0813496993667218,True,True
LAST_OPPOSING,5,CISD,4.0,1.2,0.3,0.05,0.25,1514,4.821656050955414,27.950760318609703,549.0,0.36261558784676357,1.5517587939698492,23.0,20,2.2497047604748213,1.000550411639912,True,True
EXTREME_OPEN,8,CISD,3.0,1.2,0.3,0.0,0.25,1601,5.098726114649682,34.59244532803181,579.0,0.36164896939412866,1.5866261398176291,23.0,17,1.9039364652281117,0.9412570882811774,True,True
EXTREME_OPEN,3,CISD,3.0,1.2,0.3,0.05,0.5,1483,4.722929936305732,34.57142857142857,536.0,0.3614295347269049,1.5851528384279476,19.0,15,1.9013605573792676,0.9352939304943116,True,True
LAST_OPPOSING,5,CISD,4.0,1.2,0.3,0.15,0.25,1428,4.547770700636943,27.9445727482679,516.0,0.36134453781512604,1.5512820512820513,28.0,19,2.253360759642441,0.9986835895758758,True,True
EXTREME_OPEN,8,CISD,2.5,1.2,0.3,0.0,0.5,1624,5.171974522292993,39.368556701030926,586.5,0.3611453201970443,1.6232731137088203,23.0,16,1.7285619287169716,0.8888823250144188,True,True
EXTREME_OPEN,5,FIB_786,4.0,1.2,0.0,0.0,0.5,1526,4.859872611464968,27.23097112860892,551.0,0.3610747051114024,1.496844003606853,28.0,18,2.632457958962362,1.3756645194858412,True,True
EXTREME_OPEN,3,FIB_618,4.0,1.2,0.0,0.15,0.25,1515,4.82484076433121,27.327528466175487,547.0,0.36105610561056106,1.504147465437788,20.0,19,2.400398438971986,1.1628107681273552,True,True
EXTREME_OPEN,3,FIB_786,4.0,1.2,0.0,0.0,0.5,1471,4.6847133757961785,27.229407760381214,531.0,0.3609789259007478,1.4967259120673526,26.0,20,2.6374891086366654,1.3778944871806202,True,True
EXTREME_OPEN,8,FIB_618,4.0,0.0,0.4,0.15,0.25,1566,4.987261146496815,27.29032258064516,565.0,0.3607918263090677,1.5013309671694766,18.0,18,2.4292543925637995,1.162511421530424,True,True
LAST_OPPOSING,8,FIB_705,4.0,1.2,0.0,0.05,0.25,1654,5.267515923566879,27.25060827250608,596.0,0.3603385731559855,1.4983277591973243,26.0,18,2.448475457924333,1.2415673579126356,True,True
LAST_OPPOSING,3,FIB_618,4.0,0.0,0.4,0.0,0.5,1847,5.882165605095541,27.27272727272727,664.0,0.3595018949648078,1.5,27.0,19,2.4268353645425185,1.1667657603238795,True,True
EXTREME_OPEN,8,FIB_786,4.0,1.2,0.0,0.0,0.5,1550,4.936305732484076,27.19638242894057,557.0,0.35935483870967744,1.4942324755989351,29.0,17,2.6234434327409004,1.3745321324944568,True,True
EXTREME_OPEN,8,CISD,2.5,1.5,0.0,0.15,0.5,1304,4.1528662420382165,39.58847736625514,468.5,0.3592791411042945,1.638283378746594,20.0,12,1.7184252066854828,0.8705066470616379,True,True
LAST_OPPOSING,5,FIB_618,3.0,1.2,0.3,0.0,0.5,1286,4.095541401273885,34.065934065934066,462.0,0.359253499222395,1.55,18.0,13,2.0545965316379253,1.0620770320815376,True,True
EXTREME_OPEN,3,FIB_705,4.0,0.0,0.3,0.15,0.5,1744,5.554140127388535,27.19953996549741,626.0,0.35894495412844035,1.4944707740916272,24.0,18,2.51635273496156,1.2508164258952343,True,True
LAST_OPPOSING,8,FIB_705,4.0,1.2,0.0,0.0,0.25,1700,5.414012738853503,27.218934911242602,610.0,0.3588235294117647,1.4959349593495934,26.0,18,2.451414507624138,1.248601714829335,True,True
EXTREME_OPEN,5,FIB_705,4.0,0.0,0.3,0.15,0.5,1804,5.745222929936306,27.196885428253616,647.0,0.35864745011086474,1.494270435446906,23.0,17,2.508734698159978,1.2457571523500053,True,True
EXTREME_OPEN,5,FIB_618,4.0,1.2,0.0,0.15,0.5,1586,5.050955414012739,27.27272727272727,568.0,0.35813366960907944,1.5,21.0,18,2.3664498499760787,1.1433597569051006,True,True
EXTREME_OPEN,5,FIB_786,4.0,1.2,0.0,0.05,0.5,1478,4.707006369426751,27.168021680216803,529.0,0.35791610284167796,1.492093023255814,25.0,18,2.634669779594219,1.3777835057476975,True,True
LAST_OPPOSING,5,FIB_618,4.0,1.2,0.0,0.15,0.5,1621,5.162420382165605,27.27272727272727,580.0,0.35780382479950645,1.5,21.0,20,2.358032548196836,1.13653553132844,True,True
EXTREME_OPEN,3,FIB_786,4.0,1.2,0.0,0.05,0.5,1423,4.531847133757962,27.16396903589022,509.0,0.3576950105411103,1.4917874396135267,23.0,18,2.6399561262601736,1.3801705940986617,True,True
EXTREME_OPEN,8,FIB_618,4.0,1.2,0.0,0.15,0.25,1616,5.146496815286624,27.261306532663315,578.0,0.35767326732673266,1.4991364421416236,21.0,18,2.3874385361735193,1.1604965727026746,True,True
EXTREME_OPEN,3,CISD,4.0,0.0,0.4,0.15,0.5,1732,5.515923566878981,27.667493796526056,618.0,0.3568129330254042,1.5300171526586621,20.0,16,2.2210698034979846,1.0122696213173255,True,True
EXTREME_OPEN,8,FIB_618,3.0,1.2,0.3,0.0,0.5,1313,4.181528662420382,33.97239263803681,468.0,0.3564356435643564,1.543554006968641,15.0,13,2.062151579733126,1.0703060132071696,True,True
EXTREME_OPEN,8,FIB_786,4.0,1.2,0.0,0.05,0.5,1502,4.7834394904458595,27.133333333333333,535.0,0.3561917443408788,1.4894784995425434,26.0,15,2.62533183063388,1.3765810719880904,True,True
LAST_OPPOSING,8,CISD,4.0,1.5,0.0,0.05,0.25,1387,4.417197452229299,28.0358598207009,493.0,0.3554434030281182,1.5583238958097396,22.0,17,2.2178527730570536,0.9864406252458054,True,True
LAST_OPPOSING,8,FIB_786,4.0,1.2,0.0,0.0,0.5,1541,4.907643312101911,27.113133940182056,547.0,0.3549643088903309,1.487957181088314,37.0,18,2.592513516393433,1.3595136270760328,True,True
EXTREME_OPEN,3,CISD,3.0,1.2,0.3,0.0,0.5,1506,4.796178343949045,34.36401967673928,533.0,0.35391766268260294,1.5706638115631693,19.0,15,1.8953648291654333,0.9380426396286738,True,True
LAST_OPPOSING,3,FIB_618,4.0,0.0,0.4,0.15,0.5,1461,4.6528662420382165,27.165627165627164,517.0,0.3538672142368241,1.4919124643196955,27.0,16,2.4156052053785215,1.1495490685773397,True,True
EXTREME_OPEN,8,CISD,4.0,0.0,0.4,0.15,0.5,1801,5.735668789808917,27.637889688249402,637.0,0.35369239311493617,1.5277547638773818,26.0,17,2.2143690680233674,1.0066729405809154,True,True
LAST_OPPOSING,3,FIB_618,4.0,1.2,0.0,0.15,0.5,1490,4.745222929936306,27.17983651226158,527.0,0.35369127516778526,1.4929840972871842,27.0,23,2.376185461504641,1.14124323468574,True,True
LAST_OPPOSING,8,CISD,4.0,1.5,0.0,0.0,0.25,1414,4.503184713375796,28.000000000000004,500.0,0.3536067892503536,1.5555555555555556,21.0,17,2.2137678045222287,0.9880233766571609,True,True
EXTREME_OPEN,5,CISD,4.0,0.0,0.4,0.15,0.5,1787,5.691082802547771,27.606992163954192,631.0,0.35310576385002795,1.5253955037468776,25.0,17,2.2144605215215143,1.008757512920113,True,True
LAST_OPPOSING,5,CISD,4.0,1.5,0.0,0.05,0.5,1354,4.312101910828026,27.986633249791144,478.0,0.35302806499261447,1.554524361948956,24.0,17,2.208134882357448,0.9763737060627873,True,True
LAST_OPPOSING,8,FIB_786,4.0,1.2,0.0,0.05,0.5,1499,4.773885350318471,27.072192513368986,529.0,0.35290193462308206,1.4848762603116408,37.0,18,2.593401210752734,1.359305854166502,True,True
LAST_OPPOSING,8,CISD,4.0,1.2,0.3,0.0,0.25,1561,4.971337579617835,27.719298245614034,550.0,0.3523382447149263,1.5339805825242718,24.0,20,2.241573713115432,1.0054788509207273,True,True
EXTREME_OPEN,5,CISD,3.0,1.2,0.3,0.15,0.5,1456,4.6369426751592355,34.356725146198826,512.0,0.3516483516483517,1.5701559020044544,21.0,13,1.890893162723119,0.9295764809900626,True,True
EXTREME_OPEN,3,FIB_618,4.0,1.2,0.0,0.15,0.5,1515,4.82484076433121,27.126590756865372,532.0,0.35115511551155115,1.4889705882352942,23.0,22,2.369839773864121,1.14764391280402,True,True
EXTREME_OPEN,3,FIB_705,4.0,1.2,0.0,0.15,0.5,1355,4.3152866242038215,27.037037037037038,475.0,0.3505535055350554,1.482233502538071,26.0,21,2.4623692854695935,1.2369395892501671,True,True
EXTREME_OPEN,8,FIB_705,4.0,0.0,0.3,0.15,0.5,1826,5.8152866242038215,27.032967032967033,640.0,0.35049288061336253,1.4819277108433735,26.0,17,2.4974811633327874,1.2472664822347708,True,True
LAST_OPPOSING,3,FIB_618,4.0,0.0,0.4,0.05,0.5,1769,5.63375796178344,27.085714285714285,620.0,0.3504804974561899,1.4858934169278997,25.0,20,2.4248593982085596,1.1614851611259756,True,True
LAST_OPPOSING,5,FIB_618,4.0,0.0,0.4,0.15,0.5,1518,4.834394904458598,27.102803738317753,532.0,0.35046113306982873,1.4871794871794872,30.0,17,2.4067748280405685,1.1488685522575823,True,True
LAST_OPPOSING,8,CISD,4.0,1.2,0.3,0.05,0.25,1541,4.907643312101911,27.686832740213525,540.0,0.3504218040233614,1.531496062992126,24.0,20,2.2438558167453886,1.0044490344449333,True,True
LAST_OPPOSING,8,FIB_618,4.0,1.2,0.0,0.15,0.25,1656,5.273885350318471,27.116564417177912,580.0,0.3502415458937198,1.4882154882154883,21.0,17,2.3718265284735103,1.1577161310443467,True,True
EXTREME_OPEN,3,FIB_618,4.0,0.0,0.4,0.15,0.5,1501,4.780254777070064,27.070707070707073,525.0,0.3497668221185876,1.4847645429362881,18.0,17,2.4117888563543572,1.1573985318722726,True,True
LAST_OPPOSING,8,FIB_705,4.0,0.0,0.4,0.05,0.5,1682,5.356687898089172,27.01252236135957,588.0,0.34958382877526756,1.4803921568627452,34.0,26,2.503140689326452,1.2570978340895695,True,True
EXTREME_OPEN,5,CISD,3.0,1.2,0.3,0.05,0.5,1551,4.939490445859873,34.26812585499316,542.0,0.34945196647324306,1.5639958376690948,18.0,15,1.888957965776729,0.9350109718118924,True,True
EXTREME_OPEN,3,CISD,2.5,1.5,0.0,0.05,0.25,1297,4.130573248407643,39.18032786885246,453.0,0.3492675404780262,1.610512129380054,19.0,13,1.721090533680468,0.8984325529822311,True,True
LAST_OPPOSING,5,FIB_705,4.0,1.2,0.0,0.15,0.5,1445,4.601910828025478,27.019498607242337,504.0,0.34878892733564015,1.4809160305343512,21.0,19,2.4373851857351783,1.222692231198581,True,True
LAST_OPPOSING,8,CISD,4.0,1.2,0.3,0.15,0.25,1455,4.63375796178344,27.66439909297052,507.0,0.34845360824742266,1.5297805642633229,28.0,20,2.247098261866096,1.0028472885025193,True,True
EXTREME_OPEN,8,FIB_618,4.0,1.2,0.0,0.15,0.5,1616,5.146496815286624,27.07286432160804,563.0,0.34839108910891087,1.4849267872523686,24.0,19,2.356873542223022,1.1448374323229467,True,True
EXTREME_OPEN,3,CISD,3.0,1.5,0.0,0.05,0.25,1289,4.1050955414012735,34.42485306465156,449.0,0.3483320403413499,1.5749039692701665,28.0,23,1.8783535094170924,0.938390415571133,True,True
LAST_OPPOSING,5,CISD,4.0,1.5,0.0,0.0,0.5,1381,4.398089171974522,27.891714520098443,481.0,0.34829833454018827,1.547212741751991,24.0,17,2.2036104432812587,0.9779394101177143,True,True
EXTREME_OPEN,8,CISD,3.0,1.2,0.3,0.15,0.5,1480,4.713375796178344,34.269258459323254,515.0,0.34797297297297297,1.5640744797371304,21.0,14,1.8899181861614294,0.929353591405955,True,True
LAST_OPPOSING,8,FIB_618,3.0,1.2,0.3,0.05,0.5,1294,4.1210191082802545,33.77535101404056,450.0,0.34775888717156106,1.530035335689046,16.0,14,2.0420185149638943,1.065588012951545,True,True
EXTREME_OPEN,8,CISD,3.0,1.5,0.0,0.15,0.5,1286,4.095541401273885,34.52685421994885,447.0,0.3475894245723173,1.58203125,28.0,24,1.869127304976638,0.9127961737281854,True,True
LAST_OPPOSING,5,FIB_618,4.0,0.0,0.4,0.05,0.5,1830,5.828025477707007,27.031509121061358,636.0,0.3475409836065574,1.481818181818182,29.0,21,2.4173104893769715,1.1607442607516973,True,True
EXTREME_OPEN,3,FIB_618,4.0,0.0,0.4,0.05,0.5,1831,5.8312101910828025,27.012127894156563,636.0,0.3473511742217368,1.4803625377643506,22.0,22,2.4247929368680787,1.17022753621333,True,True
EXTREME_OPEN,5,CISD,2.5,1.5,0.0,0.05,0.25,1381,4.398089171974522,39.1640866873065,479.0,0.34685010861694426,1.60941475826972,21.0,14,1.7162453900718975,0.8935722532815081,True,True
EXTREME_OPEN,5,FIB_618,4.0,0.0,0.4,0.15,0.5,1549,4.93312101910828,27.00587084148728,537.0,0.34667527437056167,1.479892761394102,20.0,18,2.405848425149854,1.1546185375917193,True,True
EXTREME_OPEN,3,CISD,2.5,1.5,0.0,0.0,0.25,1326,4.222929936305732,39.08507223113965,458.5,0.3457767722473605,1.6040843214756257,19.0,12,1.7147478381778156,0.8996273191350235,True,True
EXTREME_OPEN,3,FIB_705,4.0,0.0,0.4,0.15,0.5,1354,4.312101910828026,26.923076923076923,468.0,0.345642540620384,1.4736842105263157,19.0,19,2.4946531348475904,1.2579860767556452,True,True
EXTREME_OPEN,5,CISD,2.5,1.5,0.0,0.0,0.25,1408,4.484076433121019,39.13373860182371,486.5,0.3455255681818182,1.6073657927590512,21.0,12,1.710646452573184,0.8944163122907388,True,True
EXTREME_OPEN,8,CISD,3.0,1.2,0.3,0.05,0.5,1576,5.019108280254777,34.1644204851752,544.0,0.34517766497461927,1.556806550665302,19.0,17,1.8882713612590543,0.9348139098998979,True,True
EXTREME_OPEN,5,FIB_705,4.0,1.2,0.0,0.15,0.5,1417,4.512738853503185,26.93125442948264,489.0,0.3450952717007763,1.4742967992240543,23.0,18,2.4524525983434504,1.234397596688766,True,True
EXTREME_OPEN,5,FIB_618,4.0,0.0,0.4,0.05,0.5,1881,5.990445859872612,26.931330472103003,646.0,0.3434343434343434,1.474302496328928,22.0,22,2.41901516811245,1.168146918126732,True,True
EXTREME_OPEN,5,CISD,3.0,1.2,0.3,0.0,0.5,1573,5.009554140127388,34.097035040431265,540.0,0.34329307056579783,1.5521472392638036,22.0,15,1.8838598020021586,0.9375938362818163,True,True
LAST_OPPOSING,5,FIB_705,4.0,0.0,0.3,0.15,0.5,1765,5.6210191082802545,26.894586894586897,605.0,0.34277620396600567,1.4715510522213562,26.0,17,2.492391171658391,1.2411824768727004,True,True
EXTREME_OPEN,5,FIB_705,4.0,0.0,0.4,0.15,0.5,1398,4.452229299363057,26.86246418338109,479.0,0.3426323319027182,1.4691478942213516,23.0,18,2.48604847165882,1.2522206093271642,True,True
LAST_OPPOSING,8,FIB_618,3.0,1.2,0.3,0.0,0.5,1309,4.1687898089171975,33.61603700848111,447.0,0.3414820473644003,1.519163763066202,16.0,13,2.0410696189608393,1.0681324268729127,True,True
LAST_OPPOSING,5,FIB_705,4.0,1.2,0.0,0.05,0.5,1615,5.143312101910828,26.853582554517136,550.0,0.34055727554179566,1.4684838160136287,24.0,20,2.4288608615135163,1.2257269625064682,True,True
LAST_OPPOSING,5,CISD,4.0,1.2,0.3,0.05,0.5,1510,4.808917197452229,27.47093023255814,514.0,0.3403973509933775,1.5150300601202404,24.0,20,2.2264845217223073,0.9914831164027331,True,True
EXTREME_OPEN,8,FIB_618,4.0,0.0,0.4,0.15,0.5,1564,4.980891719745223,26.873385012919897,532.0,0.340153452685422,1.469964664310954,20.0,18,2.3986796134190107,1.1552527564405306,True,True
EXTREME_OPEN,8,CISD,3.0,1.2,0.3,0.0,0.5,1598,5.089171974522293,33.99734395750332,542.0,0.33917396745932415,1.545271629778672,23.0,17,1.8832624086194978,0.9373590795953008,True,True
LAST_OPPOSING,8,FIB_618,4.0,0.0,0.4,0.15,0.5,1543,4.914012738853503,26.872536136662283,523.0,0.338950097213221,1.4699011680143756,31.0,18,2.39373037676129,1.1494070535129426,True,True
EXTREME_OPEN,3,FIB_705,4.0,1.2,0.0,0.05,0.5,1558,4.961783439490445,26.804123711340207,528.0,0.33889602053915274,1.4647887323943662,28.0,28,2.450619024636333,1.2375757285195288,True,True
EXTREME_OPEN,8,FIB_705,4.0,1.2,0.0,0.15,0.5,1443,4.595541401273885,26.791927627000696,488.0,0.3381843381843382,1.4638783269961977,21.0,15,2.44204144446342,1.2348965289640492,True,True
LAST_OPPOSING,8,FIB_618,4.0,1.2,0.0,0.15,0.5,1656,5.273885350318471,26.87116564417178,560.0,0.33816425120772947,1.4697986577181208,23.0,22,2.341350304140139,1.1417748100415843,True,True
LAST_OPPOSING,8,CISD,4.0,1.5,0.0,0.05,0.5,1384,4.407643312101911,27.659574468085108,468.0,0.33815028901734107,1.5294117647058822,24.0,17,2.2016205613748427,0.9779906686786121,True,True
EXTREME_OPEN,8,FIB_705,4.0,0.0,0.4,0.15,0.5,1414,4.503184713375796,26.770538243626063,478.0,0.33804809052333806,1.4622823984526112,27.0,19,2.4770691327091785,1.2520148161221878,True,True
LAST_OPPOSING,8,FIB_618,4.0,0.0,0.4,0.05,0.5,1855,5.907643312101911,26.841243862520457,627.0,0.3380053908355795,1.4675615212527964,30.0,22,2.4063180474053607,1.1610321393094698,True,True
LAST_OPPOSING,5,CISD,4.0,1.2,0.3,0.15,0.5,1424,4.535031847133758,27.43431221020093,481.0,0.3377808988764045,1.5122470713525027,28.0,19,2.2293832548097843,0.9900963934505582,True,True
EXTREME_OPEN,3,CISD,3.0,1.5,0.0,0.0,0.25,1315,4.187898089171974,34.15841584158416,444.0,0.3376425855513308,1.556390977443609,28.0,23,1.869287734735092,0.9408168372035641,True,True
EXTREME_OPEN,3,CISD,4.0,1.2,0.3,0.15,0.25,1366,4.350318471337579,27.411575562700964,461.0,0.3374816983894583,1.5105204872646734,28.0,20,2.1831517252318777,0.9995707048914254,True,True
LAST_OPPOSING,5,FIB_705,4.0,1.2,0.0,0.0,0.5,1660,5.286624203821656,26.78787878787879,560.0,0.3373493975903614,1.4635761589403973,24.0,21,2.4295094436227287,1.2329682492712954,True,True
LAST_OPPOSING,5,CISD,4.0,1.2,0.3,0.0,0.5,1530,4.872611464968153,27.403156384505024,516.0,0.33725490196078434,1.5098814229249011,25.0,20,2.224048353168055,0.9925322130787978,True,True
EXTREME_OPEN,8,CISD,2.5,1.5,0.0,0.05,0.25,1413,4.5,38.90577507598784,476.0,0.33687190375088466,1.592039800995025,21.0,14,1.7109117605326412,0.8910938630257389,True,True
EXTREME_OPEN,3,CISD,4.0,1.2,0.3,0.05,0.25,1456,4.6369426751592355,27.368421052631582,490.0,0.33653846153846156,1.5072463768115942,29.0,21,2.1780743704689733,1.004178833090818,True,True
EXTREME_OPEN,5,CISD,3.0,1.5,0.0,0.05,0.25,1364,4.343949044585988,34.15802075019952,459.0,0.33651026392961875,1.5563636363636364,31.0,25,1.8686276793269767,0.9376062264418562,True,True
LAST_OPPOSING,3,FIB_705,4.0,0.0,0.3,0.15,0.5,1682,5.356687898089172,26.762246117084825,566.0,0.33650416171224734,1.4616639477977162,27.0,17,2.4982613158868285,1.2464214369789148,True,True
LAST_OPPOSING,5,FIB_705,4.0,0.0,0.4,0.15,0.5,1362,4.337579617834395,26.75018422991894,458.0,0.33627019089574156,1.460764587525151,24.0,22,2.47742675339459,1.2470344052982654,True,True
EXTREME_OPEN,3,CISD,2.5,1.5,0.0,0.05,0.5,1297,4.130573248407643,38.77049180327869,435.5,0.33577486507324594,1.5829986613119142,19.0,13,1.709087504911903,0.8949917952993283,True,True
EXTREME_OPEN,8,CISD,2.5,1.5,0.0,0.0,0.25,1440,4.585987261146497,38.88059701492537,483.5,0.33576388888888886,1.5903540903540903,21.0,12,1.7055372494210934,0.8919656349853935,True,True
LAST_OPPOSING,3,FIB_705,4.0,0.0,0.4,0.15,0.5,1310,4.171974522292993,26.72281776416539,439.0,0.3351145038167939,1.4587251828631138,22.0,22,2.4828061079359363,1.2520870239961879,True,True
LAST_OPPOSING,8,CISD,4.0,1.5,0.0,0.0,0.5,1411,4.493630573248407,27.57234726688103,471.0,0.333805811481219,1.5227524972253053,24.0,17,2.1973169726450856,0.9794921423208703,True,True
EXTREME_OPEN,3,FIB_705,4.0,1.2,0.0,0.0,0.5,1609,5.124203821656051,26.699937616968185,537.0,0.33374766935985084,1.4570212765957447,30.0,30,2.4487114190434016,1.24394826716847,True,True
EXTREME_OPEN,3,CISD,3.0,1.5,0.0,0.05,0.5,1286,4.095541401273885,34.035383319292336,429.0,0.33359253499222397,1.5478927203065134,28.0,23,1.8653386415345987,0.9322860787846362,True,True
EXTREME_OPEN,3,CISD,4.0,1.2,0.3,0.0,0.25,1478,4.707006369426751,27.292899408284022,493.0,0.33355886332882273,1.5015259409969481,29.0,21,2.1711346610209077,1.0059057141057572,True,True
LAST_OPPOSING,3,FIB_705,4.0,1.2,0.0,0.15,0.5,1322,4.210191082802548,26.692015209125476,440.0,0.3328290468986384,1.4564315352697095,27.0,21,2.4506190509857717,1.2335004029874648,True,True
EXTREME_OPEN,3,CISD,2.5,1.5,0.0,0.0,0.5,1326,4.222929936305732,38.68378812199037,441.0,0.332579185520362,1.5772251308900525,19.0,12,1.7027325122570829,0.8960345101108665,True,True
EXTREME_OPEN,5,FIB_705,4.0,1.2,0.0,0.05,0.5,1623,5.1687898089171975,26.67079207920792,539.0,0.3321010474430068,1.4548523206751054,27.0,20,2.440910699379946,1.2368096567307083,True,True
EXTREME_OPEN,5,FIB_618,4.0,1.2,0.3,0.0,0.25,1284,4.089171974522293,26.740506329113924,426.0,0.3317757009345794,1.4600431965442764,24.0,18,2.385672426320154,1.160619180552159,True,True
LAST_OPPOSING,5,FIB_618,4.0,1.2,0.0,0.05,0.25,1791,5.703821656050955,26.700680272108844,591.0,0.32998324958123953,1.45707656612529,27.0,23,2.3591263424729516,1.1605073679059572,True,True
LAST_OPPOSING,8,CISD,4.0,1.2,0.3,0.05,0.5,1536,4.89171974522293,27.233738384560404,506.0,0.3294270833333333,1.4970530451866404,26.0,20,2.2216253056942192,0.9946552851519587,True,True
EXTREME_OPEN,5,CISD,2.5,1.5,0.0,0.05,0.5,1381,4.398089171974522,38.62229102167183,454.5,0.3291093410572049,1.573139974779319,21.0,14,1.7044635072203633,0.8913665975184071,True,True
EXTREME_OPEN,5,FIB_618,4.0,1.2,0.3,0.05,0.25,1268,4.038216560509555,26.682692307692307,417.0,0.32886435331230285,1.455737704918033,24.0,18,2.3836251364629875,1.162437972503158,True,True
EXTREME_OPEN,5,CISD,3.0,1.5,0.0,0.0,0.25,1388,4.420382165605096,33.9622641509434,456.0,0.3285302593659942,1.542857142857143,31.0,25,1.860718993107742,0.939596448189264,True,True
EXTREME_OPEN,5,CISD,2.5,1.5,0.0,0.0,0.5,1408,4.484076433121019,38.60182370820669,462.0,0.328125,1.5717821782178218,21.0,12,1.6988731029415562,0.8920679957582965,True,True
LAST_OPPOSING,3,FIB_618,4.0,1.2,0.0,0.05,0.25,1652,5.261146496815287,26.64211172498465,541.0,0.3274818401937046,1.4527196652719665,27.0,21,2.3745167779697876,1.1644869098823385,True,True
EXTREME_OPEN,5,FIB_705,4.0,1.2,0.0,0.0,0.5,1674,5.3312101910828025,26.574685062987403,548.0,0.32735961768219835,1.4477124183006536,29.0,20,2.439372937844134,1.2429580942142073,True,True
LAST_OPPOSING,8,FIB_705,4.0,1.2,0.0,0.15,0.5,1480,4.713375796178344,26.580557443915705,484.0,0.327027027027027,1.4481481481481482,28.0,20,2.417366125764484,1.2276002750979902,True,True
EXTREME_OPEN,5,FIB_618,4.0,1.2,0.0,0.05,0.25,1790,5.7006369426751595,26.628895184135974,585.0,0.3268156424581006,1.4517374517374517,21.0,21,2.362797269251948,1.167063625642506,True,True
LAST_OPPOSING,8,FIB_705,4.0,0.0,0.3,0.15,0.5,1794,5.713375796178344,26.569506726457398,586.0,0.326644370122631,1.4473282442748092,27.0,17,2.4803082651233654,1.2452481996606022,True,True
LAST_OPPOSING,8,CISD,4.0,1.2,0.3,0.0,0.5,1556,4.955414012738854,27.170077628793226,508.0,0.3264781491002571,1.4922480620155039,27.0,20,2.21929230211617,0.9956460785577391,True,True
EXTREME_OPEN,8,FIB_705,4.0,1.2,0.0,0.05,0.5,1649,5.251592356687898,26.552984165651644,538.0,0.32625833838690116,1.4461028192371477,24.0,16,2.4318563768798054,1.2369159498500177,True,True
LAST_OPPOSING,8,CISD,4.0,1.2,0.3,0.15,0.5,1450,4.617834394904459,27.18299164768413,473.0,0.32620689655172413,1.4932221063607924,28.0,20,2.2241838597205303,0.9934815699992251,True,True
LAST_OPPOSING,3,FIB_705,4.0,1.2,0.0,0.05,0.5,1485,4.729299363057325,26.540284360189574,483.0,0.32525252525252524,1.4451612903225806,31.0,25,2.4382449211422985,1.2336485584185704,True,True
LAST_OPPOSING,3,FIB_705,4.0,1.2,0.0,0.0,0.5,1527,4.8630573248407645,26.53061224489796,496.0,0.32481990831696134,1.4444444444444444,31.0,27,2.439231572512078,1.2402921437283956,True,True
EXTREME_OPEN,8,CISD,3.0,1.5,0.0,0.05,0.25,1395,4.442675159235669,33.85579937304075,452.0,0.3240143369175627,1.5355450236966826,31.0,25,1.8600120482484916,0.9355415128102319,True,True
LAST_OPPOSING,5,FIB_618,4.0,1.2,0.0,0.0,0.25,1838,5.853503184713376,26.574585635359117,595.0,0.32372143634385203,1.4477050413844996,27.0,23,2.357464355988936,1.16660322807221,True,True
EXTREME_OPEN,5,FIB_618,4.0,1.2,0.0,0.0,0.25,1841,5.8630573248407645,26.5564738292011,595.0,0.3231939163498099,1.4463615903975995,22.0,21,2.3635125446619925,1.1702608111533452,True,True
EXTREME_OPEN,3,CISD,3.0,1.5,0.0,0.0,0.5,1312,4.178343949044586,33.77483443708609,424.0,0.3231707317073171,1.53,28.0,23,1.8567722222485012,0.9345879873930263,True,True
LAST_OPPOSING,3,FIB_618,4.0,1.2,0.0,0.0,0.25,1696,5.401273885350318,26.555023923444978,548.0,0.3231132075471698,1.4462540716612378,27.0,21,2.373853171841067,1.1701997353419447,True,True
EXTREME_OPEN,8,FIB_705,4.0,1.2,0.0,0.0,0.5,1700,5.414012738853503,26.4619019492026,547.0,0.32176470588235295,1.4393574297188756,26.0,17,2.4306137637248386,1.2429671636137187,True,True
EXTREME_OPEN,3,FIB_618,4.0,1.2,0.0,0.05,0.25,1717,5.468152866242038,26.505312868949233,551.0,0.32090856144437974,1.442570281124498,24.0,21,2.3654288412170894,1.1704692541140422,True,True
EXTREME_OPEN,5,CISD,3.0,1.5,0.0,0.05,0.5,1361,4.334394904458598,33.733974358974365,436.0,0.3203526818515797,1.5272067714631197,31.0,25,1.855406790763659,0.9310898887753359,True,True
LAST_OPPOSING,8,FIB_705,4.0,0.0,0.4,0.15,0.5,1386,4.414012738853503,26.430123099203474,444.0,0.3203463203463203,1.437007874015748,26.0,22,2.466833668330678,1.248595168685662,True,True
LAST_OPPOSING,5,FIB_618,4.0,1.2,0.0,0.05,0.5,1790,5.7006369426751595,26.488939307997732,572.0,0.3195530726256983,1.441358024691358,27.0,23,2.3293878013176816,1.1453434203661335,True,True
EXTREME_OPEN,8,CISD,2.5,1.5,0.0,0.05,0.5,1413,4.5,38.37386018237082,451.5,0.3195329087048832,1.5567200986436498,21.0,14,1.699026781020804,0.8890868337289166,True,True
EXTREME_OPEN,8,FIB_618,4.0,1.2,0.0,0.05,0.25,1819,5.792993630573249,26.477146042363437,581.0,0.3194062671797691,1.4404852160727823,20.0,16,2.355597343326575,1.167132782091774,True,True
EXTREME_OPEN,3,CISD,4.0,1.2,0.3,0.05,0.5,1453,4.627388535031847,26.998491704374057,464.0,0.3193392980041294,1.4793388429752066,29.0,21,2.1587893175492274,0.995253364596778,True,True
EXTREME_OPEN,5,FIB_618,4.0,1.2,0.0,0.05,0.5,1789,5.697452229299363,26.47392290249433,571.0,0.31917272219116827,1.4402467232074017,21.0,21,2.333357654259925,1.151512952029373,True,True
EXTREME_OPEN,3,CISD,4.0,1.2,0.3,0.15,0.5,1363,4.340764331210191,27.016129032258064,435.0,0.3191489361702128,1.4806629834254144,28.0,20,2.163510279988957,0.9912291722354103,True,True
EXTREME_OPEN,8,FIB_618,4.0,1.2,0.3,0.05,0.25,1285,4.092356687898089,26.48221343873518,410.0,0.31906614785992216,1.4408602150537635,22.0,20,2.3700217636613647,1.164097561121556,True,True
LAST_OPPOSING,8,FIB_705,4.0,1.2,0.0,0.05,0.5,1653,5.264331210191083,26.41509433962264,527.0,0.31881427707199034,1.435897435897436,29.0,18,2.4099341464159156,1.230245706108193,True,True
EXTREME_OPEN,8,CISD,2.5,1.5,0.0,0.0,0.5,1440,4.585987261146497,38.35820895522388,459.0,0.31875,1.555690072639225,21.0,12,1.693662546564434,0.8898153909123058,True,True
EXTREME_OPEN,8,FIB_618,4.0,1.2,0.3,0.0,0.25,1301,4.143312101910828,26.46370023419204,414.0,0.31821675634127594,1.4394904458598725,23.0,18,2.3694993297179474,1.1635580630759694,True,True
EXTREME_OPEN,5,FIB_618,4.0,1.2,0.3,0.05,0.5,1267,4.035031847133758,26.4635124298316,403.0,0.3180741910023678,1.4394765539803707,25.0,21,2.352607101460306,1.1445283253969254,True,True
EXTREME_OPEN,5,FIB_618,4.0,1.2,0.3,0.0,0.5,1283,4.085987261146497,26.44497228820269,407.0,0.3172252533125487,1.4381054897739505,24.0,18,2.3516313267514612,1.1457062101689641,True,True
EXTREME_OPEN,3,CISD,4.0,1.5,0.0,0.05,0.25,1259,4.009554140127388,27.087033747779753,399.0,0.3169181890389198,1.4859926918392206,32.0,32,2.1315665337752887,0.9973331822431171,True,True
EXTREME_OPEN,8,CISD,3.0,1.5,0.0,0.0,0.25,1419,4.519108280254777,33.66795366795367,449.0,0.3164200140944327,1.5227008149010477,31.0,25,1.8524218570388975,0.9375231765963921,True,True
LAST_OPPOSING,8,FIB_705,4.0,1.2,0.0,0.0,0.5,1698,5.407643312101911,26.362559241706162,537.0,0.31625441696113077,1.4320193081255028,29.0,18,2.4110698051206763,1.2372051834742328,True,True
EXTREME_OPEN,8,FIB_618,4.0,1.2,0.0,0.0,0.25,1870,5.955414012738854,26.409978308026034,591.0,0.3160427807486631,1.4355195283714075,21.0,17,2.356497887846407,1.1702784994963422,True,True
EXTREME_OPEN,5,CISD,4.0,1.2,0.3,0.05,0.25,1519,4.837579617834395,26.931407942238266,480.0,0.31599736668861095,1.4743083003952568,25.0,17,2.1639112417460624,1.0050755167704186,True,True
LAST_OPPOSING,5,FIB_618,4.0,1.2,0.3,0.05,0.25,1263,4.022292993630574,26.43029814665592,399.0,0.3159144893111639,1.4370208105147864,23.0,19,2.36389010561153,1.1609934608687293,True,True
LAST_OPPOSING,5,FIB_618,4.0,1.2,0.3,0.0,0.25,1279,4.073248407643312,26.412092283214,403.0,0.31508991399530883,1.4356756756756757,23.0,19,2.3621240620618975,1.162281886460826,True,True
EXTREME_OPEN,3,FIB_618,4.0,1.2,0.0,0.0,0.25,1768,5.630573248407643,26.376146788990823,556.0,0.31447963800904977,1.4330218068535825,26.0,21,2.364103361102755,1.1746391222130668,True,True
EXTREME_OPEN,5,CISD,4.0,1.2,0.3,0.0,0.25,1540,4.904458598726115,26.884779516358464,484.0,0.3142857142857143,1.4708171206225682,30.0,18,2.1581005324484863,1.0067097965674574,True,True
EXTREME_OPEN,5,CISD,4.0,1.2,0.3,0.15,0.25,1427,4.544585987261146,26.908249807247493,448.0,0.31394533987386125,1.4725738396624473,30.0,22,2.168617555907447,1.000937111886009,True,True
EXTREME_OPEN,8,CISD,4.0,1.2,0.3,0.05,0.25,1541,4.907643312101911,26.89015691868759,483.0,0.31343283582089554,1.471219512195122,26.0,19,2.1641396734039664,1.003486086237994,True,True
LAST_OPPOSING,3,FIB_618,4.0,1.2,0.0,0.05,0.5,1651,5.25796178343949,26.351351351351347,517.0,0.3131435493640218,1.4311926605504588,27.0,21,2.344320798773746,1.149219250527814,True,True
EXTREME_OPEN,5,FIB_618,4.0,1.2,0.0,0.0,0.5,1840,5.859872611464968,26.350606394707825,576.0,0.3130434782608696,1.4311377245508983,25.0,23,2.331650208920362,1.156611091864115,True,True
EXTREME_OPEN,3,FIB_618,4.0,1.2,0.0,0.05,0.5,1716,5.464968152866242,26.343768458357946,537.0,0.3129370629370629,1.4306335204490779,24.0,21,2.335944708746169,1.1546009136191824,True,True
EXTREME_OPEN,5,CISD,3.0,1.5,0.0,0.0,0.5,1385,4.410828025477707,33.54380426203631,433.0,0.31263537906137184,1.5142517814726841,31.0,25,1.8480005147249925,0.9329891304814593,True,True
EXTREME_OPEN,8,CISD,4.0,1.2,0.3,0.15,0.25,1448,4.611464968152866,26.884996191926884,452.0,0.31215469613259667,1.4708333333333334,30.0,22,2.1687389043320615,0.9992376790773179,True,True
EXTREME_OPEN,8,FIB_618,4.0,1.2,0.0,0.05,0.5,1818,5.789808917197452,26.32459564974902,567.0,0.3118811881188119,1.429220287660863,23.0,21,2.326002930722064,1.1518528672413721,True,True
EXTREME_OPEN,8,CISD,4.0,1.2,0.3,0.0,0.25,1562,4.974522292993631,26.84469430780042,487.0,0.3117797695262484,1.467819404418828,31.0,19,2.158407733978177,1.0051187167940892,True,True
LAST_OPPOSING,5,FIB_618,4.0,1.2,0.0,0.0,0.5,1836,5.8471337579617835,26.327433628318587,572.0,0.3115468409586057,1.4294294294294294,27.0,23,2.3272322287794682,1.1515657987390984,True,True
EXTREME_OPEN,3,CISD,4.0,1.2,0.3,0.0,0.5,1475,4.697452229299363,26.820208023774146,459.0,0.3111864406779661,1.465989847715736,29.0,21,2.151805413896268,0.9969470440825989,True,True
LAST_OPPOSING,8,FIB_618,4.0,1.2,0.0,0.05,0.25,1829,5.82484076433121,26.304106548279687,568.0,0.31055221432476765,1.427710843373494,23.0,15,2.3427978439580803,1.165450327800993,True,True
EXTREME_OPEN,8,FIB_618,4.0,1.2,0.3,0.05,0.5,1284,4.089171974522293,26.265822784810126,396.0,0.308411214953271,1.4248927038626609,27.0,23,2.3391133311577526,1.1464974410155817,True,True
EXTREME_OPEN,3,CISD,4.0,1.5,0.0,0.0,0.25,1286,4.095541401273885,26.89295039164491,396.0,0.30793157076205285,1.4714285714285715,32.0,32,2.120665568351431,1.0000364078952804,True,True
LAST_OPPOSING,3,FIB_618,4.0,1.2,0.0,0.0,0.5,1694,5.3949044585987265,26.22754491017964,520.0,0.3069657615112161,1.422077922077922,27.0,21,2.343140321862708,1.155099622182003,True,True
EXTREME_OPEN,8,FIB_618,4.0,1.2,0.0,0.0,0.5,1869,5.952229299363057,26.207270754205105,572.0,0.30604601391118247,1.4205882352941177,26.0,23,2.324522669339311,1.1568626273377416,True,True
EXTREME_OPEN,8,CISD,3.0,1.5,0.0,0.05,0.5,1392,4.43312101910828,33.35955940204563,425.0,0.305316091954023,1.5017709563164108,31.0,25,1.8471964091308601,0.9298041161897036,True,True
LAST_OPPOSING,8,FIB_618,4.0,1.2,0.0,0.0,0.25,1876,5.974522292993631,26.190476190476193,572.0,0.3049040511727079,1.4193548387096775,23.0,16,2.341578605297407,1.1712988735741836,True,True
EXTREME_OPEN,3,FIB_618,4.0,1.2,0.0,0.0,0.5,1767,5.627388535031847,26.161790017211707,537.0,0.30390492359932086,1.4172494172494172,26.0,22,2.3321080228644036,1.1607554231151966,True,True
EXTREME_OPEN,8,FIB_618,4.0,1.2,0.3,0.0,0.5,1300,4.140127388535032,26.171875,395.0,0.3038461538461538,1.417989417989418,23.0,18,2.3356196362530666,1.1489064005057654,True,True
LAST_OPPOSING,8,FIB_618,4.0,1.2,0.3,0.05,0.25,1285,4.092356687898089,26.128266033254157,387.0,0.30116731517509726,1.414790996784566,22.0,19,2.3473707436584283,1.165121529125887,True,True
EXTREME_OPEN,3,CISD,4.0,1.5,0.0,0.05,0.5,1257,4.003184713375796,26.737967914438503,378.0,0.30071599045346065,1.4598540145985401,32.0,32,2.1111104187799725,0.9876463069394955,True,True
LAST_OPPOSING,8,FIB_618,4.0,1.2,0.3,0.0,0.25,1301,4.143312101910828,26.11415168100078,391.0,0.3005380476556495,1.4137566137566138,19.0,19,2.345837722975315,1.16633739941042,True,True
LAST_OPPOSING,8,FIB_618,4.0,1.2,0.0,0.05,0.5,1828,5.821656050955414,26.096612992781786,549.0,0.300328227571116,1.4124718256949662,23.0,21,2.31291112618627,1.1501034924926337,True,True
EXTREME_OPEN,5,CISD,4.0,1.2,0.3,0.05,0.5,1516,4.828025477707007,26.57494569152788,454.0,0.2994722955145119,1.4477317554240632,25.0,17,2.1447003069806585,0.9956169889828366,True,True
EXTREME_OPEN,5,CISD,4.0,1.5,0.0,0.05,0.25,1328,4.229299363057325,26.7402376910017,397.0,0.2989457831325301,1.4600231749710313,35.0,35,2.122609981078355,0.9955307577870858,True,True
EXTREME_OPEN,8,CISD,3.0,1.5,0.0,0.0,0.5,1416,4.509554140127388,33.17829457364341,422.0,0.2980225988700565,1.4895591647331787,31.0,25,1.840091435151788,0.9316835712073843,True,True
EXTREME_OPEN,8,CISD,4.0,1.2,0.3,0.05,0.5,1537,4.8949044585987265,26.556907659269864,458.0,0.2979830839297333,1.446393762183236,26.0,19,2.1455376965058464,0.9934189831513115,True,True
LAST_OPPOSING,5,FIB_618,4.0,1.2,0.3,0.05,0.5,1262,4.019108280254777,26.048387096774196,375.0,0.2971473851030111,1.4089422028353327,26.0,22,2.332079088133433,1.1430995985916919,True,True
EXTREME_OPEN,5,CISD,4.0,1.2,0.3,0.15,0.5,1424,4.535031847133758,26.527455529775718,422.0,0.29634831460674155,1.4442105263157894,30.0,22,2.1488087712686608,0.9920939406399314,True,True
EXTREME_OPEN,8,CISD,4.0,1.2,0.3,0.15,0.5,1444,4.598726114649682,26.52905198776758,427.0,0.29570637119113574,1.4443288241415193,30.0,22,2.149602544738831,0.9897414456469086,True,True
LAST_OPPOSING,5,FIB_618,4.0,1.2,0.3,0.0,0.5,1277,4.06687898089172,25.976095617529882,375.0,0.2936570086139389,1.403659849300323,23.0,19,2.3294227522052715,1.14479729948321,True,True
LAST_OPPOSING,8,FIB_618,4.0,1.2,0.0,0.0,0.5,1874,5.968152866242038,25.947995666305523,549.0,0.2929562433297759,1.401609363569861,24.0,22,2.3112037066963476,1.1560828539520493,True,True
EXTREME_OPEN,5,CISD,4.0,1.2,0.3,0.0,0.5,1537,4.8949044585987265,26.42857142857143,450.0,0.29277813923227064,1.4368932038834952,30.0,18,2.1388378074044545,0.9972224316161539,True,True
EXTREME_OPEN,5,CISD,4.0,1.5,0.0,0.0,0.25,1353,4.308917197452229,26.605504587155966,396.0,0.2926829268292683,1.45,35.0,35,2.1133139837712074,0.9978900756977134,True,True
EXTREME_OPEN,8,CISD,4.0,1.2,0.3,0.0,0.5,1558,4.961783439490445,26.412429378531073,454.0,0.2913992297817715,1.435700575815739,31.0,19,2.1397429294784684,0.9950324128367227,True,True
EXTREME_OPEN,3,CISD,4.0,1.5,0.0,0.0,0.5,1284,4.089171974522293,26.486013986013983,371.0,0.28894080996884736,1.441141498216409,32.0,32,2.100506150947369,0.9903108999099457,True,True
EXTREME_OPEN,5,CISD,4.0,1.5,0.0,0.05,0.5,1325,4.219745222929936,26.427962489343564,377.0,0.28452830188679246,1.436848203939745,35.0,35,2.103175057253299,0.9851045449066618,True,True
LAST_OPPOSING,8,FIB_618,4.0,1.2,0.3,0.05,0.5,1284,4.089171974522293,25.752773375594295,363.0,0.2827102803738318,1.3874066168623265,27.0,22,2.315589906186929,1.1471947894423076,True,True
LAST_OPPOSING,8,FIB_618,4.0,1.2,0.3,0.0,0.5,1299,4.1369426751592355,25.68519968676586,363.0,0.279445727482679,1.3825079030558483,22.0,19,2.3131689645001976,1.1488164493158326,True,True
EXTREME_OPEN,5,CISD,4.0,1.5,0.0,0.0,0.5,1350,4.2993630573248405,26.236378876781224,372.0,0.27555555555555555,1.4227272727272726,35.0,35,2.0941507113769275,0.987458055269431,True,True
EXTREME_OPEN,8,CISD,4.0,1.5,0.0,0.05,0.25,1357,4.321656050955414,26.232247284878863,373.0,0.2748710390567428,1.42242355605889,35.0,35,2.10622389735686,0.994060991841884,True,True
EXTREME_OPEN,8,CISD,4.0,1.5,0.0,0.0,0.25,1382,4.401273885350318,26.108374384236456,372.0,0.2691751085383502,1.4133333333333333,35.0,35,2.097419387759513,0.9963973892960875,True,True
EXTREME_OPEN,8,CISD,4.0,1.5,0.0,0.05,0.5,1353,4.308917197452229,25.94458438287154,354.0,0.2616407982261641,1.401360544217687,35.0,35,2.088213075557126,0.9830474762901723,True,True
EXTREME_OPEN,8,CISD,4.0,1.5,0.0,0.0,0.5,1378,4.388535031847134,25.763831544178366,349.0,0.2532656023222061,1.3882091212458287,35.0,35,2.079643541891889,0.9853904847844761,True,True
LAST_OPPOSING,3,FIB_786,2.5,0.0,0.0,0.15,0.25,2050,6.528662420382165,46.412884333821374,1279.5,0.6241463414634146,2.1653005464480874,15.5,11,2.323656383922754,1.1343415338663803,False,True
LAST_OPPOSING,5,FIB_786,2.5,0.0,0.0,0.15,0.25,2186,6.961783439490445,46.224256292906176,1350.0,0.6175663311985361,2.148936170212766,15.5,11,2.304673209243727,1.134807347079228,False,True
EXTREME_OPEN,3,FIB_786,2.5,0.0,0.0,0.15,0.25,2109,6.7165605095541405,46.01518026565465,1287.0,0.6102418207681366,2.130931458699473,16.5,12,2.321069314195288,1.149815590588691,False,True
LAST_OPPOSING,8,FIB_786,2.5,0.0,0.0,0.15,0.25,2228,7.095541401273885,45.84643017512349,1346.5,0.6043536804308797,2.1165008291873963,15.5,11,2.2912238504490343,1.1392971192402628,False,True
EXTREME_OPEN,5,FIB_786,2.5,0.0,0.0,0.15,0.25,2189,6.971337579617835,45.84095063985375,1322.5,0.60415714938328,2.1160337552742616,16.5,12,2.3127625018164895,1.1484089544391602,False,True
LAST_OPPOSING,3,FIB_786,3.0,0.0,0.0,0.15,0.25,2049,6.525477707006369,40.0390625,1232.0,0.6012689116642265,2.003257328990228,14.0,13,2.462897445543821,1.221964187565265,False,True
LAST_OPPOSING,5,FIB_786,2.5,0.0,0.3,0.0,0.25,2106,6.707006369426751,45.70071258907363,1262.0,0.5992402659069326,2.1041119860017496,15.0,10,2.339663603656776,1.1690438502562248,False,True
EXTREME_OPEN,8,FIB_786,2.5,0.0,0.0,0.15,0.25,2222,7.076433121019108,45.65511031067087,1328.0,0.5976597659765976,2.100248550124275,16.5,12,2.3055916010500788,1.1499340884698048,False,True
LAST_OPPOSING,5,FIB_786,2.5,0.0,0.3,0.05,0.25,1991,6.340764331210191,45.62814070351759,1188.0,0.5966850828729282,2.0979667282809613,14.0,10,2.3272763857994656,1.1515466241612986,False,True
LAST_OPPOSING,5,FIB_786,3.0,0.0,0.0,0.15,0.25,2185,6.95859872611465,39.88095238095239,1300.0,0.5949656750572082,1.99009900990099,14.0,13,2.44824202882931,1.2225381918035776,False,True
LAST_OPPOSING,3,FIB_786,2.5,0.0,0.0,0.15,0.5,2049,6.525477707006369,45.556640625,1217.5,0.5941922889214251,2.091928251121076,15.5,11,2.2598912014290704,1.1110990921405213,False,True
LAST_OPPOSING,3,FIB_786,2.5,0.0,0.3,0.0,0.25,2021,6.436305732484076,45.54455445544555,1200.0,0.5937654626422563,2.090909090909091,15.0,10,2.3495543690951823,1.1698990697585203,False,True
LAST_OPPOSING,8,FIB_786,2.5,0.0,0.3,0.0,0.25,2131,6.786624203821656,45.539906103286384,1265.0,0.5936180197090568,2.0905172413793105,15.0,10,2.332916714374928,1.1726736398365945,False,True
LAST_OPPOSING,3,FIB_786,2.5,1.2,0.0,0.15,0.25,1201,3.8248407643312103,45.5,711.0,0.5920066611157369,2.0871559633027523,12.5,10,2.2691038079098784,1.1436236574439456,False,True
LAST_OPPOSING,8,FIB_786,2.5,0.0,0.3,0.05,0.25,2016,6.420382165605096,45.459057071960295,1191.0,0.5907738095238095,2.083712465878071,14.0,10,2.3202982406540356,1.15560044968121,False,True
LAST_OPPOSING,3,FIB_786,2.5,0.0,0.3,0.05,0.25,1910,6.082802547770701,45.41644840230487,1125.5,0.5892670157068063,2.080134357005758,14.0,10,2.3371872330001286,1.1524863192063257,False,True
LAST_OPPOSING,5,FIB_786,2.5,0.0,0.0,0.15,0.5,2185,6.95859872611465,45.375457875457876,1284.5,0.5878718535469107,2.0766974015088016,15.5,11,2.2434624993284995,1.1114087287650314,False,True
EXTREME_OPEN,3,FIB_786,2.5,0.0,0.3,0.0,0.25,2115,6.735668789808917,45.36423841059602,1242.5,0.5874704491725768,2.0757575757575757,17.0,11,2.3565609720157155,1.184056757376563,False,True
EXTREME_OPEN,5,FIB_786,3.0,0.0,0.0,0.15,0.25,2187,6.964968152866242,39.661482159194875,1282.0,0.5861911294010059,1.971948445792267,15.0,12,2.4572961515378497,1.2340339250914907,False,True
EXTREME_OPEN,3,FIB_786,2.5,0.0,0.3,0.05,0.25,1994,6.350318471337579,45.30858003010537,1167.5,0.585506519558676,2.0711009174311927,16.0,11,2.3445875070160427,1.1647021913508846,False,True
EXTREME_OPEN,3,FIB_786,3.0,0.0,0.0,0.15,0.25,2108,6.713375796178344,39.62980541053631,1233.0,0.5849146110056926,1.9693396226415094,15.0,12,2.4647738094706506,1.2374427195945268,False,True
EXTREME_OPEN,5,FIB_786,2.5,0.0,0.3,0.0,0.25,2176,6.929936305732484,45.241379310344826,1269.0,0.5831801470588235,2.065491183879093,16.0,11,2.34872379244208,1.1828754784947586,False,True
LAST_OPPOSING,5,FIB_786,2.5,0.0,0.4,0.15,0.25,1230,3.917197452229299,45.203252032520325,716.0,0.5821138211382114,2.0623145400593472,12.0,10,2.2938439623283857,1.1438426047678476,False,True
LAST_OPPOSING,8,FIB_786,3.0,0.0,0.0,0.15,0.25,2227,7.092356687898089,39.532794249775385,1294.0,0.5810507409070499,1.9613670133729568,14.0,13,2.4350119223389766,1.2263303596427206,False,True
EXTREME_OPEN,5,FIB_786,2.5,0.0,0.3,0.05,0.25,2053,6.538216560509555,45.17543859649123,1192.5,0.5808572820263029,2.06,15.0,11,2.335839303327841,1.1639389915507559,False,True
EXTREME_OPEN,8,FIB_786,3.0,0.0,0.0,0.15,0.25,2220,7.070063694267516,39.52230734565119,1289.0,0.5806306306306306,1.9605067064083457,15.0,12,2.449233523835056,1.2348225004078586,False,True
LAST_OPPOSING,3,FIB_786,2.5,1.2,0.3,0.05,0.25,959,3.054140127388535,45.093945720250524,554.0,0.5776850886339937,2.053231939163498,11.5,10,2.2745074868505033,1.1333695305702947,False,True
LAST_OPPOSING,8,FIB_786,2.5,0.0,0.4,0.15,0.25,1249,3.977707006369427,45.07606084867894,721.5,0.577662129703763,2.051749271137026,12.0,10,2.286661211258957,1.144654098393378,False,True
EXTREME_OPEN,8,FIB_786,2.5,0.0,0.3,0.0,0.25,2197,6.996815286624204,45.08196721311475,1269.0,0.5776058261265362,2.0522388059701493,16.0,11,2.3435413897323993,1.1846560819371952,False,True
LAST_OPPOSING,3,FIB_786,2.5,0.0,0.4,0.15,0.25,1185,3.7738853503184715,45.063291139240505,684.0,0.5772151898734177,2.0506912442396312,12.0,10,2.3033667481497124,1.1460046428375075,False,True
LAST_OPPOSING,5,FIB_786,3.0,0.0,0.3,0.0,0.25,2104,6.7006369426751595,39.41987636709462,1213.0,0.5765209125475285,1.9521193092621665,14.0,10,2.481215753053986,1.2588588042323299,False,True
LAST_OPPOSING,3,FIB_786,3.0,0.0,0.0,0.15,0.5,2046,6.515923566878981,39.41320293398533,1179.0,0.5762463343108505,1.9515738498789346,14.0,13,2.399082137770369,1.1958851782045687,False,True
EXTREME_OPEN,5,FIB_786,3.0,0.0,0.3,0.0,0.25,2173,6.920382165605096,39.41068139963168,1252.0,0.5761619880349746,1.9513677811550152,16.0,14,2.4927190249922386,1.2680213175277304,False,True
EXTREME_OPEN,8,FIB_786,2.5,0.0,0.3,0.05,0.25,2074,6.6050955414012735,45.00723589001447,1192.5,0.5749758919961427,2.0460526315789473,15.0,11,2.330480014763825,1.1660169336861739,False,True
LAST_OPPOSING,5,FIB_786,2.5,1.2,0.3,0.05,0.25,1021,3.251592356687898,45.0,586.5,0.5744368266405485,2.0454545454545454,11.5,10,2.2550309453042594,1.13952472821625,False,True
EXTREME_OPEN,5,FIB_786,3.0,0.0,0.3,0.05,0.25,2051,6.531847133757962,39.36585365853659,1178.0,0.5743539736713799,1.9477071600965405,14.0,13,2.4836144823458697,1.2469608823963743,False,True
LAST_OPPOSING,8,FIB_786,2.5,0.0,0.0,0.15,0.5,2227,7.092356687898089,44.9685534591195,1277.5,0.5736416704086215,2.0428571428571427,15.5,11,2.2304262723281303,1.1159190407124868,False,True
EXTREME_OPEN,3,FIB_786,3.0,0.0,0.3,0.0,0.25,2113,6.729299363057325,39.346590909090914,1212.0,0.5735920492191198,1.946135831381733,16.0,14,2.4991486288567004,1.2716724001179995,False,True
LAST_OPPOSING,3,FIB_786,3.0,0.0,0.3,0.0,0.25,2019,6.429936305732484,39.345887016848366,1158.0,0.5735512630014858,1.946078431372549,14.0,10,2.4880042489113414,1.2598183360497235,False,True
EXTREME_OPEN,3,FIB_786,2.5,0.0,0.0,0.15,0.5,2108,6.713375796178344,44.945420028476505,1207.5,0.5728178368121443,2.040948275862069,16.5,12,2.2583156349356712,1.1309384610677777,False,True
LAST_OPPOSING,3,FIB_786,2.5,1.2,0.3,0.0,0.25,971,3.0923566878980893,44.948453608247426,556.0,0.572605561277034,2.041198501872659,11.5,10,2.274005678470339,1.1347348963603126,False,True
LAST_OPPOSING,5,FIB_786,3.0,0.0,0.3,0.05,0.25,1990,6.337579617834395,39.31623931623932,1139.0,0.5723618090452262,1.943661971830986,13.0,10,2.4717538473228404,1.2397287396923635,False,True
LAST_OPPOSING,5,FIB_786,3.0,0.0,0.4,0.15,0.25,1229,3.9140127388535033,39.300244100895036,703.0,0.5720097640358015,1.9423592493297588,10.0,10,2.4356971827588447,1.2251834592774515,False,True
EXTREME_OPEN,3,FIB_786,3.0,0.0,0.3,0.05,0.25,1993,6.3471337579617835,39.30722891566265,1140.0,0.572002007024586,1.9429280397022333,15.0,13,2.490838851257456,1.2502040378874386,False,True
LAST_OPPOSING,3,FIB_786,3.0,0.0,0.4,0.15,0.25,1184,3.770700636942675,39.27364864864865,676.0,0.5709459459459459,1.9401947148817802,10.0,10,2.441118721789877,1.2267249698463885,False,True
EXTREME_OPEN,8,FIB_786,3.0,0.0,0.3,0.0,0.25,2194,6.987261146496815,39.261285909712726,1251.0,0.5701914311759344,1.9391891891891893,16.0,14,2.487609208056972,1.2695305866987023,False,True
EXTREME_OPEN,3,FIB_786,3.0,0.0,0.4,0.15,0.25,1223,3.894904458598726,39.247751430907606,697.0,0.5699100572363042,1.9380888290713325,12.0,12,2.4455923922028617,1.2378236089910781,False,True
EXTREME_OPEN,3,FIB_786,2.5,0.0,0.4,0.15,0.25,1224,3.8980891719745223,44.85294117647059,697.5,0.5698529411764706,2.033333333333333,11.0,9,2.306510520713427,1.1609927626362713,False,True
LAST_OPPOSING,5,FIB_786,2.5,1.2,0.3,0.15,0.25,944,3.0063694267515926,44.85683987274655,537.5,0.569385593220339,2.0336538461538463,11.0,10,2.2457333730176248,1.1502947096201235,False,True
LAST_OPPOSING,8,FIB_786,3.0,0.0,0.3,0.0,0.25,2129,6.780254777070064,39.23872180451128,1212.0,0.5692813527477689,1.937354988399072,14.0,10,2.475781370530627,1.262389426166014,False,True
LAST_OPPOSING,5,FIB_786,3.0,0.0,0.0,0.15,0.5,2181,6.945859872611465,39.22018348623853,1240.0,0.5685465382851903,1.9358490566037736,14.0,13,2.385613392241716,1.1965160619122446,False,True
LAST_OPPOSING,5,FIB_786,2.5,1.2,0.3,0.0,0.25,1036,3.299363057324841,44.830917874396135,589.0,0.5685328185328186,2.031523642732049,11.5,10,2.254853012771764,1.1417164848858268,False,True
EXTREME_OPEN,5,FIB_786,2.5,0.0,0.0,0.15,0.5,2188,6.968152866242038,44.81024234110654,1243.0,0.5680987202925045,2.0298260149130076,16.5,12,2.251009711864117,1.1285384123770381,False,True
EXTREME_OPEN,8,FIB_786,3.0,0.0,0.3,0.05,0.25,2072,6.598726114649682,39.20811202317721,1177.0,0.568050193050193,1.9348689436060365,14.0,13,2.4782960735811965,1.2487724681583776,False,True
LAST_OPPOSING,3,FIB_786,3.0,0.0,0.3,0.05,0.25,1909,6.079617834394904,39.20335429769392,1084.0,0.5678365636458879,1.9344827586206896,13.0,10,2.4782060191525317,1.2405208789963063,False,True
LAST_OPPOSING,8,FIB_786,3.0,0.0,0.3,0.05,0.25,2015,6.417197452229299,39.12611717974181,1138.0,0.5647642679900744,1.928221859706362,13.0,10,2.4661294042712507,1.2436964546850746,False,True
LAST_OPPOSING,3,FIB_786,3.0,1.2,0.0,0.15,0.25,1200,3.821656050955414,39.11592994161801,677.0,0.5641666666666667,1.9273972602739726,12.0,10,2.412165515331507,1.2295178142417618,False,True
LAST_OPPOSING,8,FIB_786,3.0,0.0,0.4,0.15,0.25,1248,3.9745222929936306,39.1025641025641,704.0,0.5641025641025641,1.9263157894736842,10.0,10,2.4293220547588397,1.2263814285507313,False,True
LAST_OPPOSING,8,FIB_786,2.5,1.2,0.3,0.05,0.25,1039,3.3089171974522293,44.701348747591524,586.0,0.5640038498556305,2.0209059233449476,11.5,10,2.2437175296650413,1.1476075021584509,False,True
EXTREME_OPEN,8,FIB_786,2.5,0.0,0.0,0.15,0.5,2221,7.073248407643312,44.63963963963964,1248.5,0.5621341737955876,2.01586655817738,16.5,12,2.243925375727495,1.129727078636514,False,True
LAST_OPPOSING,3,FIB_786,2.5,1.2,0.0,0.15,0.5,1200,3.821656050955414,44.62051709758132,673.5,0.56125,2.0143072289156625,12.5,10,2.2108752858123055,1.1181259836883324,False,True
LAST_OPPOSING,5,FIB_786,2.5,0.0,0.3,0.0,0.5,2103,6.697452229299363,44.57659372026641,1177.5,0.5599144079885877,2.0107296137339055,15.0,10,2.279923398418445,1.149506786484779,False,True
LAST_OPPOSING,8,FIB_786,2.5,1.2,0.3,0.0,0.25,1054,3.356687898089172,44.53941120607787,588.5,0.5583491461100569,2.0077054794520546,11.5,10,2.243703642692482,1.1496467984587813,False,True
LAST_OPPOSING,8,FIB_786,2.5,1.2,0.3,0.15,0.25,962,3.0636942675159236,44.5369406867846,537.0,0.5582120582120582,2.00750469043152,11.0,10,2.2336883807639993,1.1588229242362116,False,True
EXTREME_OPEN,3,FIB_786,2.5,1.2,0.0,0.15,0.25,1230,3.917197452229299,44.50772986167616,685.5,0.5573170731707318,2.0051319648093844,14.0,11,2.2553511453573,1.1693322008306672,False,True
EXTREME_OPEN,3,FIB_786,2.5,1.2,0.3,0.05,0.25,986,3.140127388535032,44.46700507614213,548.0,0.5557809330628803,2.0018281535648996,12.0,9,2.275331865592817,1.1654775628943606,False,True
LAST_OPPOSING,8,FIB_786,3.0,0.0,0.0,0.15,0.5,2223,7.079617834394904,38.88388838883888,1234.0,0.5551057130004499,1.9086892488954346,14.0,13,2.3728086972759073,1.1999403992068987,False,True
EXTREME_OPEN,5,FIB_786,3.0,0.0,0.0,0.15,0.5,2185,6.95859872611465,38.87362637362637,1212.0,0.5546910755148742,1.9078651685393258,15.0,12,2.398108630140239,1.210992983141816,False,True
LAST_OPPOSING,3,FIB_786,2.5,0.0,0.3,0.0,0.5,2018,6.426751592356688,44.42240951908775,1119.0,0.5545094152626363,1.9982158786797501,15.0,10,2.2867366567780762,1.1511246965705257,False,True
EXTREME_OPEN,3,FIB_786,3.0,0.0,0.0,0.15,0.5,2106,6.707006369426751,38.85985748218527,1167.0,0.5541310541310541,1.9067599067599068,15.0,12,2.4033028196645025,1.2149012139468625,False,True
LAST_OPPOSING,5,FIB_786,2.5,0.0,0.3,0.05,0.5,1990,6.337579617834395,44.39416792357969,1101.5,0.5535175879396985,1.9959312839059675,14.0,10,2.26849583730118,1.1337876447042312,False,True
LAST_OPPOSING,8,FIB_786,2.5,0.0,0.3,0.0,0.5,2128,6.777070063694268,44.38175834508697,1177.0,0.5531015037593985,1.9949281487743027,15.0,10,2.2732248256427154,1.1532022654377452,False,True
LAST_OPPOSING,5,FIB_786,2.5,0.0,0.4,0.15,0.5,1229,3.9140127388535033,44.344995931651745,678.5,0.5520748576078113,1.9919590643274854,12.0,10,2.2296013978410225,1.120495292716414,False,True
LAST_OPPOSING,3,FIB_705,2.5,0.0,0.0,0.15,0.25,2288,7.286624203821656,44.35695538057743,1263.0,0.5520104895104895,1.9929245283018868,15.0,11,2.1225134279348463,1.042372057540827,False,True
EXTREME_OPEN,3,FIB_705,2.5,0.0,0.0,0.15,0.25,2351,7.487261146496815,44.340425531914896,1297.0,0.5516801361122926,1.9915902140672783,14.0,12,2.132288943063551,1.0502173355365172,False,True
EXTREME_OPEN,5,FIB_786,2.5,1.2,0.3,0.05,0.25,1026,3.267515923566879,44.29268292682927,564.0,0.5497076023391813,1.9877408056042032,12.0,9,2.266821555002854,1.164254059657235,False,True
EXTREME_OPEN,8,FIB_786,3.0,0.0,0.0,0.15,0.5,2218,7.063694267515924,38.74605322507894,1219.0,0.5495942290351669,1.897643593519882,15.0,12,2.3908798151556674,1.2114747349984014,False,True
LAST_OPPOSING,3,FIB_786,2.5,0.0,0.4,0.15,0.5,1184,3.770700636942675,44.25675675675676,650.0,0.5489864864864865,1.9848484848484849,12.0,10,2.235337919905806,1.122769632575674,False,True
EXTREME_OPEN,3,FIB_786,2.5,1.2,0.3,0.0,0.25,1002,3.1910828025477707,44.255744255744254,549.5,0.5484031936127745,1.9847670250896057,12.0,9,2.2715050725046804,1.1677850496748057,False,True
EXTREME_OPEN,3,FIB_786,2.5,0.0,0.3,0.0,0.5,2111,6.722929936305732,44.21800947867299,1155.5,0.5473709142586451,1.981733220050977,17.0,11,2.29567873428054,1.166486050848643,False,True
EXTREME_OPEN,5,FIB_705,2.5,0.0,0.0,0.15,0.25,2446,7.789808917197452,44.212678936605315,1338.5,0.5472199509403107,1.9813049853372433,15.0,12,2.123683562182557,1.0481434687367532,False,True
LAST_OPPOSING,8,FIB_786,2.5,0.0,0.3,0.05,0.5,2015,6.417197452229299,44.19066534260179,1101.0,0.5464019851116625,1.9795373665480427,14.0,10,2.2615633937087125,1.1378853904890578,False,True
LAST_OPPOSING,3,FIB_786,2.5,0.0,0.3,0.05,0.5,1909,6.079617834394904,44.18238993710692,1042.5,0.5460974332111053,1.9788732394366197,14.0,10,2.275109692183794,1.1355096340797297,False,True
LAST_OPPOSING,5,FIB_786,3.0,0.0,0.4,0.15,0.5,1229,3.9140127388535033,38.6493083807974,671.0,0.5459723352318958,1.889920424403183,10.0,10,2.3685704121102704,1.2007008146598948,False,True
LAST_OPPOSING,8,FIB_786,2.5,0.0,0.4,0.15,0.5,1248,3.9745222929936306,44.15064102564102,680.5,0.5452724358974359,1.9763271162123386,12.0,10,2.2227143531402827,1.121977393141575,False,True
LAST_OPPOSING,5,FIB_705,2.5,0.0,0.0,0.15,0.25,2447,7.792993630573249,44.148936170212764,1332.5,0.5445443400081733,1.9761904761904763,14.5,11,2.108600422518168,1.040412447510025,False,True
EXTREME_OPEN,5,FIB_786,2.5,0.0,0.3,0.0,0.5,2172,6.917197452229299,44.127130354675266,1182.0,0.5441988950276243,1.9744435284418795,16.0,11,2.289036954756538,1.1643381859473336,False,True
LAST_OPPOSING,3,FIB_786,3.0,0.0,0.4,0.15,0.5,1184,3.770700636942675,38.59797297297297,644.0,0.543918918918919,1.8858321870701513,10.0,10,2.372845699139474,1.2029628411981825,False,True
EXTREME_OPEN,5,FIB_786,2.5,1.2,0.3,0.0,0.25,1042,3.3184713375796178,44.09221902017291,565.5,0.5427063339731286,1.9716494845360826,11.5,9,2.263272340314876,1.1664917542885211,False,True
EXTREME_OPEN,3,FIB_786,2.5,0.0,0.3,0.05,0.5,1993,6.3471337579617835,44.07630522088353,1081.0,0.5423983943803311,1.9703770197486534,16.0,11,2.284090675252804,1.1491019472297184,False,True
LAST_OPPOSING,3,FIB_786,3.0,1.2,0.3,0.05,0.25,958,3.050955414012739,38.557993730407524,519.0,0.5417536534446764,1.8826530612244898,13.0,12,2.4160296052878727,1.2198311398489579,False,True
LAST_OPPOSING,5,FIB_786,3.0,1.2,0.3,0.15,0.25,943,3.0031847133757963,38.53503184713376,510.0,0.5408271474019088,1.8808290155440415,14.0,10,2.394838177104128,1.2310381598290256,False,True
EXTREME_OPEN,8,FIB_705,2.5,0.0,0.0,0.15,0.25,2482,7.904458598726115,44.01451027811367,1341.0,0.540290088638195,1.9654427645788337,13.0,12,2.1154017656407396,1.05005484060146,False,True
LAST_OPPOSING,3,FIB_786,3.0,1.2,0.0,0.15,0.5,1198,3.8152866242038215,38.512949039264825,647.0,0.5400667779632721,1.8790760869565217,13.0,13,2.35042397161398,1.2041517572074625,False,True
EXTREME_OPEN,3,FIB_786,2.5,0.0,0.4,0.15,0.5,1223,3.894904458598726,43.99018806214227,660.0,0.5396565821749796,1.9635036496350364,11.0,9,2.2429941666736957,1.1402451297731624,False,True
EXTREME_OPEN,8,FIB_786,2.5,1.2,0.3,0.05,0.25,1042,3.3184713375796178,43.99615754082613,562.0,0.5393474088291746,1.9639794168096054,12.0,9,2.258469800306233,1.1685720470235998,False,True
EXTREME_OPEN,8,FIB_786,2.5,0.0,0.3,0.0,0.5,2193,6.984076433121019,43.97810218978102,1182.0,0.5389876880984952,1.9625407166123778,16.0,11,2.2837919551768935,1.1658477335003778,False,True
EXTREME_OPEN,5,FIB_786,2.5,0.0,0.3,0.05,0.5,2052,6.535031847133758,43.978547050219404,1106.0,0.5389863547758285,1.9625761531766754,15.0,11,2.276697194991104,1.147312872095045,False,True
LAST_OPPOSING,3,CISD,2.5,0.0,0.4,0.0,0.25,2235,7.117834394904459,44.37299035369775,1204.0,0.5387024608501119,1.9942196531791907,14.0,14,1.8837650816223162,0.8798508605873574,False,True
LAST_OPPOSING,3,CISD,2.5,0.0,0.3,0.15,0.25,2271,7.232484076433121,44.45454545454545,1223.0,0.5385292822545135,2.0008183306055645,10.5,10,1.8814360998451638,0.8618437672547533,False,True
LAST_OPPOSING,8,FIB_786,3.0,0.0,0.4,0.15,0.5,1248,3.9745222929936306,38.46153846153847,672.0,0.5384615384615384,1.875,10.0,10,2.362618231543672,1.2017998938967585,False,True
EXTREME_OPEN,5,FIB_786,2.5,1.2,0.3,0.15,0.25,943,3.0031847133757963,43.94904458598726,507.0,0.5376458112407211,1.9602272727272727,13.5,9,2.2528698020368774,1.1729826113202309,False,True
LAST_OPPOSING,5,FIB_786,3.0,0.0,0.3,0.0,0.5,2101,6.691082802547771,38.399237732253454,1125.0,0.5354593050928129,1.8700696055684454,14.0,10,2.412283641061065,1.2380182492931322,False,True
EXTREME_OPEN,3,FIB_705,2.5,0.0,0.3,0.05,0.25,2219,7.06687898089172,43.86834986474301,1187.5,0.5351509689049121,1.9538152610441768,14.5,12,2.148766852067819,1.0654012463707176,False,True
LAST_OPPOSING,3,FIB_786,3.0,1.2,0.3,0.0,0.25,970,3.089171974522293,38.39009287925697,519.0,0.5350515463917526,1.8693467336683418,13.0,12,2.41377649048541,1.22314688645288,False,True
LAST_OPPOSING,3,CISD,2.5,0.0,0.4,0.05,0.25,2142,6.821656050955414,44.24736337488015,1144.5,0.5343137254901961,1.9840928632846089,13.0,13,1.8830695358337861,0.8746789799090449,False,True
LAST_OPPOSING,5,FIB_786,3.0,1.2,0.3,0.05,0.25,1020,3.248407643312102,38.37095191364082,545.0,0.5343137254901961,1.8678343949044587,15.0,11,2.4023364813516284,1.2261494119849565,False,True
EXTREME_OPEN,8,FIB_786,2.5,0.0,0.3,0.05,0.5,2073,6.601910828025478,43.82239382239382,1106.0,0.5335262904003859,1.9501718213058419,15.0,11,2.2712735822930408,1.149082273626509,False,True
EXTREME_OPEN,5,FIB_705,2.5,0.0,0.3,0.05,0.25,2286,7.280254777070064,43.80743982494529,1218.5,0.5330271216097988,1.94898753894081,15.5,13,2.1414511480256397,1.0636905853446013,False,True
LAST_OPPOSING,5,FIB_786,3.0,0.0,0.3,0.05,0.5,1989,6.334394904458598,38.329979879275655,1060.0,0.5329311211664153,1.864600326264274,13.0,10,2.402112441448298,1.2164676396306888,False,True
EXTREME_OPEN,8,FIB_786,2.5,1.2,0.3,0.0,0.25,1058,3.3694267515923566,43.80321665089877,563.5,0.532608695652174,1.9486531986531987,11.5,9,2.2551005624709517,1.170710600906339,False,True
LAST_OPPOSING,8,FIB_705,2.5,0.0,0.0,0.15,0.25,2494,7.942675159235669,43.79767161782417,1327.5,0.5322774659182037,1.9482142857142857,17.0,11,2.0981897312439095,1.0445205983912296,False,True
LAST_OPPOSING,5,CISD,2.5,1.2,0.0,0.15,0.25,2007,6.39171974522293,44.5141065830721,1068.0,0.5321375186846039,2.005649717514124,11.0,10,1.884291977844097,0.858488716184409,False,True
EXTREME_OPEN,3,FIB_786,3.0,1.2,0.3,0.05,0.25,985,3.1369426751592355,38.3130081300813,524.0,0.531979695431472,1.8632619439868203,15.0,14,2.4317876131897793,1.2475014979192764,False,True
LAST_OPPOSING,3,FIB_786,3.0,0.0,0.3,0.0,0.5,2016,6.420382165605096,38.282025819265144,1070.0,0.5307539682539683,1.8608205953338697,14.0,10,2.4174171592067926,1.2401249500366616,False,True
EXTREME_OPEN,5,FIB_786,3.0,1.2,0.3,0.05,0.25,1025,3.2643312101910826,38.28125,544.0,0.5307317073170732,1.860759493670886,13.0,13,2.4258841680846723,1.2446256591544458,False,True
EXTREME_OPEN,3,FIB_786,3.0,0.0,0.4,0.15,0.5,1223,3.894904458598726,38.26655764513491,649.0,0.5306623058053965,1.8596026490066224,12.0,12,2.3860069979660667,1.2193145645231873,False,True
EXTREME_OPEN,3,FIB_786,3.0,1.2,0.0,0.15,0.25,1229,3.9140127388535033,38.273615635179155,652.0,0.5305126118795769,1.8601583113456464,17.0,14,2.406495578358308,1.2531723090737552,False,True
LAST_OPPOSING,3,CISD,2.5,1.2,0.0,0.05,0.25,2033,6.474522292993631,44.39300411522634,1076.5,0.529513034923758,1.9958371877890841,14.5,11,1.8795315731566746,0.8623354118125177,False,True
LAST_OPPOSING,8,FIB_786,3.0,0.0,0.3,0.0,0.5,2126,6.770700636942675,38.22975517890772,1124.0,0.528692380056444,1.8567073170731707,14.0,10,2.4069781823719802,1.2411683373061304,False,True
EXTREME_OPEN,5,FIB_786,3.0,0.0,0.3,0.05,0.5,2051,6.531847133757962,38.19512195121951,1082.0,0.5275475377864456,1.8539857932123125,16.0,12,2.417802993217803,1.227770136996833,False,True
LAST_OPPOSING,5,FIB_786,3.0,1.2,0.3,0.0,0.25,1035,3.2961783439490446,38.20116054158607,546.0,0.527536231884058,1.8544600938967135,15.0,10,2.400023514062376,1.2299168834711323,False,True
LAST_OPPOSING,3,CISD,2.5,1.2,0.0,0.0,0.25,2091,6.659235668789809,44.34434434434434,1103.0,0.5274988043998087,1.9919064748201438,13.5,11,1.879340908885716,0.8663389510876947,False,True
EXTREME_OPEN,5,FIB_705,2.5,0.0,0.3,0.0,0.25,2422,7.713375796178344,43.63636363636363,1276.0,0.5268373245251858,1.935483870967742,18.5,13,2.142071649554235,1.0805955697440177,False,True
LAST_OPPOSING,3,FIB_786,3.0,0.0,0.3,0.05,0.5,1908,6.076433121019108,38.17514420555847,1005.0,0.5267295597484277,1.852417302798982,13.0,10,2.4067236523991653,1.2182721727093464,False,True
EXTREME_OPEN,8,FIB_786,2.5,1.2,0.3,0.15,0.25,959,3.054140127388535,43.63256784968685,505.0,0.5265901981230449,1.9351851851851851,13.5,9,2.2440279872856532,1.1775286864079724,False,True
LAST_OPPOSING,5,FIB_786,2.5,1.2,0.3,0.15,0.5,943,3.0031847133757963,43.63057324840764,496.5,0.5265111346765642,1.9350282485875707,11.0,10,2.189897883570575,1.1226754718362697,False,True
EXTREME_OPEN,3,FIB_705,2.5,0.0,0.3,0.0,0.25,2352,7.490445859872612,43.61702127659575,1237.5,0.5261479591836735,1.9339622641509433,17.5,12,2.1480538069658968,1.0835225950977878,False,True
LAST_OPPOSING,8,FIB_786,3.0,0.0,0.3,0.05,0.5,2014,6.414012738853503,38.152011922503725,1059.0,0.525819265143992,1.8506024096385543,13.0,10,2.396638198557198,1.2200604163720965,False,True
EXTREME_OPEN,5,FIB_786,3.0,1.2,0.3,0.15,0.25,942,3.0,38.150903294367694,495.0,0.5254777070063694,1.8505154639175259,12.0,11,2.413017346936741,1.24882498745042,False,True
LAST_OPPOSING,5,CISD,2.5,0.0,0.4,0.0,0.25,2308,7.350318471337579,44.02319357716324,1212.5,0.5253466204506065,1.9661354581673307,14.0,14,1.8753188833871963,0.8784516328178864,False,True
EXTREME_OPEN,5,FIB_786,3.0,0.0,0.3,0.0,0.5,2170,6.910828025477707,38.14575645756458,1140.0,0.5253456221198156,1.8501118568232662,15.0,12,2.4275730294755977,1.2525379020007035,False,True
EXTREME_OPEN,8,FIB_705,2.5,0.0,0.3,0.05,0.25,2309,7.353503184713376,43.58752166377816,1213.0,0.5253356431355565,1.9316436251920124,15.5,13,2.134496299804737,1.0661148487089371,False,True
LAST_OPPOSING,3,FIB_786,2.5,1.2,0.3,0.05,0.5,958,3.050955414012739,43.573667711598745,502.5,0.5245302713987474,1.9305555555555556,11.5,10,2.2105392318669996,1.1103668928340413,False,True
LAST_OPPOSING,8,FIB_786,3.0,1.2,0.3,0.15,0.25,961,3.0605095541401273,38.125,504.0,0.5244536940686785,1.8484848484848484,15.0,10,2.3805594775592334,1.240172131428781,False,True
LAST_OPPOSING,5,CISD,2.5,0.0,0.3,0.15,0.25,2373,7.557324840764331,44.085552160628545,1244.0,0.5242309313105773,1.9711163153786104,11.5,10,1.8708761831592464,0.861336269927136,False,True
EXTREME_OPEN,3,FIB_786,3.0,0.0,0.3,0.05,0.5,1993,6.3471337579617835,38.10240963855422,1044.0,0.5238334169593577,1.8467153284671534,17.0,12,2.4234258329518896,1.2318832723772282,False,True
LAST_OPPOSING,5,CISD,2.5,0.0,0.4,0.05,0.25,2213,7.047770700636943,43.92740809678921,1155.0,0.5219159511974695,1.95850622406639,13.0,13,1.8748149322499041,0.8729443643794469,False,True
LAST_OPPOSING,3,FIB_705,2.5,0.0,0.3,0.05,0.25,2124,6.764331210191083,43.49670122525919,1108.5,0.5218926553672316,1.9245204336947457,12.5,11,2.1252124422705205,1.0621032478348111,False,True
EXTREME_OPEN,8,FIB_786,3.0,0.0,0.3,0.05,0.5,2072,6.598726114649682,38.0492515692902,1081.0,0.5217181467181468,1.842556508183944,17.0,12,2.412409868181127,1.2292797245946299,False,True
EXTREME_OPEN,3,FIB_786,3.0,0.0,0.3,0.0,0.5,2110,6.719745222929936,38.04554079696395,1100.0,0.5213270142180095,1.8422664624808576,16.0,13,2.4326003273096566,1.2571703338307667,False,True
LAST_OPPOSING,5,FIB_786,2.5,1.2,0.3,0.05,0.5,1020,3.248407643312102,43.47399411187439,531.5,0.5210784313725491,1.9227430555555556,11.5,10,2.196301548471056,1.115887404305852,False,True
LAST_OPPOSING,5,CISD,2.5,1.2,0.0,0.15,0.5,2004,6.382165605095541,44.16535845107274,1043.0,0.5204590818363274,1.977507029053421,11.0,10,1.8628600981780443,0.8528663287379863,False,True
LAST_OPPOSING,3,FIB_786,2.5,1.2,0.3,0.0,0.5,970,3.089171974522293,43.4468524251806,504.5,0.5201030927835052,1.9206204379562044,11.5,10,2.209576281168747,1.111338103452681,False,True
LAST_OPPOSING,5,FIB_705,2.5,0.0,0.3,0.05,0.25,2215,7.054140127388535,43.44484629294756,1151.5,0.519864559819413,1.9204636290967225,12.5,12,2.118758669455333,1.0610588283886433,False,True
EXTREME_OPEN,8,FIB_786,3.0,0.0,0.3,0.0,0.5,2191,6.977707006369426,38.008222932846046,1139.0,0.5198539479689639,1.8393515106853353,16.0,12,2.4223791792531393,1.2537281084989025,False,True
EXTREME_OPEN,8,FIB_705,2.5,0.0,0.3,0.0,0.25,2445,7.786624203821656,43.43020875972166,1270.5,0.5196319018404908,1.9193198263386397,18.5,13,2.1354978188478047,1.082725962164085,False,True
EXTREME_OPEN,3,FIB_786,3.0,1.2,0.3,0.0,0.25,1001,3.1878980891719744,38.0,520.0,0.5194805194805194,1.8387096774193548,15.0,14,2.426190405617441,1.253333338117637,False,True
LAST_OPPOSING,8,FIB_786,3.0,1.2,0.3,0.05,0.25,1038,3.305732484076433,37.994214079074254,539.0,0.5192678227360308,1.8382581648522551,15.0,11,2.3889869632985468,1.2346905913380954,False,True
EXTREME_OPEN,3,FIB_705,3.0,0.0,0.0,0.15,0.25,2340,7.452229299363057,37.997432605905004,1215.0,0.5192307692307693,1.8385093167701863,19.0,17,2.2981305070209763,1.1290748890039632,False,True
EXTREME_OPEN,5,FIB_786,3.0,1.2,0.3,0.0,0.25,1041,3.3152866242038215,37.980769230769226,540.0,0.5187319884726225,1.8372093023255813,13.0,13,2.420592765915384,1.2502776144462768,False,True
EXTREME_OPEN,8,FIB_786,3.0,1.2,0.3,0.05,0.25,1041,3.3152866242038215,37.980769230769226,540.0,0.5187319884726225,1.8372093023255813,14.0,14,2.4156198580031445,1.2488531429791994,False,True
LAST_OPPOSING,8,FIB_786,2.5,1.5,0.0,0.0,0.25,952,3.031847133757962,43.38235294117647,493.5,0.5183823529411765,1.9155844155844155,18.0,10,2.1678763525679,1.1329221777584757,False,True
LAST_OPPOSING,8,CISD,2.5,0.0,0.4,0.0,0.25,2335,7.436305732484076,43.82171226831421,1209.5,0.5179871520342613,1.9501178318931658,14.0,14,1.873517417901624,0.879584816660506,False,True
LAST_OPPOSING,3,FIB_705,2.5,0.0,0.3,0.0,0.25,2246,7.1528662420382165,43.37940258582256,1162.5,0.517586821015138,1.9153543307086613,14.5,11,2.128449517906774,1.0787677932572466,False,True
LAST_OPPOSING,8,CISD,2.5,1.2,0.0,0.15,0.25,2047,6.519108280254777,44.07995899538698,1059.0,0.517342452369321,1.9706691109074244,12.0,10,1.8774986589216993,0.863028817386629,False,True
LAST_OPPOSING,5,FIB_705,2.5,0.0,0.3,0.0,0.25,2342,7.45859872611465,43.370402053036784,1211.0,0.5170794192997438,1.9146525679758308,13.5,12,2.122829388641656,1.0767259782798617,False,True
LAST_OPPOSING,5,FIB_786,2.5,1.2,0.3,0.0,0.5,1035,3.2961783439490446,43.32688588007737,534.0,0.5159420289855072,1.9112627986348123,11.5,10,2.195594319708666,1.1176413267616583,False,True
EXTREME_OPEN,3,FIB_786,2.5,1.2,0.0,0.15,0.5,1229,3.9140127388535033,43.32247557003257,634.0,0.51586655817738,1.910919540229885,14.0,11,2.1979452585297947,1.1494923575093943,False,True
EXTREME_OPEN,5,FIB_705,3.0,0.0,0.0,0.15,0.25,2435,7.754777070063694,37.870065789473685,1252.0,0.5141683778234086,1.828590337524818,18.0,16,2.2908357271091333,1.1272379716410261,False,True
LAST_OPPOSING,8,CISD,2.5,0.0,0.4,0.05,0.25,2241,7.1369426751592355,43.6982520699172,1151.0,0.5136099955377064,1.940359477124183,13.0,13,1.87242405641724,0.8744568490253455,False,True
LAST_OPPOSING,8,CISD,2.5,0.0,0.3,0.15,0.25,2408,7.6687898089171975,43.779595350839436,1236.5,0.5134966777408638,1.9467840735068913,12.5,10,1.867954126189999,0.8650484965806853,False,True
LAST_OPPOSING,3,CISD,2.5,0.0,0.3,0.15,0.5,2267,7.219745222929936,43.71584699453552,1164.0,0.513453903837671,1.941747572815534,11.5,10,1.861201923482106,0.8611631841836224,False,True
LAST_OPPOSING,8,FIB_786,3.0,1.2,0.3,0.0,0.25,1053,3.3535031847133756,37.832699619771866,540.0,0.5128205128205128,1.8256880733944953,15.0,11,2.386903697986505,1.2382719923807306,False,True
EXTREME_OPEN,8,FIB_786,3.0,1.2,0.3,0.15,0.25,958,3.050955414012739,37.82654127481714,491.0,0.5125260960334029,1.8252100840336134,12.0,12,2.4020786437462363,1.2533486006120407,False,True
LAST_OPPOSING,8,FIB_786,2.5,1.2,0.3,0.15,0.5,961,3.0605095541401273,43.22916666666667,492.5,0.5124869927159209,1.9036697247706422,11.0,10,2.1776983252687185,1.1317256368757795,False,True
LAST_OPPOSING,8,CISD,2.5,0.0,0.4,0.15,0.25,1893,6.028662420382165,43.71584699453552,970.0,0.5124141574220814,1.941747572815534,19.5,11,1.858822864496808,0.8674736276828107,False,True
LAST_OPPOSING,3,CISD,2.5,0.0,0.4,0.0,0.5,2228,7.095541401273885,43.594470046082954,1141.0,0.5121184919210053,1.9321895424836601,14.0,14,1.8641945905416868,0.8808248425953884,False,True
EXTREME_OPEN,3,FIB_705,2.5,0.0,0.0,0.15,0.5,2349,7.480891719745223,43.18568994889267,1201.0,0.5112813963388676,1.9002998500749626,14.0,12,2.0933224446541936,1.0458574361968078,False,True
LAST_OPPOSING,8,FIB_705,2.5,0.0,0.3,0.05,0.25,2245,7.149681528662421,43.175735950044604,1146.0,0.510467706013363,1.8995290423861853,13.0,12,2.1129397294127448,1.0647719896972976,False,True
LAST_OPPOSING,3,FIB_705,2.5,0.0,0.0,0.15,0.5,2286,7.280254777070064,43.126094570928196,1163.5,0.5089676290463692,1.8956889915319477,15.0,11,2.087869660467641,1.0378641031596751,False,True
LAST_OPPOSING,3,CISD,2.5,1.2,0.0,0.05,0.5,2029,6.461783439490445,43.78545642083548,1032.5,0.5088713652045342,1.9472477064220184,14.5,13,1.859631127591148,0.8598858119714936,False,True
LAST_OPPOSING,8,FIB_705,2.5,0.0,0.3,0.0,0.25,2371,7.550955414012739,43.13476975073933,1206.5,0.5088570223534373,1.8963595839524516,13.5,12,2.117749780575455,1.0798473632839376,False,True
LAST_OPPOSING,5,FIB_786,3.0,1.2,0.3,0.15,0.5,942,3.0,37.725823591923486,479.0,0.5084925690021231,1.81740614334471,15.0,11,2.3263315725046185,1.2038143746891483,False,True
LAST_OPPOSING,8,FIB_786,2.5,1.2,0.3,0.05,0.5,1038,3.305732484076433,43.10511089681774,527.5,0.5081888246628131,1.8940677966101696,11.5,10,2.184895920825302,1.1243839301425727,False,True
LAST_OPPOSING,5,FIB_705,3.0,0.0,0.0,0.15,0.25,2439,7.767515923566879,37.731196054254006,1239.0,0.5079950799507995,1.8178217821782179,16.0,15,2.275062293862549,1.120586935238142,False,True
LAST_OPPOSING,3,CISD,3.0,0.0,0.4,0.0,0.25,2195,6.990445859872612,38.21716453295401,1115.0,0.5079726651480638,1.8557175748273216,14.0,14,2.0746521360871673,0.9406535488424848,False,True
LAST_OPPOSING,3,FIB_705,3.0,0.0,0.0,0.15,0.25,2280,7.261146496815287,37.714285714285715,1157.0,0.5074561403508772,1.81651376146789,16.0,15,2.2876640213010004,1.1258658918694617,False,True
LAST_OPPOSING,3,CISD,2.5,1.2,0.0,0.0,0.5,2087,6.646496815286624,43.753135975915704,1059.0,0.5074269286056541,1.944692239072257,13.5,11,1.859275351210968,0.863634168410722,False,True
LAST_OPPOSING,5,CISD,2.5,1.2,0.0,0.05,0.25,2193,6.984076433121019,43.7799043062201,1112.5,0.5072959416324669,1.946808510638298,13.5,11,1.8651723671925409,0.8662058924563744,False,True
LAST_OPPOSING,3,CISD,3.0,0.0,0.3,0.15,0.25,2228,7.095541401273885,38.26291079812207,1130.0,0.507181328545781,1.8593155893536122,13.0,13,2.0508226277134427,0.9227584040204999,False,True
EXTREME_OPEN,8,FIB_786,3.0,1.2,0.3,0.0,0.25,1057,3.3662420382165603,37.68939393939394,536.0,0.5070955534531694,1.8145896656534954,14.0,14,2.4105639254611155,1.254355551415907,False,True
EXTREME_OPEN,5,FIB_705,2.5,0.0,0.0,0.15,0.5,2444,7.7834394904458595,43.061809250921,1239.0,0.5069558101472995,1.890726096333573,15.0,12,2.086618317898832,1.0436135475949957,False,True
LAST_OPPOSING,5,CISD,2.5,1.2,0.0,0.0,0.25,2252,7.171974522292993,43.77622377622378,1141.5,0.5068827708703375,1.9465174129353233,13.5,11,1.8656761125973356,0.8696896095083998,False,True
EXTREME_OPEN,8,FIB_705,3.0,0.0,0.0,0.15,0.25,2471,7.869426751592357,37.68233387358185,1252.0,0.5066774585188183,1.8140442132639791,18.0,16,2.2815641428247955,1.1288598208084764,False,True
LAST_OPPOSING,8,CISD,2.5,1.2,0.0,0.15,0.5,2044,6.509554140127388,43.737166324435314,1034.0,0.5058708414872799,1.9434306569343065,12.0,10,1.856158686476147,0.8572640577248429,False,True
EXTREME_OPEN,3,FIB_705,3.0,0.0,0.3,0.05,0.25,2210,7.038216560509555,37.65292251925691,1117.0,0.5054298642533936,1.8117732558139534,19.0,13,2.3104267108929792,1.1416023773528783,False,True
LAST_OPPOSING,3,CISD,2.5,0.0,0.4,0.05,0.5,2138,6.808917197452229,43.371757925072046,1078.5,0.5044434050514499,1.9147582697201018,13.0,13,1.862548694494114,0.8763530901284099,False,True
LAST_OPPOSING,3,CISD,3.0,1.5,0.0,0.15,0.25,1179,3.754777070063694,38.62385321100918,594.0,0.5038167938931297,1.8878923766816142,21.0,21,2.0050377278946705,0.8969682867878095,False,True
LAST_OPPOSING,8,FIB_786,2.5,1.2,0.3,0.0,0.5,1053,3.3535031847133756,42.96577946768061,530.0,0.50332383665717,1.8833333333333333,11.5,10,2.1843632547717524,1.1259868378863607,False,True
EXTREME_OPEN,5,FIB_705,3.0,0.0,0.3,0.05,0.25,2277,7.251592356687898,37.598944591029024,1146.0,0.5032938076416338,1.8076109936575053,20.0,14,2.3040278332801547,1.1400182244263193,False,True
LAST_OPPOSING,5,FIB_705,2.5,0.0,0.0,0.15,0.5,2445,7.786624203821656,42.95659295659296,1229.5,0.5028629856850716,1.8826274228284279,15.0,11,2.0753691775746974,1.0346659396207851,False,True
LAST_OPPOSING,3,CISD,2.5,1.2,0.4,0.0,0.25,1170,3.7261146496815285,43.505338078291814,587.5,0.5021367521367521,1.9251968503937007,11.5,11,1.83047677308034,0.8729159842946721,False,True
LAST_OPPOSING,3,FIB_786,3.0,1.2,0.3,0.05,0.5,957,3.0477707006369426,37.55230125523013,480.0,0.5015673981191222,1.8040201005025125,17.0,12,2.3457205164047035,1.1942744290837843,False,True
EXTREME_OPEN,5,FIB_705,3.0,0.0,0.3,0.0,0.25,2409,7.671974522292993,37.54677754677755,1207.0,0.5010377750103777,1.803595206391478,22.0,14,2.306037052708526,1.1557384793304568,False,True
LAST_OPPOSING,3,CISD,3.0,0.0,0.4,0.05,0.25,2102,6.694267515923567,38.03863298662704,1053.0,0.5009514747859182,1.841726618705036,13.0,13,2.0743834379689168,0.9343057304300219,False,True
EXTREME_OPEN,8,FIB_705,2.5,0.0,0.0,0.15,0.5,2480,7.898089171974522,42.88019362646228,1241.5,0.5006048387096774,1.876765536723164,13.0,12,2.0782396491799244,1.0451582008617968,False,True
EXTREME_OPEN,3,FIB_786,2.5,1.2,0.3,0.05,0.5,985,3.1369426751592355,42.886178861788615,493.0,0.500507614213198,1.8772241992882561,12.0,9,2.2150952848807637,1.1473258766270968,False,True
LAST_OPPOSING,3,CISD,2.5,1.2,0.4,0.05,0.25,1155,3.678343949044586,43.46257889990983,578.0,0.5004329004329005,1.9218500797448166,14.0,11,1.8314783918142472,0.8729484763936606,False,True
LAST_OPPOSING,5,CISD,2.5,0.0,0.4,0.0,0.5,2300,7.32484076433121,43.28558639212176,1150.5,0.5002173913043478,1.9080505130228886,14.0,14,1.855426709737364,0.8788913510810036,False,True
LAST_OPPOSING,5,CISD,2.5,0.0,0.3,0.15,0.5,2369,7.544585987261146,43.375601224311325,1185.0,0.5002110595187843,1.915057915057915,11.5,10,1.850438770146188,0.8599986717805126,False,True
EXTREME_OPEN,3,FIB_705,3.0,0.0,0.3,0.0,0.25,2339,7.449044585987261,37.51605995717345,1169.0,0.4997862334330911,1.8012337217272105,21.0,14,2.3107476853225886,1.1586181016628152,False,True
LAST_OPPOSING,5,CISD,3.0,1.2,0.0,0.15,0.25,1971,6.277070063694268,38.29096809085992,983.0,0.4987316083206494,1.8615249780893952,12.0,12,2.049664129452543,0.9165743944719661,False,True
LAST_OPPOSING,5,CISD,3.0,0.0,0.4,0.0,0.25,2268,7.222929936305732,37.97701149425287,1129.0,0.49779541446208114,1.8369162342475909,14.0,14,2.0649026485487325,0.938456856277946,False,True
LAST_OPPOSING,3,FIB_786,4.0,0.0,0.0,0.15,0.25,2038,6.490445859872612,29.960707269155208,1014.0,0.4975466143277723,1.7110799438990183,22.0,15,2.779420210407198,1.3825242357764862,False,True
EXTREME_OPEN,8,FIB_705,3.0,0.0,0.3,0.05,0.25,2300,7.32484076433121,37.44013931214628,1143.0,0.4969565217391304,1.7954070981210857,20.0,16,2.2963558220955953,1.1416886976477851,False,True
EXTREME_OPEN,5,FIB_786,2.5,1.2,0.3,0.05,0.5,1025,3.2643312101910826,42.7734375,509.0,0.49658536585365853,1.8686006825938566,12.0,9,2.2088128964340865,1.1451422604163133,False,True
LAST_OPPOSING,5,FIB_786,3.0,1.2,0.3,0.05,0.5,1019,3.245222929936306,37.42632612966601,506.0,0.49656526005888124,1.794348508634223,17.0,12,2.3325212691431396,1.1993252650715787,False,True
EXTREME_OPEN,3,FIB_786,3.0,1.2,0.0,0.15,0.5,1228,3.910828025477707,37.40831295843521,609.0,0.495928338762215,1.79296875,18.0,14,2.351988219039347,1.23100737876542,False,True
LAST_OPPOSING,8,FIB_705,3.0,0.0,0.0,0.15,0.25,2486,7.917197452229299,37.41935483870968,1232.0,0.49557522123893805,1.7938144329896908,18.0,15,2.262758110795697,1.1242588354816136,False,True
LAST_OPPOSING,3,FIB_786,3.0,1.2,0.3,0.0,0.5,969,3.0859872611464967,37.39669421487603,480.0,0.4953560371517028,1.7920792079207921,17.0,12,2.34308250031414,1.1971225644197583,False,True
EXTREME_OPEN,8,FIB_705,3.0,0.0,0.3,0.0,0.25,2432,7.745222929936306,37.39703459637562,1204.0,0.49506578947368424,1.7921052631578946,22.0,14,2.298762448361758,1.15716961524599,False,True
LAST_OPPOSING,3,CISD,3.0,1.5,0.0,0.15,0.5,1176,3.745222929936306,38.39779005524862,582.0,0.49489795918367346,1.8699551569506727,21.0,21,1.9909205471718763,0.8900851394859847,False,True
LAST_OPPOSING,3,FIB_618,2.5,0.0,0.3,0.15,0.25,1903,6.060509554140127,42.76663146779303,941.0,0.49448239621650025,1.868081180811808,15.5,11,1.992968955725516,0.9922889500237876,False,True
LAST_OPPOSING,5,CISD,3.0,0.0,0.3,0.15,0.25,2327,7.410828025477707,37.962128043282235,1150.0,0.4941985388912763,1.8357558139534884,13.0,13,2.0377828751860223,0.9228396047253012,False,True
EXTREME_OPEN,3,FIB_705,3.0,0.0,0.0,0.15,0.5,2337,7.442675159235669,37.36075407026564,1154.0,0.4937954642704322,1.7893296853625171,23.0,17,2.2598119151639615,1.1175238554739073,False,True
LAST_OPPOSING,8,CISD,2.5,1.2,0.0,0.05,0.25,2236,7.1210191082802545,43.38028169014084,1104.0,0.4937388193202147,1.9154228855721394,14.5,11,1.8595166168898851,0.8702563093622363,False,True
LAST_OPPOSING,8,CISD,2.5,1.2,0.0,0.0,0.25,2295,7.308917197452229,43.38672768878718,1133.0,0.493681917211329,1.915925626515764,14.5,11,1.860156322301412,0.8735706257908704,False,True
EXTREME_OPEN,3,FIB_705,2.5,0.0,0.3,0.05,0.5,2218,7.063694267515924,42.6702751465945,1094.0,0.4932371505861136,1.860739575137687,15.0,12,2.105995893732625,1.0602840878250095,False,True
LAST_OPPOSING,3,CISD,2.5,1.2,0.4,0.15,0.25,1099,3.5,43.26375711574953,542.0,0.4931756141947225,1.9063545150501673,20.0,20,1.8264994271103965,0.8705184888742232,False,True
LAST_OPPOSING,8,CISD,2.5,0.0,0.4,0.0,0.5,2327,7.410828025477707,43.09123117803366,1147.5,0.49312419424151266,1.8929961089494163,14.0,14,1.8534844098668666,0.8799663944474524,False,True
LAST_OPPOSING,5,CISD,2.5,0.0,0.4,0.05,0.5,2209,7.035031847133758,43.07692307692308,1089.0,0.4929832503395201,1.8918918918918919,13.0,13,1.8537402744340188,0.8741951485107022,False,True
LAST_OPPOSING,8,FIB_786,3.0,1.2,0.3,0.15,0.5,960,3.0573248407643314,37.33055265901981,473.0,0.49270833333333336,1.7870216306156406,15.0,11,2.3121219922093754,1.2124420859657603,False,True
EXTREME_OPEN,3,FIB_786,4.0,0.0,0.0,0.15,0.25,2098,6.681528662420382,29.85216976633286,1033.0,0.49237368922783603,1.7022433718558803,20.0,16,2.777568885798777,1.396142348761492,False,True
EXTREME_OPEN,5,FIB_705,2.5,0.0,0.3,0.05,0.5,2285,7.277070063694268,42.64448336252189,1125.0,0.4923413566739606,1.8587786259541985,16.0,13,2.100671930690236,1.0584729536668764,False,True
EXTREME_OPEN,5,FIB_705,2.5,0.0,0.3,0.0,0.5,2415,7.691082802547771,42.64401160381268,1188.5,0.49213250517598345,1.858742774566474,19.0,13,2.1027275309403013,1.0720086261497197,False,True
LAST_OPPOSING,5,CISD,3.0,0.0,0.4,0.05,0.25,2173,6.920382165605096,37.83005280844935,1069.0,0.49194661757938335,1.8254826254826255,13.0,13,2.064933837408721,0.9318269967642143,False,True
EXTREME_OPEN,5,FIB_705,3.0,0.0,0.0,0.15,0.5,2432,7.745222929936306,37.29930012350762,1195.0,0.49136513157894735,1.7846355876559423,19.0,16,2.2526165960214577,1.115020277492319,False,True
EXTREME_OPEN,3,FIB_705,2.5,0.0,0.3,0.0,0.5,2346,7.471337579617835,42.61945392491467,1152.5,0.4912617220801364,1.8568773234200744,18.0,12,2.1072742290963453,1.0745690226058213,False,True
EXTREME_OPEN,5,FIB_786,2.5,1.2,0.3,0.15,0.5,942,3.0,42.61424017003188,462.5,0.49097664543524416,1.8564814814814814,13.5,9,2.198352713390106,1.152005487398198,False,True
LAST_OPPOSING,8,CISD,3.0,0.0,0.4,0.0,0.25,2294,7.305732484076433,37.80709736123749,1126.0,0.4908456843940715,1.8237015362106803,14.0,14,2.0608795586854476,0.9390360755632325,False,True
LAST_OPPOSING,3,CISD,2.5,1.5,0.0,0.15,0.25,1188,3.78343949044586,43.47048300536673,583.0,0.49074074074074076,1.9224683544303798,17.0,11,1.8425122386022665,0.8542076584551349,False,True
EXTREME_OPEN,3,FIB_786,2.5,1.2,0.3,0.0,0.5,1001,3.1878980891719744,42.6,491.0,0.4905094905094905,1.8554006968641115,12.0,9,2.2117381249800983,1.1509117465901542,False,True
EXTREME_OPEN,3,FIB_705,2.5,1.2,0.3,0.05,0.25,1102,3.5095541401273884,42.59763851044505,540.5,0.4904718693284936,1.8552215189873418,15.0,11,2.090178960434826,1.0770495161277915,False,True
LAST_OPPOSING,5,FIB_786,3.0,1.2,0.3,0.0,0.5,1034,3.2929936305732483,37.27008712487899,507.0,0.49032882011605416,1.7824074074074074,17.0,12,2.329837248273551,1.202602248732844,False,True
LAST_OPPOSING,8,FIB_705,2.5,0.0,0.0,0.15,0.5,2492,7.936305732484076,42.58738449176376,1221.0,0.48996789727126805,1.85444366689993,17.0,11,2.064835077539829,1.0388099799803219,False,True
LAST_OPPOSING,8,CISD,2.5,0.0,0.3,0.15,0.5,2404,7.656050955414012,43.07891332470893,1177.5,0.48980865224625625,1.8920454545454546,12.5,10,1.8473341394831129,0.863513893553114,False,True
LAST_OPPOSING,5,FIB_618,2.5,0.0,0.3,0.15,0.25,1995,6.353503184713376,42.641129032258064,977.0,0.48972431077694234,1.858523725834798,16.5,11,1.9836651455033136,0.9931819822381219,False,True
LAST_OPPOSING,8,CISD,2.5,0.0,0.4,0.15,0.5,1889,6.015923566878981,43.04490690032859,925.0,0.4896770778189518,1.8894230769230769,19.5,11,1.8387668533647523,0.8658957889113819,False,True
LAST_OPPOSING,5,FIB_786,4.0,0.0,0.0,0.15,0.25,2173,6.920382165605096,29.801934592353753,1064.0,0.48964565117349285,1.6981627296587927,18.0,15,2.7630023517835727,1.3796356082759487,False,True
EXTREME_OPEN,3,FIB_705,2.5,1.2,0.3,0.15,0.25,1011,3.2197452229299364,42.57425742574257,495.0,0.4896142433234421,1.853448275862069,14.0,11,2.0747775882767017,1.0768117605540908,False,True
EXTREME_OPEN,5,FIB_705,2.5,1.2,0.3,0.05,0.25,1148,3.656050955414013,42.545771578029644,561.0,0.4886759581881533,1.8512898330804248,15.0,11,2.079506015861111,1.074057412696836,False,True
LAST_OPPOSING,5,CISD,2.5,1.2,0.0,0.0,0.5,2248,7.159235668789809,43.22429906542056,1097.5,0.48821174377224197,1.9032921810699588,13.5,11,1.8455868144729932,0.8666826901827457,False,True
LAST_OPPOSING,5,CISD,2.5,1.2,0.0,0.05,0.5,2189,6.971337579617835,43.21342925659473,1068.5,0.4881224303334856,1.9024493243243243,13.5,11,1.8452440283590796,0.8634409220389696,False,True
LAST_OPPOSING,5,FIB_705,3.0,0.0,0.3,0.0,0.25,2333,7.429936305732484,37.23129836629407,1138.0,0.48778396913844835,1.7794520547945205,18.0,13,2.287152074786973,1.154257289545363,False,True
EXTREME_OPEN,3,FIB_618,2.5,0.0,0.3,0.15,0.25,1957,6.232484076433121,42.542286007175804,954.0,0.4874808380173735,1.8510258697591435,16.0,11,2.0006332103849207,1.003729697070371,False,True
EXTREME_OPEN,5,FIB_705,2.5,1.2,0.3,0.15,0.25,1055,3.359872611464968,42.50474383301708,514.0,0.4872037914691943,1.8481848184818481,14.0,11,2.0647510458811986,1.0734718552933766,False,True
EXTREME_OPEN,5,FIB_786,2.5,1.2,0.3,0.0,0.5,1041,3.3152866242038215,42.5,507.0,0.48703170028818443,1.8478260869565217,11.5,9,2.205681293316489,1.1486239066145776,False,True
EXTREME_OPEN,8,FIB_786,2.5,1.2,0.3,0.05,0.5,1041,3.3152866242038215,42.5,507.0,0.48703170028818443,1.8478260869565217,12.0,9,2.2005328567488496,1.1490405860643436,False,True
LAST_OPPOSING,5,FIB_705,3.0,0.0,0.0,0.15,0.5,2436,7.75796178343949,37.20164609053498,1186.0,0.48686371100164205,1.7771952817824377,18.0,15,2.2422297515590914,1.1068061880310756,False,True
LAST_OPPOSING,3,CISD,3.0,1.2,0.0,0.05,0.25,1997,6.359872611464968,37.953091684434966,972.0,0.4867300951427141,1.8350515463917525,19.0,14,2.0476512906559905,0.9198415130994705,False,True
EXTREME_OPEN,5,FIB_618,2.5,0.0,0.3,0.15,0.25,2024,6.445859872611465,42.51734390485629,985.0,0.4866600790513834,1.8491379310344827,17.0,11,1.9976870361791117,1.0008555982021063,False,True
LAST_OPPOSING,5,FIB_705,3.0,0.0,0.3,0.05,0.25,2207,7.028662420382165,37.16492503407542,1071.0,0.4852741277752605,1.7744034707158352,19.0,14,2.2801822431239724,1.1402570662429512,False,True
EXTREME_OPEN,8,FIB_705,2.5,0.0,0.3,0.0,0.5,2438,7.764331210191083,42.44663382594417,1183.0,0.485233798195242,1.8437945791726105,19.0,13,2.096145072269795,1.0739100648031095,False,True
LAST_OPPOSING,8,CISD,3.0,1.2,0.0,0.15,0.25,2010,6.401273885350318,37.93103448275862,975.0,0.48507462686567165,1.8333333333333333,12.0,12,2.041609411474422,0.9205482229560688,False,True
EXTREME_OPEN,8,FIB_705,2.5,0.0,0.3,0.05,0.5,2308,7.350318471337579,42.43606415257911,1119.5,0.485051993067591,1.8429969879518073,16.0,13,2.0937391943674704,1.0606163799684665,False,True
LAST_OPPOSING,8,CISD,2.5,0.0,0.4,0.05,0.5,2237,7.124203821656051,42.857142857142854,1085.0,0.4850245864997765,1.875,13.0,13,1.8512237229715787,0.8756250424217699,False,True
LAST_OPPOSING,3,FIB_705,3.0,0.0,0.0,0.15,0.5,2277,7.251592356687898,37.147887323943664,1104.0,0.48484848484848486,1.773109243697479,20.0,15,2.2544993955561186,1.1127955403432457,False,True
LAST_OPPOSING,3,FIB_618,2.5,0.0,0.4,0.0,0.25,1889,6.015923566878981,42.47740563530037,915.5,0.484647961884595,1.8461182994454715,15.0,11,2.008015210796913,1.020132945402546,False,True
LAST_OPPOSING,3,CISD,3.0,0.0,0.4,0.0,0.5,2187,6.964968152866242,37.6011423131842,1059.0,0.4842249657064472,1.8077803203661327,14.0,14,2.0481455953050984,0.9351340749935734,False,True
LAST_OPPOSING,8,CISD,3.0,0.0,0.3,0.15,0.25,2361,7.519108280254777,37.70564695420187,1143.0,0.4841168996188056,1.8158458244111348,13.0,13,2.0325385857796565,0.9258356630114556,False,True
LAST_OPPOSING,8,CISD,3.0,0.0,0.4,0.05,0.25,2200,7.006369426751593,37.63644992880874,1065.0,0.48409090909090907,1.8105022831050228,13.0,13,2.0601224576474535,0.9327529150944521,False,True
LAST_OPPOSING,3,CISD,3.0,1.2,0.0,0.0,0.25,2051,6.531847133757962,37.88981288981289,992.0,0.48366650414431983,1.8301255230125524,21.0,12,2.04573363126228,0.9236147590636274,False,True
LAST_OPPOSING,3,FIB_705,3.0,0.0,0.3,0.0,0.25,2237,7.124203821656051,37.11340206185567,1081.0,0.48323647742512293,1.7704918032786885,19.0,14,2.2927085675420837,1.157720712956305,False,True
LAST_OPPOSING,3,CISD,3.0,0.0,0.3,0.15,0.5,2221,7.073248407643312,37.63542157324541,1073.0,0.4831157136425034,1.8104229607250755,13.0,13,2.0291165574005756,0.9197896557511606,False,True
EXTREME_OPEN,5,FIB_786,3.0,1.2,0.3,0.15,0.5,942,3.0,37.088204038257174,455.0,0.4830148619957537,1.7685810810810811,12.0,11,2.3587492910768675,1.2269399424107064,False,True
EXTREME_OPEN,5,FIB_705,3.0,0.0,0.3,0.0,0.5,2401,7.646496815286624,37.08802670004172,1159.0,0.48271553519366933,1.7685676392572944,22.0,14,2.2673734723818564,1.1400932703519664,False,True
EXTREME_OPEN,8,FIB_705,3.0,0.0,0.0,0.15,0.5,2468,7.859872611464968,37.07910750507099,1191.0,0.48257698541329014,1.7678916827852997,19.0,16,2.2436692605842268,1.1167628402090235,False,True
LAST_OPPOSING,5,FIB_705,4.0,0.0,0.0,0.15,0.25,2410,7.67515923566879,29.703796412181894,1163.0,0.4825726141078838,1.690207715133531,18.0,17,2.5723729814298575,1.2271474747626736,False,True
LAST_OPPOSING,3,FIB_618,2.5,0.0,0.3,0.05,0.25,2348,7.477707006369426,42.41128687473279,1133.0,0.4825383304940375,1.8411284335560505,14.0,13,2.003438040556414,1.004792528093164,False,True
LAST_OPPOSING,3,FIB_705,3.0,0.0,0.3,0.05,0.25,2116,6.738853503184713,37.09142586451918,1021.0,0.4825141776937618,1.7688253012048192,20.0,13,2.2866812434550274,1.1426881354291445,False,True
LAST_OPPOSING,8,FIB_786,3.0,1.2,0.3,0.05,0.5,1037,3.3025477707006368,37.06563706563706,500.0,0.4821600771456123,1.7668711656441718,17.0,12,2.319259348581012,1.2073902668060663,False,True
EXTREME_OPEN,3,FIB_705,2.5,1.2,0.3,0.0,0.25,1120,3.56687898089172,42.35924932975871,540.0,0.48214285714285715,1.8372093023255813,17.0,10,2.084374683856334,1.0804957228627807,False,True
EXTREME_OPEN,5,FIB_786,4.0,0.0,0.0,0.15,0.25,2177,6.93312101910828,29.641544117647058,1049.0,0.4818557648139642,1.6851730894839974,21.0,16,2.7716761144716453,1.3943964598259315,False,True
LAST_OPPOSING,3,FIB_618,2.5,0.0,0.3,0.0,0.25,2478,7.89171974522293,42.39967571949737,1194.0,0.48184019370460046,1.840253342716397,15.0,11,2.0056573412896856,1.0148485604777027,False,True
EXTREME_OPEN,5,FIB_705,2.5,1.2,0.3,0.0,0.25,1166,3.713375796178344,42.317596566523605,560.5,0.4807032590051458,1.834077380952381,17.0,10,2.0740954869026345,1.0774138530098247,False,True
EXTREME_OPEN,8,FIB_786,2.5,1.2,0.3,0.15,0.5,958,3.050955414012739,42.31974921630094,460.5,0.48068893528183715,1.8342391304347827,13.5,9,2.189530001089867,1.1561269335024666,False,True
EXTREME_OPEN,5,FIB_705,3.0,0.0,0.3,0.05,0.5,2277,7.251592356687898,37.02726473175022,1094.0,0.48045674132630656,1.7639664804469273,20.0,14,2.2599166333969087,1.1268565516087603,False,True
EXTREME_OPEN,3,FIB_705,3.0,0.0,0.3,0.0,0.5,2332,7.426751592356688,37.02749140893471,1120.0,0.48027444253859347,1.7639836289222375,21.0,13,2.2721390908742243,1.1431306068910287,False,True
LAST_OPPOSING,3,CISD,2.5,1.5,0.0,0.15,0.5,1187,3.7802547770700636,43.15129811996419,570.0,0.4802021903959562,1.8976377952755905,17.0,11,1.8254865427284483,0.8493092707105864,False,True
EXTREME_OPEN,3,FIB_705,3.0,0.0,0.3,0.05,0.5,2210,7.038216560509555,37.01857725419121,1061.0,0.4800904977375566,1.7633093525179857,19.0,13,2.265831567147574,1.1291087393453978,False,True
EXTREME_OPEN,5,FIB_786,3.0,1.2,0.3,0.05,0.5,1025,3.2643312101910826,37.01171875,492.0,0.48,1.7627906976744185,14.0,13,2.3695744074318776,1.2237566485385196,False,True
LAST_OPPOSING,5,FIB_618,2.5,0.0,0.3,0.05,0.25,2448,7.796178343949045,42.347148132950345,1175.0,0.47998366013071897,1.8362989323843417,14.0,13,1.995164447318436,1.0051622240804787,False,True
EXTREME_OPEN,3,FIB_786,3.0,1.2,0.3,0.05,0.5,985,3.1369426751592355,36.99186991869919,472.0,0.47918781725888326,1.761290322580645,15.0,14,2.3734077406532545,1.2275493300979403,False,True
LAST_OPPOSING,5,FIB_705,2.5,0.0,0.3,0.0,0.5,2336,7.439490445859873,42.281303602058316,1119.0,0.4790239726027397,1.8313521545319464,15.0,12,2.084062001186114,1.0685684330638792,False,True
LAST_OPPOSING,3,FIB_705,2.5,0.0,0.3,0.0,0.5,2241,7.1369426751592355,42.26988382484361,1073.0,0.4788041053101294,1.8304953560371517,16.0,11,2.0893528270788937,1.071127002667916,False,True
LAST_OPPOSING,3,FIB_705,2.5,0.0,0.3,0.05,0.5,2123,6.761146496815287,42.244224422442244,1015.0,0.4780970325011776,1.8285714285714285,20.0,11,2.0860209326550243,1.0566214504464646,False,True
EXTREME_OPEN,3,CISD,2.5,0.0,0.4,0.0,0.25,2281,7.264331210191083,42.580935251798564,1090.5,0.47807978956597985,1.8539545810493343,15.0,15,1.8225461782761445,0.900139538114214,False,True
EXTREME_OPEN,3,CISD,2.5,0.0,0.4,0.05,0.25,2185,6.95859872611465,42.582159624413144,1044.5,0.4780320366132723,1.8540474243663123,14.0,14,1.8254866044467795,0.893103885717298,False,True
LAST_OPPOSING,8,FIB_705,3.0,0.0,0.3,0.0,0.25,2362,7.522292993630574,36.98513800424628,1129.0,0.4779847586790855,1.7607816711590296,18.0,13,2.280846065984682,1.1575609357980017,False,True
LAST_OPPOSING,5,FIB_705,2.5,0.0,0.3,0.05,0.5,2214,7.050955414012739,42.24332881049299,1058.0,0.4778681120144535,1.8285043069694598,20.0,12,2.080356136780028,1.0545840610989585,False,True
EXTREME_OPEN,8,FIB_786,4.0,0.0,0.0,0.15,0.25,2210,7.038216560509555,29.560887279311903,1056.0,0.47782805429864256,1.6786632390745502,17.0,16,2.762023042219802,1.394511253214904,False,True
EXTREME_OPEN,8,FIB_786,2.5,1.2,0.3,0.0,0.5,1057,3.3662420382165603,42.234848484848484,505.0,0.47776726584673607,1.8278688524590163,11.5,9,2.1975739937304435,1.152410520295209,False,True
LAST_OPPOSING,5,FIB_618,2.5,0.0,0.4,0.0,0.25,1953,6.219745222929936,42.28395061728395,933.0,0.47772657450076805,1.8315508021390374,15.0,11,2.0009072608969007,1.021699305934172,False,True
LAST_OPPOSING,8,FIB_786,4.0,0.0,0.0,0.15,0.25,2215,7.054140127388535,29.552643470402167,1057.0,0.47720090293453726,1.677998717126363,19.0,15,2.7462218171841704,1.3816973237028514,False,True
EXTREME_OPEN,8,FIB_705,3.0,0.0,0.3,0.0,0.5,2424,7.719745222929936,36.94214876033058,1156.0,0.4768976897689769,1.7575360419397117,22.0,14,2.26006102116206,1.1413596732481353,False,True
EXTREME_OPEN,8,FIB_618,2.5,0.0,0.3,0.15,0.25,2047,6.519108280254777,42.23419892209701,976.0,0.4767953102100635,1.8278201865988126,17.0,11,1.9886844859800572,1.0036802045146813,False,True
LAST_OPPOSING,8,FIB_786,3.0,1.5,0.0,0.0,0.25,948,3.0191082802547773,36.91983122362869,452.0,0.4767932489451477,1.7558528428093645,26.0,11,2.3126244468639627,1.2282482992488253,False,True
LAST_OPPOSING,5,CISD,2.5,1.2,0.4,0.0,0.25,1228,3.910828025477707,42.80851063829787,585.5,0.4767915309446254,1.8712797619047619,12.0,12,1.8147475459597162,0.8752587615701234,False,True
LAST_OPPOSING,5,CISD,3.0,1.2,0.0,0.15,0.5,1966,6.261146496815287,37.71025501899077,937.0,0.4766022380467955,1.8162020905923344,12.0,12,2.029648291595984,0.9126938555730341,False,True
EXTREME_OPEN,3,FIB_705,4.0,0.0,0.0,0.15,0.25,2318,7.382165605095541,29.55430549545651,1104.0,0.47627264883520276,1.6781326781326782,25.0,17,2.5888679154477745,1.2424356448369749,False,True
LAST_OPPOSING,8,FIB_786,3.0,1.2,0.3,0.0,0.5,1052,3.3503184713375798,36.917221693625116,501.0,0.4762357414448669,1.755656108597285,17.0,12,2.3168103478483855,1.210496185132807,False,True
LAST_OPPOSING,5,CISD,2.5,1.2,0.4,0.05,0.25,1212,3.859872611464968,42.79551337359793,577.0,0.4760726072607261,1.8702865761689291,13.0,12,1.8159449676652353,0.8747767638005611,False,True
LAST_OPPOSING,8,FIB_618,2.5,0.0,0.3,0.15,0.25,2026,6.452229299363057,42.254220456802386,964.5,0.47606120434353405,1.8293207222699914,16.5,11,1.9737191596594368,0.9978366236272374,False,True
EXTREME_OPEN,8,FIB_705,2.5,1.2,0.3,0.05,0.25,1165,3.710191082802548,42.18213058419244,554.5,0.4759656652360515,1.8239227340267459,15.0,12,2.0690589168177427,1.0783316135165475,False,True
LAST_OPPOSING,5,CISD,3.0,0.0,0.4,0.0,0.5,2259,7.194267515923567,37.396121883656505,1074.0,0.4754316069057105,1.7920353982300885,14.0,14,2.038290235674969,0.9325980166942687,False,True
LAST_OPPOSING,8,CISD,2.5,1.2,0.0,0.0,0.5,2291,7.296178343949045,42.84403669724771,1089.0,0.4753382802269751,1.8739967897271268,14.5,11,1.8401058184725676,0.8703871732740273,False,True
LAST_OPPOSING,3,FIB_705,4.0,0.0,0.0,0.15,0.25,2254,7.178343949044586,29.545454545454547,1071.0,0.4751552795031056,1.6774193548387097,25.0,15,2.584055132954706,1.2357194566570446,False,True
LAST_OPPOSING,8,CISD,2.5,1.2,0.0,0.05,0.5,2232,7.10828025477707,42.8235294117647,1060.0,0.47491039426523296,1.8724279835390947,14.5,11,1.8396247532542072,0.867305781712943,False,True
LAST_OPPOSING,3,CISD,2.5,1.2,0.4,0.0,0.5,1168,3.7197452229299364,42.69162210338681,554.5,0.4747431506849315,1.8623639191290824,11.5,11,1.8122711181644877,0.8697871254578794,False,True
EXTREME_OPEN,8,FIB_705,3.0,0.0,0.3,0.05,0.5,2300,7.32484076433121,36.874183717892905,1091.0,0.4743478260869565,1.7524137931034482,23.0,16,2.2522845140664165,1.1283235973267627,False,True
LAST_OPPOSING,8,FIB_705,3.0,0.0,0.3,0.05,0.25,2237,7.124203821656051,36.889287315105335,1061.0,0.47429593205185516,1.7535511363636365,20.0,14,2.2730334224831563,1.1441063807861194,False,True
LAST_OPPOSING,3,FIB_705,2.5,1.2,0.3,0.05,0.25,1065,3.3917197452229297,42.144873000940734,505.0,0.47417840375586856,1.8211382113821137,16.5,10,2.049445938199735,1.0663531420473362,False,True
LAST_OPPOSING,3,FIB_705,2.5,1.2,0.3,0.15,0.25,982,3.127388535031847,42.142857142857146,465.5,0.4740325865580448,1.8209876543209877,18.5,10,2.0351246908961818,1.0676348674515168,False,True
LAST_OPPOSING,3,FIB_618,2.5,0.0,0.3,0.15,0.5,1901,6.054140127388535,42.17758985200846,901.0,0.4739610731194108,1.823583180987203,15.5,11,1.9698401392410785,0.9866611635214153,False,True
EXTREME_OPEN,8,FIB_705,2.5,1.2,0.3,0.15,0.25,1072,3.4140127388535033,42.11017740429505,507.5,0.47341417910447764,1.8185483870967742,14.0,12,2.0536316094111737,1.078126144874368,False,True
LAST_OPPOSING,3,CISD,3.0,0.0,0.4,0.05,0.5,2098,6.681528662420382,37.32009925558313,993.0,0.47330791229742614,1.7862232779097387,13.0,13,2.04605631883981,0.9318523430390712,False,True
LAST_OPPOSING,5,FIB_786,4.0,0.0,0.3,0.0,0.25,2093,6.665605095541402,29.47368421052631,990.0,0.4730052556139513,1.671641791044776,27.0,19,2.7937493804825944,1.4157100357630636,False,True
LAST_OPPOSING,3,CISD,2.5,1.2,0.4,0.05,0.5,1153,3.671974522292994,42.637759710930446,545.0,0.47267996530789247,1.858267716535433,14.0,11,1.8128315341953225,0.8699454088761363,False,True
EXTREME_OPEN,3,FIB_786,4.0,0.0,0.3,0.05,0.25,1984,6.318471337579618,29.45032778618255,937.0,0.4722782258064516,1.6697641172265905,22.0,15,2.800487358581468,1.405768958195617,False,True
EXTREME_OPEN,5,FIB_786,4.0,0.0,0.3,0.05,0.25,2042,6.503184713375796,29.446349828515434,964.0,0.4720861900097943,1.6694444444444445,24.0,15,2.795652438319129,1.4024930345466908,False,True
LAST_OPPOSING,8,FIB_705,3.0,0.0,0.0,0.15,0.5,2483,7.907643312101911,36.81873233750505,1171.0,0.4716069271043093,1.7482428115015975,19.0,15,2.2302478712258935,1.1108635423201576,False,True
LAST_OPPOSING,5,CISD,3.0,0.0,0.3,0.15,0.5,2320,7.388535031847134,37.358661239258254,1093.0,0.4711206896551724,1.7891696750902526,13.0,13,2.0155299741439463,0.9192587233905533,False,True
EXTREME_OPEN,3,FIB_618,2.5,0.0,0.4,0.0,0.25,1955,6.226114649681529,42.07285787583376,921.0,0.4710997442455243,1.8157661647475642,18.0,10,2.008161856162375,1.0316595383765466,False,True
EXTREME_OPEN,8,FIB_786,3.0,1.2,0.3,0.15,0.5,958,3.050955414012739,36.7816091954023,451.0,0.4707724425887265,1.7454545454545454,12.0,12,2.34782681731271,1.2310097678580323,False,True
LAST_OPPOSING,5,FIB_786,4.0,0.0,0.3,0.05,0.25,1980,6.305732484076433,29.42366026289181,932.0,0.4707070707070707,1.667621776504298,24.0,18,2.7813274522469182,1.390868715153012,False,True
EXTREME_OPEN,5,FIB_618,2.5,0.0,0.4,0.05,0.25,1909,6.079617834394904,42.04724409448819,898.5,0.4706652697747512,1.8138586956521738,14.5,12,2.0051109200494617,1.0159204907643264,False,True
EXTREME_OPEN,3,FIB_618,2.5,0.0,0.3,0.05,0.25,2439,7.767515923566879,42.04685573366215,1147.5,0.470479704797048,1.8138297872340425,15.0,13,2.0054727780655983,1.016186585890768,False,True
LAST_OPPOSING,3,CISD,2.5,1.2,0.4,0.15,0.5,1097,3.4936305732484074,42.585551330798474,516.0,0.47037374658158615,1.8543046357615893,20.0,20,1.8075511965109998,0.865338274966638,False,True
LAST_OPPOSING,5,FIB_705,3.0,0.0,0.3,0.0,0.5,2326,7.407643312101911,36.783096162138854,1093.0,0.4699054170249355,1.7455661664392905,21.0,13,2.250655556771446,1.1374557083439387,False,True
LAST_OPPOSING,8,FIB_705,2.5,0.0,0.3,0.0,0.5,2365,7.531847133757962,42.01609487505294,1111.0,0.4697674418604651,1.8115412710007304,15.0,12,2.078811192592653,1.0718853542111908,False,True
LAST_OPPOSING,8,FIB_618,2.5,0.0,0.3,0.05,0.25,2480,7.898089171974522,42.05834683954619,1165.0,0.46975806451612906,1.8146853146853146,14.0,13,1.987182507274274,1.008618612744739,False,True
EXTREME_OPEN,5,FIB_786,4.0,0.0,0.3,0.0,0.25,2162,6.885350318471337,29.398148148148145,1015.0,0.469472710453284,1.6655737704918032,27.0,17,2.804941919575529,1.429103832128765,False,True
LAST_OPPOSING,3,FIB_705,2.5,1.2,0.3,0.0,0.25,1078,3.43312101910828,42.00743494423792,506.0,0.46938775510204084,1.810897435897436,16.5,10,2.0469371156275873,1.0686285068637809,False,True
LAST_OPPOSING,8,CISD,2.5,1.2,0.4,0.0,0.25,1250,3.9808917197452227,42.59414225941423,586.5,0.4692,1.8549562682215743,13.0,13,1.8137219478490798,0.8765820295719211,False,True
EXTREME_OPEN,5,FIB_618,2.5,0.0,0.4,0.0,0.25,2008,6.3949044585987265,42.00799200799201,941.5,0.4688745019920319,1.8109388458225668,16.5,10,2.005026127216756,1.0293024668245199,False,True
EXTREME_OPEN,5,FIB_786,3.0,1.2,0.3,0.0,0.5,1041,3.3152866242038215,36.73076923076923,488.0,0.4687800192122959,1.7416413373860182,14.0,13,2.3639719261433245,1.2287434139159574,False,True
EXTREME_OPEN,8,FIB_786,3.0,1.2,0.3,0.05,0.5,1041,3.3152866242038215,36.73076923076923,488.0,0.4687800192122959,1.7416413373860182,14.0,14,2.359356413457101,1.2275509093266972,False,True
LAST_OPPOSING,8,CISD,3.0,0.0,0.4,0.0,0.5,2285,7.277070063694268,37.23161260849703,1071.0,0.4687089715536105,1.779475982532751,14.0,14,2.0342180196540687,0.9331985864332619,False,True
EXTREME_OPEN,5,CISD,2.5,1.2,0.0,0.15,0.25,1961,6.245222929936306,42.635243706480985,919.0,0.46863844977052527,1.858076563958917,14.5,12,1.806101174812142,0.8718156307886407,False,True
LAST_OPPOSING,8,FIB_786,2.5,1.5,0.0,0.0,0.5,951,3.0286624203821657,41.95583596214511,445.5,0.46845425867507884,1.8070652173913044,18.0,10,2.1210618808789046,1.1191399722802344,False,True
LAST_OPPOSING,8,FIB_618,2.5,0.0,0.4,0.05,0.25,1886,6.006369426751593,42.01277955271566,883.5,0.4684517497348887,1.8112947658402203,14.5,10,1.9897327042642048,1.0107445358561469,False,True
LAST_OPPOSING,8,FIB_618,2.5,0.0,0.4,0.0,0.25,1978,6.2993630573248405,42.02235772357724,926.5,0.4684024266936299,1.8120070113935145,15.0,11,1.9943914810495966,1.0232487008922833,False,True
LAST_OPPOSING,8,CISD,2.5,1.2,0.4,0.05,0.25,1234,3.929936305732484,42.578456318914334,578.0,0.4683954619124797,1.8537666174298375,14.0,13,1.8148847238112507,0.8761257824011913,False,True
LAST_OPPOSING,5,FIB_618,2.5,0.0,0.3,0.15,0.5,1993,6.3471337579617835,42.02825428859738,933.5,0.46838936276969395,1.8124456048738034,16.5,11,1.9601147072202292,0.987480959965275,False,True
EXTREME_OPEN,8,FIB_705,2.5,1.2,0.3,0.0,0.25,1183,3.767515923566879,41.96277495769882,554.0,0.46830092983939137,1.8075801749271136,15.0,10,2.0638850968829967,1.0815747866274437,False,True
LAST_OPPOSING,3,FIB_786,4.0,0.0,0.3,0.0,0.25,2008,6.3949044585987265,29.376558603491272,940.0,0.4681274900398406,1.6638418079096045,27.0,17,2.799293601931832,1.4186748350376257,False,True
EXTREME_OPEN,5,FIB_705,4.0,0.0,0.0,0.15,0.25,2410,7.67515923566879,29.392173189009156,1128.0,0.46804979253112033,1.6650943396226414,23.0,16,2.578886979745423,1.2398399666526372,False,True
EXTREME_OPEN,3,CISD,2.5,0.0,0.3,0.15,0.25,2309,7.353503184713376,42.35924932975871,1080.0,0.4677349501948896,1.8372093023255813,12.0,12,1.8166958620974125,0.8843801596268481,False,True
EXTREME_OPEN,3,FIB_786,3.0,1.2,0.3,0.0,0.5,1001,3.1878980891719744,36.7,468.0,0.4675324675324675,1.7393364928909953,15.0,14,2.367520111929053,1.2326747445364639,False,True
LAST_OPPOSING,5,CISD,2.5,1.2,0.4,0.15,0.25,1154,3.6751592356687897,42.55898366606171,539.5,0.4675043327556326,1.8522906793048972,18.5,17,1.810672740853422,0.873077044732683,False,True
LAST_OPPOSING,8,FIB_705,2.5,0.0,0.3,0.05,0.5,2244,7.146496815286624,41.945560017849175,1049.0,0.4674688057040998,1.80630284396618,21.0,12,2.0743721324069453,1.0584651432987358,False,True
LAST_OPPOSING,5,FIB_705,3.0,0.0,0.3,0.05,0.5,2207,7.028662420382165,36.71058609722853,1031.0,0.46714997734481195,1.7401292175161522,23.0,14,2.2413693092974962,1.1239179428156454,False,True
EXTREME_OPEN,5,CISD,2.5,0.0,0.4,0.0,0.25,2354,7.496815286624204,42.28920926168633,1099.0,0.4668649107901444,1.8319454958364876,15.0,15,1.8152713035437094,0.8979188739219925,False,True
EXTREME_OPEN,8,FIB_786,4.0,0.0,0.3,0.05,0.25,2063,6.570063694267516,29.340446168768185,963.0,0.4667959282598158,1.6609471516815375,24.0,15,2.787834604237944,1.4034416633781044,False,True
LAST_OPPOSING,5,CISD,3.0,1.2,0.0,0.05,0.25,2151,6.850318471337579,37.45039682539682,1004.0,0.46675964667596465,1.7961934972244251,14.0,11,2.030739983546539,0.9240269604134819,False,True
EXTREME_OPEN,3,FIB_786,4.0,0.0,0.3,0.0,0.25,2102,6.694267515923567,29.333333333333332,980.0,0.46622264509990485,1.6603773584905661,25.0,16,2.8077907746114352,1.4344502199652365,False,True
EXTREME_OPEN,5,CISD,2.5,0.0,0.4,0.05,0.25,2256,7.1847133757961785,42.270861833105336,1051.5,0.4660904255319149,1.830568720379147,14.5,14,1.8176190328884434,0.8908602955993298,False,True
LAST_OPPOSING,3,FIB_705,3.0,0.0,0.3,0.0,0.5,2231,7.1050955414012735,36.674157303370784,1039.0,0.46571044374719855,1.737402413058907,21.0,13,2.2558273446528845,1.1411158564492287,False,True
EXTREME_OPEN,5,FIB_618,2.5,0.0,0.3,0.15,0.5,2022,6.439490445859873,41.91468253968254,941.5,0.46562809099901087,1.8040136635354398,17.0,11,1.9744046210210116,0.9967618851719323,False,True
LAST_OPPOSING,5,CISD,3.0,1.2,0.0,0.0,0.25,2206,7.025477707006369,37.43341404358353,1027.0,0.46554850407978243,1.7948916408668731,16.0,11,2.029956259960101,0.9272697121377257,False,True
EXTREME_OPEN,5,CISD,2.5,0.0,0.3,0.15,0.25,2397,7.63375796178344,42.32096635030199,1115.5,0.46537338339591156,1.8343305908750935,12.0,12,1.8128041304016764,0.8801133381104738,False,True
LAST_OPPOSING,5,CISD,3.0,0.0,0.4,0.05,0.5,2169,6.907643312101911,37.13323713323714,1009.0,0.46519133241124944,1.7719969395562356,13.0,13,2.036217913836191,0.9290496687778688,False,True
LAST_OPPOSING,8,FIB_786,4.0,0.0,0.3,0.0,0.25,2118,6.745222929936306,29.314420803782504,985.0,0.46506137865911235,1.6588628762541806,27.0,19,2.785636203155819,1.4186916442112238,False,True
LAST_OPPOSING,3,FIB_786,4.0,0.0,0.3,0.05,0.25,1899,6.047770700636943,29.309435951502373,883.0,0.4649815692469721,1.6584638329604773,27.0,16,2.7862903661170626,1.393205839675092,False,True
EXTREME_OPEN,8,FIB_618,2.5,0.0,0.4,0.05,0.25,1926,6.13375796178344,41.8834547346514,895.5,0.4649532710280374,1.8017009847806624,16.0,12,1.999584496668383,1.0169686601545005,False,True
LAST_OPPOSING,3,CISD,3.0,1.2,0.0,0.05,0.5,1992,6.343949044585988,37.37967914438502,926.0,0.464859437751004,1.7907771135781383,19.0,14,2.0300140102156874,0.9158853191717845,False,True
LAST_OPPOSING,5,FIB_705,2.5,1.2,0.3,0.15,0.25,1051,3.3471337579617835,41.88931297709924,488.5,0.4647954329210276,1.8021346469622332,17.0,10,2.023660523763614,1.0686902602192858,False,True
EXTREME_OPEN,8,FIB_786,4.0,0.0,0.3,0.0,0.25,2183,6.952229299363057,29.298486932599726,1014.0,0.46449839670178655,1.6575875486381324,27.0,17,2.7974644707363763,1.4297443243550512,False,True
LAST_OPPOSING,8,FIB_705,4.0,0.0,0.0,0.15,0.25,2457,7.82484076433121,29.337152209492633,1141.0,0.46438746438746437,1.660683265778807,20.0,17,2.5570462585136866,1.2308206961500017,False,True
EXTREME_OPEN,5,CISD,2.5,0.0,0.4,0.15,0.25,1890,6.019108280254777,42.248908296943235,877.0,0.464021164021164,1.8289224952741021,16.0,13,1.8053529679191882,0.8838674907513014,False,True
EXTREME_OPEN,3,FIB_618,2.5,0.0,0.3,0.15,0.5,1955,6.226114649681529,41.867624422780914,907.0,0.4639386189258312,1.8005295675198587,16.0,11,1.977304693387449,1.0002047429569996,False,True
EXTREME_OPEN,3,FIB_618,2.5,0.0,0.4,0.0,0.5,1948,6.203821656050955,41.864057672502575,903.5,0.46380903490759756,1.800265721877768,18.0,12,1.9865569881736929,1.019588077414506,False,True
LAST_OPPOSING,3,FIB_705,3.0,0.0,0.3,0.05,0.5,2116,6.738853503184713,36.61771672193274,981.0,0.46361058601134214,1.7331838565022422,24.0,13,2.2469586027222808,1.1270004123854114,False,True
EXTREME_OPEN,8,FIB_618,2.5,0.0,0.4,0.0,0.25,2025,6.449044585987261,41.85240217929668,938.5,0.4634567901234568,1.799403747870528,16.5,10,1.9997688034486298,1.0302409143529758,False,True
LAST_OPPOSING,8,CISD,3.0,1.2,0.0,0.15,0.5,2005,6.385350318471337,37.36029803086748,929.0,0.46334164588528676,1.7892948173322005,12.0,12,2.021025319817942,0.9164712228021359,False,True
LAST_OPPOSING,5,CISD,4.0,0.0,0.4,0.05,0.25,2100,6.687898089171974,29.918450560652392,973.0,0.4633333333333333,1.7076363636363636,17.0,13,2.328923921496492,1.0031807421939127,False,True
LAST_OPPOSING,5,FIB_705,2.5,1.2,0.3,0.05,0.25,1136,3.6178343949044587,41.83583406884378,526.0,0.4630281690140845,1.7981790591805766,15.0,11,2.035604610176069,1.0679142414557654,False,True
EXTREME_OPEN,5,FIB_618,2.5,0.0,0.4,0.0,0.5,2000,6.369426751592357,41.82547642928786,925.0,0.4625,1.7974137931034482,16.5,12,1.9825987528649736,1.0173020082977173,False,True
LAST_OPPOSING,3,CISD,3.0,1.2,0.0,0.0,0.5,2046,6.515923566878981,37.33055265901981,946.0,0.46236559139784944,1.7870216306156406,21.0,13,2.0268538709907618,0.9194433258109982,False,True
LAST_OPPOSING,8,FIB_786,4.0,0.0,0.3,0.05,0.25,2005,6.385350318471337,29.256115826260608,927.0,0.46234413965087284,1.6541990119971772,24.0,18,2.7729119104153876,1.3943281065287998,False,True
EXTREME_OPEN,3,FIB_786,4.0,1.2,0.3,0.05,0.25,982,3.127388535031847,29.255861365953105,454.0,0.4623217922606925,1.654178674351585,20.0,14,2.7360264098630664,1.392657608388923,False,True
LAST_OPPOSING,5,FIB_618,2.5,0.0,0.4,0.0,0.5,1945,6.194267515923567,41.83884297520662,899.0,0.4622107969151671,1.7984014209591475,15.0,11,1.9757440428437796,1.0134011350931444,False,True
LAST_OPPOSING,3,FIB_786,4.0,1.2,0.0,0.15,0.25,1195,3.805732484076433,29.253981559094722,552.0,0.4619246861924686,1.6540284360189574,33.0,14,2.70827258353683,1.3776499605418417,False,True
LAST_OPPOSING,3,FIB_618,2.5,0.0,0.3,0.0,0.5,2467,7.856687898089172,41.81596091205212,1138.5,0.46149169031212,1.7967109867039888,15.0,11,1.9790535814197066,1.0056784249722555,False,True
LAST_OPPOSING,8,CISD,3.0,0.0,0.3,0.15,0.5,2354,7.496815286624204,37.10972346119536,1086.0,0.4613423959218352,1.7702127659574467,14.0,13,2.010140575387504,0.9220981065482038,False,True
LAST_OPPOSING,5,CISD,4.0,0.0,0.4,0.0,0.25,2189,6.971337579617835,29.86314760508309,1009.0,0.46094106898126996,1.7031358885017422,19.0,14,2.3269847804193455,1.013225871600003,False,True
EXTREME_OPEN,8,CISD,2.5,0.0,0.4,0.0,0.25,2374,7.560509554140127,42.125813449023866,1093.5,0.4606149957877001,1.8197151424287856,15.0,15,1.8157086706049652,0.8982157234754136,False,True
LAST_OPPOSING,8,FIB_705,3.0,0.0,0.3,0.0,0.5,2355,7.5,36.54173764906303,1084.0,0.4602972399150743,1.72751677852349,21.0,13,2.2444187160017184,1.1405557290792905,False,True
LAST_OPPOSING,3,FIB_618,2.5,0.0,0.3,0.05,0.5,2346,7.471337579617835,41.762943945228926,1079.0,0.4599317988064791,1.792799412196914,14.0,13,1.9773067793048202,1.0005650419944063,False,True
LAST_OPPOSING,8,CISD,2.5,1.2,0.4,0.15,0.25,1176,3.745222929936306,42.33511586452763,540.5,0.459608843537415,1.8353941267387945,19.5,18,1.809658836154479,0.8745243940291719,False,True
EXTREME_OPEN,8,CISD,2.5,0.0,0.4,0.05,0.25,2276,7.248407643312102,42.10049796287913,1046.0,0.45957820738137084,1.8178264268960125,14.5,14,1.8180546017884993,0.8912319530713307,False,True
LAST_OPPOSING,3,CISD,4.0,0.0,0.4,0.05,0.25,2030,6.464968152866242,29.820864067439413,932.0,0.45911330049261084,1.6996996996996998,17.0,13,2.3399080006575828,1.0075618527065717,False,True
EXTREME_OPEN,5,FIB_786,4.0,1.2,0.3,0.05,0.25,1022,3.254777070063694,29.18707149853085,469.0,0.4589041095890411,1.648686030428769,19.0,13,2.7323182412830262,1.390092228150532,False,True
EXTREME_OPEN,8,CISD,2.5,1.2,0.0,0.15,0.25,2002,6.375796178343949,42.39073196419168,918.5,0.45879120879120877,1.839579524680073,14.5,10,1.8048919651078041,0.8704744655963089,False,True
EXTREME_OPEN,8,FIB_705,4.0,0.0,0.0,0.15,0.25,2446,7.789808917197452,29.204265791632483,1122.0,0.45870809484873265,1.6500579374275781,23.0,16,2.568305488168082,1.240943032008967,False,True
LAST_OPPOSING,3,CISD,4.0,0.0,0.4,0.0,0.25,2117,6.74203821656051,29.797979797979796,970.0,0.4581955597543694,1.6978417266187051,19.0,14,2.3384280417626364,1.0174238278673287,False,True
EXTREME_OPEN,3,FIB_786,4.0,1.2,0.0,0.15,0.25,1225,3.9012738853503186,29.166666666666668,561.0,0.4579591836734694,1.6470588235294117,22.0,14,2.703536138446642,1.3931730984755353,False,True
EXTREME_OPEN,8,FIB_786,3.0,1.2,0.3,0.0,0.5,1057,3.3662420382165603,36.45833333333333,484.0,0.45789971617786185,1.721311475409836,14.0,14,2.3539934095613706,1.232404754724334,False,True
LAST_OPPOSING,5,FIB_705,2.5,1.2,0.3,0.0,0.25,1152,3.6687898089171975,41.688424717145345,527.5,0.4578993055555556,1.787313432835821,15.0,10,2.0334959463782187,1.0707633245616266,False,True
LAST_OPPOSING,8,CISD,3.0,0.0,0.4,0.05,0.5,2196,6.993630573248407,36.947218259629096,1005.0,0.4576502732240437,1.757918552036199,13.0,13,2.0313959928637995,0.9299512870270003,False,True
EXTREME_OPEN,5,FIB_705,4.0,0.0,0.3,0.0,0.25,2390,7.611464968152866,29.177162048698573,1093.0,0.45732217573221756,1.6478956727919383,31.0,22,2.5925412587615715,1.2631851837957189,False,True
EXTREME_OPEN,8,FIB_618,2.5,0.0,0.4,0.0,0.5,2017,6.423566878980892,41.67081054201889,922.0,0.4571145265245414,1.7860187553282183,16.5,12,1.977413367287446,1.018352125677434,False,True
EXTREME_OPEN,8,CISD,2.5,0.0,0.4,0.15,0.25,1909,6.079617834394904,42.06821873308067,872.5,0.4570455735987428,1.8154205607476634,16.0,13,1.8057723758675832,0.8842688358105597,False,True
LAST_OPPOSING,5,FIB_618,2.5,0.0,0.3,0.05,0.5,2446,7.789808917197452,41.68377823408625,1117.5,0.45686835650040886,1.7869718309859155,14.0,13,1.9687006290600082,1.0006905080435018,False,True
EXTREME_OPEN,5,FIB_618,2.5,0.0,0.4,0.05,0.5,1908,6.076433121019108,41.64915966386555,871.5,0.45676100628930816,1.7844284428442845,14.5,12,1.9804093134185985,1.012022332004599,False,True
LAST_OPPOSING,8,FIB_705,3.0,0.0,0.3,0.05,0.5,2237,7.124203821656051,36.44105782160466,1021.0,0.4564148413053196,1.720028208744711,24.0,14,2.2343523734164425,1.1275312165332507,False,True
EXTREME_OPEN,8,FIB_618,2.5,0.0,0.3,0.15,0.5,2045,6.512738853503185,41.63805787150564,932.5,0.4559902200488998,1.7836134453781514,17.0,11,1.9655423472226883,0.9995534502514709,False,True
EXTREME_OPEN,3,FIB_705,2.5,1.2,0.3,0.05,0.5,1102,3.5095541401273884,41.59854677565849,502.0,0.455535390199637,1.780715396578538,15.0,11,2.0478427521813125,1.0654488365018067,False,True
EXTREME_OPEN,8,CISD,2.5,0.0,0.3,0.15,0.25,2424,7.719745222929936,42.05128205128205,1104.0,0.45544554455445546,1.8141592920353982,12.0,12,1.8103082892593068,0.8816764773690884,False,True
LAST_OPPOSING,8,FIB_618,2.5,0.0,0.3,0.15,0.5,2024,6.445859872611465,41.65009940357853,921.0,0.4550395256916996,1.784497444633731,16.5,11,1.9502224454434218,0.9918755291588583,False,True
EXTREME_OPEN,3,FIB_705,4.0,0.0,0.3,0.0,0.25,2321,7.39171974522293,29.12705272255834,1056.0,0.4549763033175355,1.6439024390243901,30.0,22,2.597158221046402,1.2678109383931588,False,True
LAST_OPPOSING,8,CISD,3.0,1.2,0.0,0.05,0.25,2193,6.984076433121019,37.12895377128954,997.0,0.4546283629730962,1.771671826625387,13.0,11,2.023693124192502,0.9274903047221444,False,True
EXTREME_OPEN,3,FIB_786,4.0,1.2,0.3,0.0,0.25,998,3.178343949044586,29.087261785356066,453.0,0.45390781563126253,1.6407355021216408,21.0,14,2.727645167823622,1.3961798270973842,False,True
LAST_OPPOSING,8,CISD,4.0,0.0,0.4,0.05,0.25,2126,6.770700636942675,29.72292191435768,965.0,0.4539040451552211,1.6917562724014337,17.0,13,2.322999798043742,1.0041633004061987,False,True
LAST_OPPOSING,3,FIB_786,4.0,1.2,0.3,0.05,0.25,954,3.038216560509554,29.096638655462186,433.0,0.45387840670859536,1.6414814814814815,26.0,14,2.7152926191936197,1.3681177184565882,False,True
LAST_OPPOSING,8,CISD,3.0,1.2,0.0,0.0,0.25,2248,7.159235668789809,37.119771863117876,1020.0,0.45373665480427045,1.7709750566893423,14.0,11,2.0230964529437427,0.9305877363799316,False,True
LAST_OPPOSING,8,FIB_618,2.5,0.0,0.4,0.0,0.5,1970,6.273885350318471,41.58163265306122,892.5,0.4530456852791878,1.779475982532751,15.0,11,1.9692894348656027,1.0148753425439998,False,True
LAST_OPPOSING,3,CISD,4.0,0.0,0.3,0.15,0.25,2132,6.789808917197452,29.72292191435768,965.0,0.4526266416510319,1.6917562724014337,21.0,13,2.328001675658976,0.9984508072228521,False,True
LAST_OPPOSING,8,CISD,4.0,0.0,0.4,0.0,0.25,2214,7.050955414012739,29.690522243713737,1002.0,0.45257452574525747,1.689133425034388,19.0,14,2.322049386818859,1.0138461197169308,False,True
EXTREME_OPEN,3,CISD,2.5,0.0,0.4,0.0,0.5,2273,7.238853503184713,41.832129963898915,1028.5,0.4524857017157941,1.7979053529868114,15.0,15,1.8031059633884103,0.8996591050486562,False,True
LAST_OPPOSING,3,FIB_786,4.0,0.0,0.0,0.15,0.5,2037,6.487261146496815,29.056047197640115,921.0,0.4521354933726068,1.6382536382536383,24.0,17,2.716047762795643,1.3518396765363945,False,True
EXTREME_OPEN,5,FIB_705,2.5,1.2,0.3,0.05,0.5,1148,3.656050955414013,41.49956408020924,519.0,0.4520905923344948,1.773472429210134,15.0,11,2.0396924375533003,1.0631884440532717,False,True
LAST_OPPOSING,5,CISD,4.0,0.0,0.3,0.15,0.25,2226,7.089171974522293,29.72450459159014,1006.0,0.4519317160826595,1.6918844566712516,23.0,13,2.3167273251008536,0.9962619607652781,False,True
EXTREME_OPEN,8,FIB_705,4.0,0.0,0.3,0.0,0.25,2413,7.6847133757961785,29.064449064449065,1090.0,0.45171985080812266,1.6389214536928487,31.0,22,2.5842874861623244,1.2641208448573507,False,True
EXTREME_OPEN,3,FIB_705,2.5,1.2,0.3,0.15,0.5,1011,3.2197452229299364,41.48514851485148,456.5,0.4515331355093966,1.772419627749577,14.0,11,2.0348018569584356,1.066984318913658,False,True
LAST_OPPOSING,3,FIB_786,4.0,1.2,0.3,0.0,0.25,966,3.0764331210191083,29.045643153526974,436.0,0.45134575569358176,1.6374269005847952,26.0,14,2.7104503178123363,1.3696051255606387,False,True
EXTREME_OPEN,8,FIB_618,2.5,0.0,0.4,0.05,0.5,1925,6.130573248407643,41.48880791254555,868.5,0.45116883116883116,1.7726868327402134,16.0,12,1.9749837315356775,1.013103491246911,False,True
EXTREME_OPEN,5,FIB_786,4.0,1.2,0.3,0.0,0.25,1038,3.305732484076433,29.026036644165863,468.0,0.4508670520231214,1.6358695652173914,20.0,13,2.7243171344833295,1.3935182593209163,False,True
LAST_OPPOSING,8,FIB_618,2.5,0.0,0.4,0.05,0.5,1885,6.003184713375796,41.502397442727755,849.5,0.4506631299734748,1.77367941712204,14.0,10,1.9660139159830863,1.0082413694977135,False,True
LAST_OPPOSING,5,CISD,2.5,1.2,0.4,0.0,0.5,1226,3.9044585987261144,42.028985507246375,552.5,0.450652528548124,1.8125,12.0,12,1.7962934517682208,0.8715971246704239,False,True
EXTREME_OPEN,5,FIB_618,2.5,0.0,0.3,0.05,0.5,2511,7.996815286624204,41.477045908183634,1131.5,0.4506172839506173,1.7718281036834924,15.0,13,1.9754753247662484,1.0086577386731548,False,True
LAST_OPPOSING,3,FIB_618,3.0,0.0,0.3,0.15,0.25,1889,6.015923566878981,36.33457645178476,851.0,0.4505029115934357,1.7121338912133892,13.0,12,2.1570784606843567,1.0640917944931925,False,True
EXTREME_OPEN,3,FIB_705,4.0,0.0,0.3,0.05,0.25,2196,6.993630573248407,29.027841168416245,989.0,0.4503642987249545,1.6360128617363343,28.0,21,2.5962342943661496,1.2544975995497925,False,True
EXTREME_OPEN,3,CISD,3.0,0.0,0.4,0.0,0.25,2237,7.124203821656051,36.697674418604656,1006.0,0.4497094322753688,1.739162380602498,17.0,17,2.010832677954294,0.955392662068101,False,True
LAST_OPPOSING,5,CISD,2.5,1.2,0.4,0.05,0.5,1210,3.8535031847133756,42.00518582541054,544.0,0.44958677685950416,1.8107302533532041,13.0,12,1.7970620971125588,0.8712360222538345,False,True
LAST_OPPOSING,3,FIB_786,4.0,0.0,0.4,0.15,0.25,1180,3.7579617834394905,28.983050847457626,530.0,0.4491525423728814,1.6324582338902147,26.0,22,2.749470783585576,1.3918243081920896,False,True
LAST_OPPOSING,5,FIB_786,4.0,0.0,0.4,0.15,0.25,1225,3.9012738853503186,28.97959183673469,550.0,0.4489795918367347,1.632183908045977,30.0,22,2.7426873152775064,1.3882267599297622,False,True
EXTREME_OPEN,3,FIB_618,2.5,0.0,0.3,0.05,0.5,2437,7.761146496815287,41.423282599753186,1093.5,0.4487074271645466,1.7679073033707866,15.0,13,1.9785071785287975,1.0115572812859446,False,True
EXTREME_OPEN,3,CISD,2.5,0.0,0.4,0.05,0.5,2181,6.945859872611465,41.72154280338664,978.5,0.44864740944520864,1.7897497982243744,14.0,14,1.8044293563642944,0.8938499607773787,False,True
EXTREME_OPEN,3,FIB_618,3.0,0.0,0.3,0.15,0.25,1943,6.187898089171974,36.26487325400931,871.0,0.4482758620689655,1.7069805194805194,17.0,13,2.1667570584803384,1.071600464053621,False,True
EXTREME_OPEN,5,FIB_705,4.0,0.0,0.3,0.05,0.25,2262,7.203821656050955,28.98936170212766,1014.0,0.4482758620689655,1.6329588014981273,29.0,21,2.588704651397672,1.2511114571280781,False,True
LAST_OPPOSING,8,FIB_705,2.5,1.2,0.3,0.15,0.25,1073,3.417197452229299,41.401869158878505,480.5,0.44780987884436163,1.766347687400319,17.0,11,2.01308226082876,1.0756906100303596,False,True
EXTREME_OPEN,5,FIB_705,2.5,1.2,0.3,0.15,0.5,1055,3.359872611464968,41.36622390891841,472.0,0.44739336492890996,1.7637540453074434,14.0,11,2.0274489433649867,1.064498540264821,False,True
LAST_OPPOSING,8,FIB_705,2.5,1.2,0.3,0.05,0.25,1158,3.6878980891719744,41.38528138528139,518.0,0.4473229706390328,1.7651403249630724,15.0,11,2.0255759003054536,1.0744154916803592,False,True
EXTREME_OPEN,5,FIB_618,3.0,0.0,0.3,0.15,0.25,2009,6.398089171974522,36.23623623623624,898.0,0.44698855151816824,1.7048665620094192,15.0,13,2.1627183267489083,1.0691891915458174,False,True
LAST_OPPOSING,8,FIB_618,2.5,0.0,0.3,0.05,0.5,2478,7.89171974522293,41.40308191403082,1107.5,0.4469330104923325,1.7664359861591696,14.0,13,1.9607722332988886,1.0039124582494152,False,True
EXTREME_OPEN,5,CISD,2.5,1.2,0.0,0.15,0.5,1959,6.238853503184713,41.983914209115284,875.5,0.44691168963757016,1.8091497227356748,14.5,12,1.7872188847039532,0.8692526499164415,False,True
EXTREME_OPEN,3,CISD,3.0,0.0,0.4,0.05,0.25,2143,6.82484076433121,36.61971830985916,957.0,0.44657022865142326,1.7333333333333334,17.0,17,2.0137340564778303,0.9479237680579146,False,True
LAST_OPPOSING,5,CISD,3.0,1.2,0.0,0.05,0.5,2146,6.834394904458598,36.91542288557214,958.0,0.44641192917054984,1.7555205047318612,14.0,13,2.0120125088646716,0.9199737490575287,False,True
EXTREME_OPEN,5,CISD,3.0,0.0,0.4,0.0,0.25,2308,7.350318471337579,36.63053297199639,1030.0,0.4462738301559792,1.7341411261582325,18.0,18,2.002084493186261,0.9515201067315573,False,True
LAST_OPPOSING,8,FIB_786,3.0,1.5,0.0,0.0,0.5,946,3.0127388535031847,36.1522198731501,422.0,0.44608879492600423,1.6986754966887416,26.0,11,2.2532389968980207,1.2051854870902254,False,True
EXTREME_OPEN,3,CISD,2.5,1.2,0.4,0.05,0.25,1159,3.6910828025477707,41.83123877917414,517.0,0.4460742018981881,1.7978395061728396,16.0,10,1.770245629698783,0.8909400558142918,False,True
EXTREME_OPEN,8,FIB_786,4.0,1.2,0.3,0.15,0.25,955,3.0414012738853504,28.930817610062892,426.0,0.44607329842931936,1.6283185840707965,27.0,15,2.702758163840013,1.3952709707088613,False,True
EXTREME_OPEN,8,FIB_786,4.0,1.2,0.3,0.05,0.25,1038,3.305732484076433,28.929604628736737,463.0,0.4460500963391137,1.6282225237449117,20.0,14,2.718692284019356,1.3935054616121152,False,True
LAST_OPPOSING,3,FIB_618,3.0,0.0,0.3,0.0,0.25,2455,7.818471337579618,36.21466612044244,1095.0,0.4460285132382892,1.7032755298651252,19.0,15,2.1669913935509717,1.0857754595793954,False,True
LAST_OPPOSING,5,FIB_618,3.0,0.0,0.3,0.15,0.25,1980,6.305732484076433,36.23409669211196,883.0,0.44595959595959594,1.704708699122107,14.0,13,2.1455536499699392,1.0657876641347868,False,True
EXTREME_OPEN,3,FIB_705,2.5,1.2,0.3,0.0,0.5,1119,3.5636942675159236,41.32379248658318,499.0,0.4459338695263628,1.7606707317073171,17.0,10,2.0411790820840414,1.0693946987257061,False,True
LAST_OPPOSING,5,CISD,2.5,1.2,0.4,0.15,0.5,1152,3.6687898089171975,41.90909090909091,513.5,0.4457465277777778,1.8035993740219092,18.5,17,1.7915126085032975,0.8674465363729043,False,True
LAST_OPPOSING,5,CISD,3.0,1.2,0.0,0.0,0.5,2201,7.009554140127388,36.911121903836815,981.0,0.44570649704679693,1.7551963048498844,16.0,13,2.0100898848175586,0.9230056640168359,False,True
LAST_OPPOSING,5,FIB_786,4.0,0.0,0.0,0.15,0.5,2171,6.914012738853503,28.920664206642066,967.0,0.4454168585905113,1.6275146009085009,21.0,15,2.696380152953511,1.348574766309478,False,True
LAST_OPPOSING,5,FIB_705,4.0,0.0,0.3,0.0,0.25,2309,7.353503184713376,28.95080539834567,1028.0,0.4452143785188393,1.6299019607843137,24.0,21,2.5788559884762767,1.2608341975729653,False,True
LAST_OPPOSING,5,FIB_786,4.0,1.2,0.3,0.05,0.25,1016,3.2356687898089174,28.895463510848124,451.0,0.4438976377952756,1.625520110957004,29.0,14,2.696851743062252,1.3719519609895519,False,True
LAST_OPPOSING,8,CISD,2.5,1.2,0.4,0.0,0.5,1248,3.9745222929936306,41.82732606873428,553.5,0.44350961538461536,1.7975504322766571,13.0,13,1.7950134611214714,0.8729535354525444,False,True
EXTREME_OPEN,3,CISD,2.5,1.2,0.4,0.0,0.25,1176,3.745222929936306,41.732979664014145,521.0,0.44302721088435376,1.7905918057663126,19.5,14,1.7657531895521221,0.8925572223837069,False,True
EXTREME_OPEN,5,FIB_705,2.5,1.2,0.3,0.0,0.5,1165,3.710191082802548,41.23711340206185,516.0,0.4429184549356223,1.7543859649122806,17.0,10,2.0334108139565874,1.0670114882594248,False,True
LAST_OPPOSING,5,FIB_618,3.0,0.0,0.4,0.0,0.25,1940,6.178343949044586,36.13271124935199,859.0,0.44278350515463916,1.6972402597402598,19.0,14,2.157902069814872,1.0910305528398547,False,True
LAST_OPPOSING,8,FIB_705,2.5,1.2,0.3,0.0,0.25,1174,3.738853503184713,41.246797608881295,519.5,0.4425042589437819,1.7550872093023255,15.5,10,2.0236434289790535,1.077122581743697,False,True
EXTREME_OPEN,8,FIB_705,4.0,0.0,0.3,0.05,0.25,2285,7.277070063694268,28.872312417727073,1011.0,0.44245076586433263,1.623689080814312,29.0,21,2.5800271409763966,1.2522210614410205,False,True
LAST_OPPOSING,8,CISD,2.5,1.2,0.4,0.05,0.5,1232,3.9235668789808917,41.801189464740865,545.0,0.44237012987012986,1.7956204379562044,14.0,13,1.7957517574009363,0.8726164970178372,False,True
LAST_OPPOSING,5,FIB_786,4.0,1.2,0.3,0.0,0.25,1031,3.28343949044586,28.86297376093295,456.0,0.4422890397672163,1.6229508196721312,29.0,14,2.6924461315549166,1.3736127706434058,False,True
LAST_OPPOSING,3,FIB_618,3.0,0.0,0.3,0.05,0.25,2327,7.410828025477707,36.11231101511879,1029.0,0.44220025784271594,1.695740365111562,17.0,14,2.1643012094500707,1.077619243426062,False,True
EXTREME_OPEN,3,CISD,2.5,0.0,0.3,0.15,0.5,2304,7.337579617834395,41.60322436184505,1018.5,0.4420572916666667,1.781058282208589,13.0,12,1.7959229695227974,0.8845274156772693,False,True
EXTREME_OPEN,8,CISD,3.0,0.0,0.4,0.0,0.25,2326,7.407643312101911,36.535008976660684,1028.0,0.4419604471195185,1.727015558698727,18.0,18,2.0015670182433287,0.9511320287435914,False,True
EXTREME_OPEN,5,CISD,3.0,0.0,0.4,0.05,0.25,2213,7.047770700636943,36.52214891611687,978.0,0.4419340262087664,1.7260579064587973,18.0,18,2.004199952931341,0.9440728326324336,False,True
EXTREME_OPEN,3,CISD,2.5,1.2,0.4,0.15,0.25,1101,3.5063694267515926,41.72185430463576,486.5,0.44187102633969116,1.7897727272727273,20.0,20,1.76909134784362,0.8874721745347511,False,True
EXTREME_OPEN,5,CISD,2.5,0.0,0.4,0.0,0.5,2344,7.464968152866242,41.553312856516015,1035.5,0.44176621160409557,1.7774024024024024,15.0,15,1.796120179321383,0.897431934146121,False,True
EXTREME_OPEN,3,FIB_618,3.0,0.0,0.4,0.0,0.25,1945,6.194267515923567,36.08673205988642,859.0,0.4416452442159383,1.6938610662358642,16.0,14,2.1670160879429567,1.0982393655650358,False,True
LAST_OPPOSING,3,FIB_618,2.5,1.2,0.3,0.15,0.25,1114,3.5477707006369426,41.245487364620935,491.5,0.4412028725314183,1.7549923195084485,15.0,11,1.9401734819547756,0.999614295087202,False,True
LAST_OPPOSING,5,FIB_786,4.0,0.0,0.3,0.0,0.5,2088,6.649681528662421,28.83877159309021,921.0,0.4410919540229885,1.6210384356035064,27.0,19,2.7181193344933376,1.37660921601028,False,True
LAST_OPPOSING,5,FIB_618,3.0,0.0,0.3,0.05,0.25,2426,7.726114649681529,36.08461219411033,1069.0,0.44064303380049463,1.6937053861129137,18.0,15,2.1545332880798527,1.0783686069901732,False,True
EXTREME_OPEN,5,FIB_618,3.0,0.0,0.4,0.0,0.25,1997,6.359872611464968,36.048265460030166,879.0,0.4401602403605408,1.6910377358490567,15.0,14,2.164604623960891,1.0950920989169823,False,True
EXTREME_OPEN,8,FIB_705,2.5,1.2,0.3,0.05,0.5,1165,3.710191082802548,41.15120274914089,512.5,0.43991416309012876,1.7481751824817517,15.0,12,2.029378969836455,1.0671307296297639,False,True
LAST_OPPOSING,8,CISD,4.0,0.0,0.3,0.15,0.25,2258,7.191082802547771,29.470672389127323,993.0,0.43976970770593443,1.671399594320487,24.0,13,2.3095723604195517,0.9993019955968192,False,True
EXTREME_OPEN,3,FIB_786,4.0,0.0,0.4,0.15,0.25,1219,3.8821656050955413,28.794093519278096,536.0,0.43970467596390483,1.6175115207373272,21.0,21,2.7549065480296795,1.4086865244050286,False,True
LAST_OPPOSING,3,CISD,3.0,1.2,0.4,0.0,0.25,1154,3.6751592356687897,36.63911845730027,507.0,0.4393414211438475,1.7347826086956522,12.0,12,2.0045722118966256,0.935182513702987,False,True
LAST_OPPOSING,8,FIB_786,4.0,0.0,0.4,0.15,0.25,1244,3.961783439490446,28.778135048231512,546.0,0.43890675241157556,1.6162528216704288,31.0,22,2.7333709641826323,1.3891245704806605,False,True
EXTREME_OPEN,8,FIB_786,4.0,1.2,0.3,0.0,0.25,1054,3.356687898089172,28.774928774928775,462.0,0.43833017077798864,1.616,21.0,14,2.711019481797472,1.3968276709285032,False,True
EXTREME_OPEN,5,CISD,2.5,0.0,0.3,0.15,0.5,2391,7.614649681528663,41.522491349480966,1048.0,0.438310330405688,1.7751479289940828,12.5,12,1.7924956343902745,0.8808210897002691,False,True
LAST_OPPOSING,8,CISD,2.5,1.2,0.4,0.15,0.5,1174,3.738853503184713,41.69642857142858,514.5,0.43824531516183984,1.7879019908116387,19.5,18,1.7902415269229608,0.8689662242763385,False,True
EXTREME_OPEN,5,CISD,2.5,0.0,0.4,0.15,0.5,1885,6.003184713375796,41.4887794198139,826.0,0.43819628647214853,1.7726847521047708,16.5,13,1.7851245688722615,0.8827345215139831,False,True
LAST_OPPOSING,5,FIB_705,4.0,0.0,0.3,0.05,0.25,2187,6.964968152866242,28.801102434542948,958.0,0.4380429812528578,1.6180645161290323,24.0,21,2.572028799369011,1.2489698186770601,False,True
EXTREME_OPEN,5,FIB_618,3.0,0.0,0.4,0.05,0.25,1899,6.047770700636943,35.97464342313788,831.0,0.43759873617693523,1.6856435643564356,14.0,13,2.165163885458465,1.0831868878506667,False,True
EXTREME_OPEN,8,CISD,2.5,1.2,0.0,0.15,0.5,2000,6.369426751592357,41.75013178703216,875.0,0.4375,1.7918552036199096,14.5,10,1.7858371051794335,0.8680234177570478,False,True
EXTREME_OPEN,8,CISD,3.0,0.0,0.4,0.05,0.25,2231,7.1050955414012735,36.42322097378277,976.0,0.4374719856566562,1.718703976435935,18.0,18,2.0036433751668077,0.9437283151666225,False,True
LAST_OPPOSING,3,CISD,3.0,1.2,0.4,0.05,0.25,1139,3.627388535031847,36.592178770949715,498.0,0.437225636523266,1.7312775330396475,13.0,12,2.004930145060338,0.9355306491862675,False,True
LAST_OPPOSING,3,FIB_705,4.0,0.0,0.3,0.0,0.25,2213,7.047770700636943,28.778937812074446,967.0,0.4369633981021238,1.6163161249203315,23.0,20,2.5834532565772585,1.2656757107374825,False,True
EXTREME_OPEN,5,CISD,2.5,0.0,0.4,0.05,0.5,2251,7.1687898089171975,41.40767824497258,983.0,0.4366948023100844,1.7667706708268331,14.5,14,1.7967122946362801,0.8917051440315091,False,True
LAST_OPPOSING,3,FIB_786,4.0,0.0,0.3,0.0,0.5,2004,6.382165605095541,28.749999999999996,875.0,0.436626746506986,1.6140350877192982,27.0,17,2.7257557223616438,1.3798907263415912,False,True
LAST_OPPOSING,5,FIB_618,2.5,1.2,0.4,0.05,0.25,975,3.105095541401274,41.09165808444902,425.5,0.43641025641025644,1.743881118881119,17.0,15,1.9341854235142022,1.0112033988809848,False,True
EXTREME_OPEN,3,FIB_786,4.0,0.0,0.0,0.15,0.5,2097,6.678343949044586,28.73508353221957,915.0,0.4363376251788269,1.6128600133958473,22.0,16,2.7120038003231564,1.3697543042429525,False,True
EXTREME_OPEN,5,FIB_618,3.0,0.0,0.3,0.05,0.25,2492,7.936305732484076,35.953244659411524,1087.0,0.43619582664526485,1.684078036500944,19.0,15,2.1641747401988938,1.0825973387114731,False,True
EXTREME_OPEN,8,CISD,2.5,0.0,0.4,0.0,0.5,2364,7.528662420382165,41.394335511982575,1030.0,0.4357021996615905,1.7657992565055762,15.0,15,1.7965171079267956,0.8977717241029997,False,True
EXTREME_OPEN,3,FIB_618,3.0,0.0,0.3,0.05,0.25,2420,7.707006369426751,35.933609958506224,1054.0,0.43553719008264463,1.682642487046632,19.0,15,2.167807033117723,1.084832191982847,False,True
LAST_OPPOSING,3,FIB_618,2.5,1.2,0.3,0.05,0.25,1204,3.8343949044585988,41.068447412353926,524.0,0.43521594684385384,1.7422096317280453,16.5,13,1.9383669596649016,1.0024930770681075,False,True
EXTREME_OPEN,3,CISD,2.5,1.2,0.0,0.05,0.25,2065,6.576433121019108,41.56962025316456,898.5,0.4351089588377724,1.7785961871750433,17.5,12,1.7866678380658552,0.8906064509884166,False,True
EXTREME_OPEN,5,CISD,3.0,1.2,0.0,0.15,0.25,1926,6.13375796178344,36.625971143174255,838.0,0.43509865005192105,1.733800350262697,23.0,13,1.9663409901170836,0.9259864204240024,False,True
LAST_OPPOSING,8,CISD,3.0,1.2,0.0,0.05,0.5,2188,6.968152866242038,36.603221083455345,951.0,0.4346435100548446,1.7321016166281755,14.0,14,2.0048223587498937,0.9232555129709706,False,True
EXTREME_OPEN,8,FIB_618,3.0,0.0,0.3,0.15,0.25,2032,6.471337579617835,35.9228104898565,883.0,0.4345472440944882,1.6818532818532819,15.0,13,2.1525798006916532,1.0722798258282218,False,True
LAST_OPPOSING,8,CISD,3.0,1.2,0.0,0.0,0.5,2243,7.143312101910828,36.60629170638703,974.0,0.4342398573339278,1.7323308270676692,14.0,14,2.0031120434260488,0.9261501843085527,False,True
EXTREME_OPEN,8,FIB_705,2.5,1.2,0.3,0.15,0.5,1072,3.4140127388535033,40.98972922502334,465.5,0.43423507462686567,1.7365506329113924,14.0,12,2.0164349037297966,1.0687620580456205,False,True
LAST_OPPOSING,5,FIB_786,4.0,0.0,0.3,0.05,0.5,1979,6.302547770700637,28.694331983805665,859.0,0.4340576048509348,1.609652235628105,24.0,18,2.703683293471855,1.3539744374361304,False,True
EXTREME_OPEN,8,FIB_618,3.0,0.0,0.4,0.0,0.25,2014,6.414012738853503,35.89232303090728,874.0,0.4339622641509434,1.6796267496111976,16.0,14,2.158173445458894,1.0960282704736217,False,True
LAST_OPPOSING,5,FIB_618,2.5,1.2,0.4,0.0,0.25,984,3.1337579617834397,41.0204081632653,427.0,0.4339430894308943,1.7387543252595157,15.5,11,1.9350319512712273,1.012369396419533,False,True
LAST_OPPOSING,8,FIB_705,4.0,0.0,0.3,0.0,0.25,2338,7.445859872611465,28.71883061049011,1014.0,0.43370402053036783,1.6115802171290712,24.0,21,2.5705375776346897,1.2636621322550041,False,True
EXTREME_OPEN,5,CISD,2.5,1.2,0.0,0.05,0.25,2175,6.926751592356688,41.574118783196525,942.5,0.43333333333333335,1.7789256198347108,17.5,11,1.7800600633454096,0.8853476406094826,False,True
LAST_OPPOSING,5,CISD,4.0,0.0,0.4,0.05,0.5,2090,6.656050955414012,29.28205128205128,905.0,0.43301435406698563,1.6562726613488035,17.0,13,2.3076150552514596,1.0015430401223142,False,True
LAST_OPPOSING,5,CISD,4.0,0.0,0.4,0.0,0.5,2173,6.920382165605096,29.28395061728395,940.0,0.4325816843074091,1.6564245810055866,19.0,14,2.310590409703343,1.007491195666688,False,True
LAST_OPPOSING,3,CISD,4.0,1.5,0.0,0.15,0.25,1153,3.671974522292994,29.698149951314505,498.0,0.4319167389418907,1.6897506925207757,26.0,23,2.2820680939907674,0.9747738198986678,False,True
EXTREME_OPEN,3,FIB_618,2.5,1.2,0.3,0.15,0.25,1137,3.621019108280255,40.95322153574581,491.0,0.4318381706244503,1.733931240657698,17.0,11,1.9500950702179114,1.0138138203202358,False,True
EXTREME_OPEN,8,CISD,2.5,0.0,0.4,0.15,0.5,1904,6.063694267515924,41.31378935939197,821.5,0.43146008403361347,1.7599444958371877,17.5,13,1.7855132170710746,0.8832046898277992,False,True
LAST_OPPOSING,3,FIB_618,2.5,1.2,0.3,0.0,0.25,1217,3.875796178343949,40.95788604459125,525.0,0.4313886606409203,1.7342657342657342,16.0,13,1.9391693937402608,1.004440259024943,False,True
LAST_OPPOSING,8,FIB_786,4.0,0.0,0.3,0.0,0.5,2113,6.729299363057325,28.639165481270744,911.0,0.43114055844770466,1.6053156146179401,27.0,19,2.7098668043515195,1.380186947423517,False,True
EXTREME_OPEN,8,FIB_618,3.0,0.0,0.4,0.05,0.25,1916,6.101910828025478,35.81151832460733,826.0,0.4311064718162839,1.6737357259380097,15.0,13,2.1588981310155093,1.0842196449020907,False,True
EXTREME_OPEN,8,FIB_705,2.5,1.2,0.3,0.0,0.5,1182,3.7643312101910826,40.89754445385267,509.5,0.4310490693739425,1.7299426934097422,15.0,10,2.023336023525978,1.0708420897358284,False,True
LAST_OPPOSING,8,FIB_618,3.0,0.0,0.4,0.0,0.25,1965,6.25796178343949,35.842293906810035,847.0,0.4310432569974555,1.675977653631285,19.0,14,2.150417381000068,1.0926679246945863,False,True
LAST_OPPOSING,3,CISD,4.0,0.0,0.4,0.0,0.5,2102,6.694267515923567,29.23469387755102,905.0,0.43054234062797336,1.6524873828406632,19.0,14,2.3209859719545816,1.0118216804961293,False,True
EXTREME_OPEN,8,CISD,2.5,0.0,0.4,0.05,0.5,2271,7.232484076433121,41.243194192377494,977.5,0.43042712461470717,1.7548262548262548,14.5,14,1.7971202633359267,0.8921092828515678,False,True
LAST_OPPOSING,3,CISD,3.0,1.2,0.4,0.15,0.25,1085,3.4554140127388533,36.43486777668952,467.0,0.4304147465437788,1.7195685670261942,20.0,20,1.9933092433447717,0.9314071569427997,False,True
LAST_OPPOSING,3,FIB_705,4.0,0.0,0.3,0.05,0.25,2096,6.67515923566879,28.639846743295017,902.0,0.4303435114503817,1.6053691275167785,23.0,20,2.5782589451024553,1.2532948933364678,False,True
EXTREME_OPEN,3,CISD,3.0,0.0,0.3,0.15,0.25,2268,7.222929936305732,36.25461254612546,976.0,0.43033509700176364,1.7062228654124458,13.0,13,1.9802811638880655,0.941097216795908,False,True
LAST_OPPOSING,3,CISD,4.0,0.0,0.4,0.05,0.5,2020,6.43312101910828,29.215270413573702,869.0,0.4301980198019802,1.650936329588015,17.0,13,2.3178157155997243,1.0060960098480043,False,True
LAST_OPPOSING,8,FIB_618,3.0,0.0,0.3,0.15,0.25,2011,6.404458598726115,35.83959899749373,865.0,0.4301342615614122,1.67578125,16.0,13,2.134085006649037,1.0702956407412494,False,True
EXTREME_OPEN,3,FIB_618,2.5,1.2,0.4,0.0,0.25,949,3.022292993630573,40.86589229144668,407.5,0.4293993677555321,1.7276785714285714,13.5,11,1.9518056302515814,1.0220828284974997,False,True
LAST_OPPOSING,8,FIB_786,4.0,0.0,0.0,0.15,0.5,2213,7.047770700636943,28.5972850678733,950.0,0.42928151830094896,1.6020278833967048,21.0,15,2.679480486129424,1.3515759886881247,False,True
LAST_OPPOSING,5,FIB_705,4.0,0.0,0.0,0.15,0.5,2406,7.662420382165605,28.625156707062267,1032.0,0.428927680798005,1.604215456674473,23.0,17,2.5294324648928224,1.2222411682617929,False,True
LAST_OPPOSING,8,FIB_618,3.0,0.0,0.3,0.05,0.25,2458,7.828025477707007,35.79033579033579,1054.0,0.4288039056143206,1.6721938775510203,19.0,15,2.145412602525466,1.0816701746363493,False,True
EXTREME_OPEN,5,FIB_618,2.5,1.2,0.3,0.15,0.25,1186,3.7770700636942673,40.86294416243655,508.5,0.428752107925801,1.7274678111587982,15.5,11,1.947878655216205,1.01158386141389,False,True
EXTREME_OPEN,8,CISD,2.5,0.0,0.3,0.15,0.5,2418,7.7006369426751595,41.25964010282777,1036.5,0.4286600496277916,1.7560175054704594,12.5,12,1.7900141959946412,0.8823943601106125,False,True
LAST_OPPOSING,3,FIB_786,4.0,0.0,0.3,0.05,0.5,1899,6.047770700636943,28.58649789029536,814.0,0.4286466561348078,1.601181683899557,28.0,16,2.7107066822901498,1.3566877288257715,False,True
LAST_OPPOSING,8,FIB_786,4.0,1.2,0.3,0.15,0.25,957,3.0477707006369426,28.58638743455497,410.0,0.4284221525600836,1.6011730205278591,38.0,24,2.669969822903399,1.3850405133061865,False,True
LAST_OPPOSING,3,FIB_705,2.5,1.2,0.3,0.05,0.5,1065,3.3917197452229297,40.82784571966134,456.0,0.428169014084507,1.724960254372019,16.5,10,2.011334946327029,1.0563680333531944,False,True
EXTREME_OPEN,5,CISD,3.0,0.0,0.3,0.15,0.25,2351,7.487261146496815,36.185383244206776,1004.0,0.42705231816248407,1.7011173184357542,15.0,15,1.9729746699397923,0.938582652418691,False,True
EXTREME_OPEN,5,FIB_786,4.0,0.0,0.3,0.0,0.5,2157,6.869426751592357,28.551532033426184,921.0,0.42698191933240615,1.5984405458089668,24.0,20,2.729581236420405,1.3919303066730686,False,True
EXTREME_OPEN,3,FIB_705,4.0,0.0,0.0,0.15,0.5,2314,7.369426751592357,28.565236237537928,988.0,0.42696629213483145,1.5995145631067962,29.0,19,2.54310847823556,1.2363412458338343,False,True
EXTREME_OPEN,3,CISD,2.5,1.2,0.0,0.0,0.25,2132,6.789808917197452,41.33529700540009,910.0,0.4268292682926829,1.7615062761506277,17.0,10,1.7775291292758089,0.8957332386680507,False,True
EXTREME_OPEN,5,CISD,2.5,1.2,0.0,0.0,0.25,2240,7.13375796178344,41.38901923979353,956.0,0.42678571428571427,1.765412329863891,21.0,11,1.7717891812856403,0.8901375642157761,False,True
LAST_OPPOSING,5,CISD,4.0,1.2,0.0,0.15,0.25,1897,6.04140127388535,29.40151074956421,809.0,0.42646283605693197,1.665843621399177,29.0,17,2.32128364774073,0.9939790335356304,False,True
EXTREME_OPEN,8,CISD,2.5,1.2,0.0,0.05,0.25,2214,7.050955414012739,41.408852927177534,944.0,0.42637759710930445,1.7668562144597888,17.5,13,1.7818836468839712,0.883324264344386,False,True
EXTREME_OPEN,5,FIB_786,4.0,0.0,0.0,0.15,0.5,2175,6.926751592356688,28.53198343304188,927.0,0.4262068965517241,1.596909207984546,23.0,16,2.7046175574978797,1.36774960505582,False,True
LAST_OPPOSING,3,FIB_618,4.0,0.0,0.0,0.15,0.25,2485,7.914012738853503,28.61212861212861,1058.0,0.42575452716297785,1.6031927023945267,23.0,17,2.4660553248859696,1.1604733117112869,False,True
LAST_OPPOSING,5,FIB_618,2.5,1.2,0.3,0.15,0.25,1189,3.786624203821656,40.81287044877222,506.0,0.4255677039529016,1.7238912732474965,16.0,11,1.923586232114042,1.004271632980157,False,True
EXTREME_OPEN,3,CISD,3.0,0.0,0.4,0.0,0.5,2230,7.101910828025478,36.070928604759686,949.0,0.42556053811659195,1.6927007299270074,19.0,17,1.9829621280846232,0.9491841525375709,False,True
EXTREME_OPEN,8,CISD,3.0,1.2,0.0,0.15,0.25,1965,6.25796178343949,36.40829694323144,836.0,0.42544529262086517,1.717596566523605,23.0,13,1.9644100407342326,0.9246187491938153,False,True
LAST_OPPOSING,8,FIB_705,4.0,0.0,0.3,0.05,0.25,2217,7.060509554140127,28.5455369279565,943.0,0.42534957149300856,1.5979708306911857,24.0,21,2.5626280114932842,1.252239445754516,False,True
LAST_OPPOSING,8,CISD,4.0,0.0,0.4,0.0,0.5,2198,7.0,29.115779189057157,933.0,0.4244767970882621,1.6430048242591315,19.0,14,2.305651349751283,1.0081334782247635,False,True
LAST_OPPOSING,3,CISD,2.5,1.5,0.3,0.0,0.25,944,3.0063694267515926,41.41414141414141,400.5,0.4242584745762712,1.7672413793103448,13.0,10,1.7899480706569366,0.8679504663195193,False,True
LAST_OPPOSING,3,FIB_705,2.5,1.2,0.3,0.15,0.5,982,3.127388535031847,40.714285714285715,416.5,0.4241344195519348,1.716867469879518,18.5,10,1.9990896895535857,1.0592554145591377,False,True
LAST_OPPOSING,8,CISD,4.0,0.0,0.4,0.05,0.5,2116,6.738853503184713,29.09275215408008,897.0,0.42391304347826086,1.6411722659042174,17.0,13,2.3017592555018527,1.0024897992695643,False,True
LAST_OPPOSING,8,FIB_786,4.0,0.0,0.3,0.05,0.5,2004,6.382165605095541,28.48575712143928,849.0,0.4236526946107784,1.5932914046121593,24.0,18,2.6951619884997364,1.3580291360092462,False,True
LAST_OPPOSING,3,FIB_618,2.5,1.2,0.3,0.15,0.5,1113,3.5445859872611467,40.74074074074074,471.5,0.42362982929020665,1.71875,15.0,11,1.9166562156781912,0.9878057228318916,False,True
LAST_OPPOSING,8,FIB_786,4.0,1.2,0.3,0.05,0.25,1034,3.2929936305732483,28.488372093023255,438.0,0.42359767891682787,1.5934959349593496,30.0,14,2.679037431435794,1.3806182392014799,False,True
LAST_OPPOSING,5,FIB_618,2.5,1.2,0.4,0.05,0.5,974,3.1019108280254777,40.72164948453608,412.5,0.4235112936344969,1.7173913043478262,17.0,15,1.9129252995385397,0.9987916877843314,False,True
EXTREME_OPEN,8,FIB_786,4.0,0.0,0.0,0.15,0.5,2208,7.031847133757962,28.467815049864008,934.0,0.4230072463768116,1.5918884664131812,19.0,16,2.69510095941308,1.3675404598228436,False,True
EXTREME_OPEN,5,CISD,2.5,1.2,0.4,0.05,0.25,1210,3.8535031847133756,41.19170984455959,511.5,0.42272727272727273,1.751101321585903,20.0,11,1.7577304371197795,0.8906552720299286,False,True
EXTREME_OPEN,5,FIB_705,4.0,0.0,0.0,0.15,0.5,2406,7.662420382165605,28.48206839032527,1017.0,0.4226932668329177,1.593002915451895,25.0,19,2.5339154702086932,1.232412894439955,False,True
EXTREME_OPEN,8,FIB_786,4.0,0.0,0.3,0.0,0.5,2178,6.936305732484076,28.45977011494253,920.0,0.42240587695133147,1.5912596401028278,24.0,20,2.722099424615866,1.3924222586189403,False,True
EXTREME_OPEN,5,CISD,3.0,0.0,0.4,0.0,0.5,2299,7.321656050955414,36.00907029478458,971.0,0.42235754675946063,1.6881644223954642,24.0,18,1.9750460640739051,0.9455317155202232,False,True
LAST_OPPOSING,8,FIB_786,4.0,1.2,0.3,0.0,0.25,1049,3.340764331210191,28.462273161413563,443.0,0.4223069590085796,1.5914552736982643,30.0,14,2.6749621494628046,1.3821266286961835,False,True
LAST_OPPOSING,3,FIB_705,2.5,1.2,0.3,0.0,0.5,1077,3.429936305732484,40.651162790697676,454.5,0.4220055710306407,1.7123824451410659,16.5,10,2.007377840598238,1.0589899579463515,False,True
EXTREME_OPEN,3,FIB_618,3.0,1.2,0.4,0.0,0.25,948,3.0191082802547773,35.59322033898305,400.0,0.4219409282700422,1.6578947368421053,15.0,11,2.116160578428603,1.0774311356491961,False,True
EXTREME_OPEN,3,FIB_786,4.0,0.0,0.3,0.0,0.5,2098,6.681528662420382,28.44868735083532,885.0,0.42183031458531933,1.5903935957304869,23.0,18,2.7328094319164737,1.397559164502595,False,True
EXTREME_OPEN,5,FIB_618,2.5,1.2,0.4,0.05,0.25,974,3.1019108280254777,40.63786008230453,410.5,0.42145790554414786,1.7114384748700173,15.0,15,1.9466999420129576,1.021059104968748,False,True
LAST_OPPOSING,5,FIB_618,2.5,1.2,0.4,0.0,0.5,983,3.1305732484076434,40.65372829417773,414.0,0.4211597151576806,1.7125645438898451,15.5,11,1.91475639352555,0.9997889857422243,False,True
EXTREME_OPEN,3,FIB_618,2.5,1.2,0.3,0.05,0.25,1235,3.93312101910828,40.61738424045491,519.0,0.4202429149797571,1.7099863201094392,17.0,13,1.944214465780553,1.0185102799555217,False,True
EXTREME_OPEN,8,CISD,2.5,1.2,0.0,0.0,0.25,2279,7.25796178343949,41.23091161499306,957.5,0.420140412461606,1.7539370078740157,21.0,11,1.7737022915773064,0.8880899283791945,False,True
EXTREME_OPEN,5,CISD,2.5,1.2,0.4,0.0,0.25,1227,3.9076433121019107,41.1063829787234,515.5,0.4201303993480033,1.744942196531792,23.5,16,1.7535981214403749,0.8922091670665758,False,True
LAST_OPPOSING,3,FIB_705,4.0,0.0,0.0,0.15,0.5,2250,7.165605095541402,28.4375,945.0,0.42,1.5895196506550218,33.0,21,2.5407068744979986,1.2321626220837492,False,True
LAST_OPPOSING,5,FIB_705,2.5,1.2,0.3,0.05,0.5,1136,3.6178343949044587,40.60017652250662,477.0,0.4198943661971831,1.7087667161961366,15.0,11,1.9992960338432315,1.0567650846355163,False,True
EXTREME_OPEN,3,FIB_705,3.0,1.2,0.3,0.05,0.25,1098,3.4968152866242037,35.52511415525114,461.0,0.4198542805100182,1.6529745042492918,15.0,11,2.2272846165784443,1.1549917570914405,False,True
EXTREME_OPEN,5,FIB_618,2.5,1.2,0.4,0.0,0.25,985,3.1369426751592355,40.590030518819944,413.5,0.4197969543147208,1.7080479452054795,13.5,11,1.9452650798529367,1.021777621360367,False,True
EXTREME_OPEN,8,CISD,3.0,0.0,0.3,0.15,0.25,2375,7.563694267515924,36.01414052143173,997.0,0.41978947368421055,1.6885359116022098,15.0,15,1.969879913963326,0.9392306825610343,False,True
LAST_OPPOSING,3,FIB_618,3.0,0.0,0.3,0.15,0.5,1888,6.012738853503185,35.55437100213219,792.0,0.4194915254237288,1.6550868486352357,17.0,12,2.1280983874883725,1.0616213239996435,False,True
EXTREME_OPEN,8,CISD,2.5,1.2,0.4,0.05,0.25,1229,3.9140127388535033,41.1063829787234,515.5,0.419446704637917,1.744942196531792,21.0,12,1.7627066906348636,0.8894676241382883,False,True
EXTREME_OPEN,5,FIB_786,4.0,0.0,0.3,0.05,0.5,2041,6.5,28.39627268268759,856.0,0.41940225379715823,1.5863013698630137,21.0,18,2.71494635110478,1.3706758391269784,False,True
LAST_OPPOSING,5,FIB_618,2.5,1.5,0.0,0.15,0.25,1049,3.340764331210191,40.63400576368876,439.5,0.41897044804575784,1.7111650485436893,21.5,11,1.8949960491656355,0.9890202109087769,False,True
LAST_OPPOSING,3,FIB_618,2.5,1.2,0.3,0.05,0.5,1203,3.8312101910828025,40.6015037593985,504.0,0.41895261845386533,1.7088607594936709,16.5,13,1.9143059164830039,0.9898932576214353,False,True
EXTREME_OPEN,5,CISD,2.5,1.2,0.4,0.15,0.25,1151,3.6656050955414012,41.090909090909086,482.0,0.41876629018245004,1.7438271604938271,21.5,17,1.7569381588823703,0.8871880883216748,False,True
EXTREME_OPEN,3,CISD,3.0,0.0,0.4,0.05,0.5,2140,6.8152866242038215,35.89494163424124,896.0,0.41869158878504675,1.6798179059180576,17.0,17,1.9847279755118217,0.9452257307708465,False,True
LAST_OPPOSING,3,CISD,4.0,1.2,0.0,0.0,0.25,1974,6.286624203821656,29.234209055338177,826.0,0.41843971631205673,1.6524486571879937,29.0,21,2.315275647367417,0.9974273499048211,False,True
LAST_OPPOSING,5,CISD,3.0,1.2,0.4,0.0,0.25,1212,3.859872611464968,36.108676599474144,507.0,0.4183168316831683,1.6954732510288066,13.0,13,1.9872354074303424,0.9367925689725927,False,True
EXTREME_OPEN,8,CISD,3.0,0.0,0.4,0.0,0.5,2317,7.3789808917197455,35.91707976566021,969.0,0.4182132067328442,1.6814345991561181,25.0,18,1.9744989639991866,0.9452377424833783,False,True
LAST_OPPOSING,5,FIB_705,2.5,1.2,0.3,0.15,0.5,1051,3.3471337579617835,40.55343511450381,439.5,0.41817316841103713,1.7054574638844302,17.0,10,1.9894436664300201,1.0591028315279531,False,True
EXTREME_OPEN,3,FIB_618,3.0,0.0,0.3,0.15,0.5,1942,6.1847133757961785,35.507246376811594,812.0,0.4181256436663234,1.651685393258427,17.0,13,2.134801219953374,1.0699554382137568,False,True
EXTREME_OPEN,5,FIB_618,3.0,0.0,0.3,0.15,0.5,2008,6.3949044585987265,35.50325488232349,839.0,0.41782868525896416,1.6513975155279503,18.0,13,2.131519044951619,1.0667934477707197,False,True
EXTREME_OPEN,3,FIB_786,4.0,0.0,0.3,0.05,0.5,1984,6.318471337579618,28.355196770938445,828.0,0.4173387096774194,1.5830985915492957,20.0,16,2.719902970771599,1.3744411007991342,False,True
LAST_OPPOSING,5,CISD,3.0,1.2,0.4,0.05,0.25,1196,3.8089171974522293,36.08888888888889,499.0,0.41722408026755853,1.694019471488178,13.0,13,1.9879464990224656,0.9366465485894236,False,True
LAST_OPPOSING,3,FIB_618,3.0,0.0,0.3,0.0,0.5,2443,7.780254777070064,35.48785508439687,1019.0,0.41711011051985264,1.6502871729419273,20.0,15,2.1388028118282247,1.0765713753083928,False,True
EXTREME_OPEN,8,CISD,2.5,1.2,0.4,0.0,0.25,1246,3.968152866242038,41.0234899328859,519.5,0.4169341894060995,1.7389758179231865,24.5,16,1.7585694934852758,0.8910140280099771,False,True
EXTREME_OPEN,3,FIB_618,3.0,0.0,0.4,0.0,0.5,1937,6.1687898089171975,35.45878693623639,807.0,0.4166236448115643,1.6481927710843374,18.0,15,2.140821007902523,1.0895675498791524,False,True
EXTREME_OPEN,8,CISD,2.5,1.2,0.4,0.15,0.25,1169,3.7229299363057327,41.03942652329749,487.0,0.41659538066723695,1.7401215805471124,22.5,17,1.7617682937883468,0.8858108402841134,False,True
EXTREME_OPEN,3,FIB_618,2.5,1.2,0.4,0.0,0.5,948,3.0191082802547773,40.48625792811839,394.5,0.4161392405063291,1.7007104795737122,13.5,11,1.9318905412699876,1.0118134039366231,False,True
EXTREME_OPEN,8,FIB_618,2.5,1.2,0.3,0.15,0.25,1204,3.8343949044585988,40.5,501.0,0.4161129568106312,1.7016806722689075,15.5,11,1.9353522405730148,1.0154387253542678,False,True
LAST_OPPOSING,8,FIB_618,2.5,1.2,0.4,0.05,0.25,994,3.1656050955414012,40.505050505050505,413.5,0.41599597585513076,1.702037351443124,15.0,15,1.924279482763428,1.0168898316086727,False,True
LAST_OPPOSING,5,CISD,3.0,1.5,0.3,0.15,0.25,957,3.0477707006369426,36.281179138321995,398.0,0.4158829676071055,1.708185053380783,20.0,19,1.9274723956369277,0.9060694210088165,False,True
EXTREME_OPEN,3,CISD,2.5,1.2,0.4,0.15,0.5,1099,3.5,40.9478672985782,457.0,0.41583257506824384,1.7335473515248796,21.0,20,1.7504769438793952,0.8839570411114904,False,True
LAST_OPPOSING,5,CISD,4.0,1.2,0.0,0.15,0.5,1892,6.025477707006369,29.171528588098017,786.0,0.4154334038054968,1.6474464579901154,30.0,19,2.2969403093205507,0.9842692944044699,False,True
EXTREME_OPEN,3,CISD,2.5,1.2,0.4,0.05,0.5,1157,3.6847133757961785,40.91726618705036,480.5,0.4152981849611063,1.7313546423135464,19.5,10,1.7518410866572063,0.8894742657987661,False,True
EXTREME_OPEN,5,FIB_705,3.0,1.2,0.3,0.05,0.25,1144,3.643312101910828,35.40753724802805,475.0,0.4152097902097902,1.644504748982361,15.0,11,2.2196027155771194,1.1535832368507652,False,True
LAST_OPPOSING,5,FIB_618,3.0,1.2,0.4,0.05,0.25,971,3.0923566878980893,35.44041450777202,403.0,0.41503604531410915,1.6468699839486356,19.0,15,2.0950275028627465,1.0702695349107119,False,True
EXTREME_OPEN,8,FIB_786,4.0,0.0,0.3,0.05,0.5,2062,6.56687898089172,28.300970873786408,855.0,0.4146459747817653,1.5788761002031144,22.0,18,2.707192687904655,1.3714119279517003,False,True
LAST_OPPOSING,5,FIB_618,3.0,0.0,0.3,0.15,0.5,1979,6.302547770700637,35.437881873727086,820.0,0.41435068216270843,1.6466876971608833,16.0,13,2.1166300421990356,1.0622866355214833,False,True
LAST_OPPOSING,5,FIB_618,3.0,1.2,0.4,0.0,0.25,980,3.121019108280255,35.42094455852156,406.0,0.4142857142857143,1.645468998410175,19.0,11,2.0961116214763242,1.0708978475164912,False,True
EXTREME_OPEN,8,FIB_705,4.0,0.0,0.0,0.15,0.5,2442,7.777070063694268,28.307313064913725,1011.0,0.414004914004914,1.5793696275071634,27.0,20,2.5232277306899755,1.233267306036343,False,True
EXTREME_OPEN,3,FIB_618,2.5,1.2,0.3,0.0,0.25,1253,3.9904458598726116,40.43234587670136,518.5,0.41380686352753393,1.6969086021505377,16.5,13,1.9416822574933512,1.021357650647458,False,True
EXTREME_OPEN,5,CISD,3.0,0.0,0.4,0.05,0.5,2209,7.035031847133758,35.78847969782814,914.0,0.4137618832050702,1.6720588235294118,19.0,18,1.9758025687801208,0.9416082101386508,False,True
LAST_OPPOSING,8,FIB_618,2.5,1.2,0.4,0.0,0.25,1003,3.194267515923567,40.44044044044044,415.0,0.4137587238285145,1.6974789915966386,13.5,11,1.9251988614071667,1.0179827166369702,False,True
LAST_OPPOSING,3,FIB_618,2.5,1.5,0.0,0.15,0.25,945,3.0095541401273884,40.46858359957402,391.0,0.41375661375661377,1.6994633273703041,19.5,11,1.909028220728417,0.993691243099351,False,True
LAST_OPPOSING,3,FIB_618,2.5,1.2,0.3,0.0,0.5,1215,3.8694267515923566,40.44665012406948,502.5,0.41358024691358025,1.6979166666666667,16.0,13,1.9151365531147895,0.9921183047417419,False,True
LAST_OPPOSING,5,FIB_705,2.5,1.2,0.3,0.0,0.5,1151,3.6656050955414012,40.41811846689895,476.0,0.4135534317984361,1.695906432748538,15.0,10,1.9957665998850216,1.059893743588019,False,True
LAST_OPPOSING,5,CISD,3.0,1.5,0.3,0.05,0.25,999,3.1815286624203822,36.1863488624052,413.0,0.4134134134134134,1.701188455008489,19.0,19,1.931537177718861,0.9126140082850642,False,True
LAST_OPPOSING,3,CISD,3.0,1.2,0.4,0.0,0.5,1153,3.671974522292994,35.9375,476.0,0.41283607979184733,1.6829268292682926,13.0,13,1.981281989549381,0.9300277179342388,False,True
EXTREME_OPEN,3,CISD,2.5,1.2,0.4,0.0,0.5,1174,3.738853503184713,40.8325952170062,484.5,0.4126916524701874,1.7252994011976048,23.0,14,1.7478255569780465,0.8909137204675079,False,True
LAST_OPPOSING,3,CISD,4.0,0.0,0.3,0.15,0.5,2116,6.738853503184713,28.876461616675144,873.0,0.41257088846880907,1.6240171551107934,21.0,13,2.306291056664382,0.9997997549967862,False,True
EXTREME_OPEN,3,FIB_705,3.0,1.2,0.3,0.0,0.25,1115,3.550955414012739,35.34172661870504,460.0,0.4125560538116592,1.639777468706537,17.0,11,2.224647274534551,1.1581286007806886,False,True
EXTREME_OPEN,5,FIB_618,3.0,0.0,0.4,0.0,0.5,1988,6.3312101910828025,35.35353535353536,820.0,0.4124748490945674,1.640625,18.0,15,2.1380925846053462,1.0874599959908688,False,True
LAST_OPPOSING,8,CISD,4.0,1.2,0.0,0.15,0.25,1933,6.156050955414012,29.092983456930977,797.0,0.4123124676668391,1.6411906677393404,31.0,17,2.3123911356504467,0.9976819776963685,False,True
LAST_OPPOSING,5,CISD,3.0,1.2,0.4,0.15,0.25,1140,3.6305732484076434,35.981308411214954,470.0,0.41228070175438597,1.686131386861314,18.0,17,1.976609492036785,0.9325208516051511,False,True
EXTREME_OPEN,3,CISD,2.5,1.2,0.0,0.05,0.5,2062,6.56687898089172,40.892947742262805,850.0,0.4122211445198836,1.7296137339055795,17.5,14,1.7687020411912613,0.8884857828486573,False,True
LAST_OPPOSING,8,CISD,3.0,1.2,0.4,0.0,0.25,1233,3.926751592356688,35.94827586206897,508.0,0.4120032441200324,1.68371467025572,14.0,14,1.9840376801030215,0.9372804544173935,False,True
LAST_OPPOSING,5,CISD,4.0,0.0,0.3,0.15,0.5,2209,7.035031847133758,28.878048780487802,910.0,0.4119511090991399,1.6241426611796983,23.0,13,2.296436291698806,0.996795227437318,False,True
LAST_OPPOSING,3,FIB_618,3.0,0.0,0.3,0.05,0.5,2326,7.407643312101911,35.350043215211755,958.0,0.411865864144454,1.6403743315508021,20.0,14,2.1363448352611716,1.073470499371079,False,True
LAST_OPPOSING,8,FIB_705,4.0,0.0,0.0,0.15,0.5,2453,7.812101910828026,28.278688524590162,1010.0,0.4117407256420709,1.5771428571428572,25.0,17,2.513893740918296,1.2253739443038998,False,True
EXTREME_OPEN,3,FIB_705,3.0,1.2,0.3,0.15,0.25,1008,3.210191082802548,35.32338308457712,415.0,0.4117063492063492,1.6384615384615384,16.0,11,2.213629378163643,1.1582240399791646,False,True
LAST_OPPOSING,8,FIB_705,2.5,1.5,0.0,0.15,0.25,951,3.0286624203821657,40.35827186512118,391.5,0.4116719242902208,1.691696113074205,12.5,9,1.9619405895451953,1.0696958663827045,False,True
LAST_OPPOSING,3,CISD,4.0,1.2,0.0,0.0,0.5,1968,6.267515923566879,29.10112359550562,810.0,0.4115853658536585,1.641838351822504,28.0,16,2.29104929284371,0.9861866289488733,False,True
EXTREME_OPEN,3,FIB_618,2.5,1.2,0.3,0.15,0.5,1136,3.6178343949044587,40.37102473498233,467.5,0.41153169014084506,1.6925925925925926,17.0,12,1.926086964876223,1.0045692195743745,False,True
EXTREME_OPEN,5,FIB_618,3.0,1.2,0.4,0.05,0.25,972,3.0955414012738856,35.33057851239669,400.0,0.411522633744856,1.6389776357827477,15.0,15,2.109549142099202,1.0756283918273313,False,True
LAST_OPPOSING,3,CISD,4.0,1.2,0.0,0.05,0.25,1923,6.124203821656051,29.071100917431192,791.0,0.41133645345813835,1.639450282942603,27.0,20,2.316373105096372,0.9947318483404065,False,True
LAST_OPPOSING,5,CISD,3.0,1.5,0.3,0.0,0.25,1009,3.213375796178344,36.12004287245445,415.0,0.41129831516352827,1.6963087248322148,19.0,19,1.930804987580433,0.9153960483986616,False,True
EXTREME_OPEN,8,FIB_618,2.5,1.2,0.4,0.05,0.25,986,3.140127388535032,40.34552845528455,405.5,0.41125760649087223,1.690800681431005,15.0,15,1.9376339382699759,1.023107182168931,False,True
LAST_OPPOSING,8,CISD,3.0,1.2,0.4,0.05,0.25,1217,3.875796178343949,35.92657342657343,500.0,0.4108463434675431,1.6821282401091404,14.0,14,1.9846944606346095,0.9371433679661583,False,True
LAST_OPPOSING,3,FIB_618,4.0,0.0,0.0,0.15,0.5,2480,7.898089171974522,28.30342577487765,1018.0,0.4104838709677419,1.5790671217292378,22.0,18,2.436862882510396,1.1486554492760561,False,True
LAST_OPPOSING,3,CISD,3.0,1.2,0.4,0.05,0.5,1138,3.624203821656051,35.880708294501396,467.0,0.4103690685413005,1.6787790697674418,13.0,13,1.981467529249445,0.9304830856265303,False,True
EXTREME_OPEN,8,FIB_618,2.5,1.2,0.4,0.0,0.25,997,3.1751592356687897,40.301507537688444,408.5,0.40972918756268806,1.6877104377104377,13.5,11,1.9363163723858758,1.023794453780308,False,True
LAST_OPPOSING,3,CISD,4.0,1.5,0.0,0.15,0.5,1152,3.6687898089171975,29.227761485826004,472.0,0.4097222222222222,1.6519337016574585,26.0,23,2.26047654057304,0.9673913735086717,False,True
EXTREME_OPEN,5,FIB_705,3.0,1.2,0.3,0.15,0.25,1052,3.3503184713375798,35.27168732125834,431.0,0.4096958174904943,1.6347569955817378,17.0,11,2.206653313485264,1.1561670594872528,False,True
EXTREME_OPEN,8,CISD,3.0,0.0,0.4,0.05,0.5,2227,7.092356687898089,35.69418386491557,912.0,0.4095195330040413,1.6652078774617067,20.0,18,1.9752272441470557,0.9413340689489331,False,True
LAST_OPPOSING,3,CISD,2.5,1.5,0.3,0.0,0.5,944,3.0063694267515926,40.9652076318743,386.5,0.4094279661016949,1.734790874524715,13.0,10,1.7753522849511951,0.8653831248447639,False,True
EXTREME_OPEN,5,FIB_618,2.5,1.2,0.3,0.15,0.5,1185,3.7738853503184715,40.304826418289586,485.0,0.4092827004219409,1.6879432624113475,15.5,11,1.9233522136178638,1.0019079728191416,False,True
EXTREME_OPEN,5,FIB_618,2.5,1.2,0.4,0.05,0.5,973,3.0987261146496814,40.26776519052523,397.5,0.408530318602261,1.6853448275862069,15.0,15,1.9251240695029546,1.010677324605693,False,True
LAST_OPPOSING,3,CISD,4.0,1.2,0.0,0.05,0.5,1917,6.1050955414012735,29.015544041450774,783.0,0.4084507042253521,1.635036496350365,27.0,15,2.292745123200505,0.983859452875275,False,True
EXTREME_OPEN,5,FIB_705,3.0,1.2,0.3,0.0,0.25,1161,3.6974522292993632,35.233160621761655,474.0,0.4082687338501292,1.632,17.0,11,2.2171823503213757,1.156616419932249,False,True
LAST_OPPOSING,5,FIB_618,3.0,0.0,0.3,0.05,0.5,2425,7.722929936305732,35.26970954356847,990.0,0.40824742268041236,1.6346153846153846,19.0,15,2.126471905208392,1.0739574641008256,False,True
LAST_OPPOSING,5,FIB_618,3.0,0.0,0.4,0.0,0.5,1931,6.149681528662421,35.260416666666664,788.0,0.4080787156913516,1.6339501206757845,19.0,14,2.13021923511752,1.0850733505108325,False,True
EXTREME_OPEN,5,FIB_618,3.0,1.2,0.4,0.0,0.25,983,3.1305732484076434,35.24004085801838,401.0,0.40793489318413023,1.6324921135646688,13.0,11,2.1066877896464002,1.0770879644425275,False,True
EXTREME_OPEN,3,CISD,4.0,0.0,0.4,0.05,0.25,2075,6.60828025477707,28.703703703703702,846.0,0.407710843373494,1.6103896103896105,20.0,20,2.269202133458663,1.0181158743149197,False,True
EXTREME_OPEN,5,CISD,3.0,1.2,0.0,0.15,0.5,1921,6.117834394904459,35.8974358974359,782.0,0.40707964601769914,1.68,23.0,13,1.9461910566859422,0.9227495875941419,False,True
EXTREME_OPEN,5,FIB_618,2.5,1.2,0.4,0.0,0.5,984,3.1337579617834397,40.224032586558046,400.5,0.4070121951219512,1.682282793867121,13.5,11,1.9246213741430158,1.0111799829482169,False,True
EXTREME_OPEN,5,FIB_705,4.0,0.0,0.3,0.0,0.5,2380,7.579617834394904,28.161888701517707,968.0,0.40672268907563025,1.568075117370892,31.0,22,2.542354187363103,1.2502987751731722,False,True
LAST_OPPOSING,5,FIB_705,2.5,1.5,0.0,0.0,0.25,1039,3.3089171974522293,40.212150433944075,422.5,0.4066410009624639,1.6814516129032258,12.0,11,1.9851179497806362,1.0799698762099035,False,True
EXTREME_OPEN,8,FIB_618,3.0,0.0,0.4,0.0,0.5,2005,6.385350318471337,35.202804206309466,815.0,0.40648379052369077,1.6298299845440494,18.0,15,2.1316304601060074,1.0884654710258708,False,True
EXTREME_OPEN,3,FIB_618,3.0,0.0,0.3,0.05,0.5,2419,7.703821656050955,35.201328352013284,983.0,0.406366267052501,1.6297245355541319,21.0,15,2.136640971863227,1.0812431986154953,False,True
EXTREME_OPEN,5,FIB_618,3.0,0.0,0.3,0.05,0.5,2491,7.93312101910828,35.2016129032258,1012.0,0.4062625451625853,1.6297448662103298,22.0,15,2.1334969206440535,1.0789525083409475,False,True
LAST_OPPOSING,5,FIB_618,2.5,1.2,0.3,0.15,0.5,1188,3.78343949044586,40.25423728813559,482.5,0.40614478114478114,1.6843971631205674,16.0,11,1.89982416884983,0.9929472271490551,False,True
EXTREME_OPEN,8,FIB_618,3.0,0.0,0.3,0.15,0.5,2031,6.468152866242038,35.198019801980195,824.0,0.4057114721811915,1.6294881588999237,19.0,13,2.1215042749246837,1.06982030304929,False,True
LAST_OPPOSING,8,CISD,3.0,1.2,0.4,0.15,0.25,1161,3.6974522292993632,35.81267217630854,471.0,0.40568475452196384,1.6738197424892705,19.0,18,1.9734056560580415,0.9331162597172579,False,True
EXTREME_OPEN,5,CISD,4.0,0.0,0.4,0.05,0.25,2138,6.808917197452229,28.678678678678676,867.0,0.40551917680074834,1.608421052631579,21.0,21,2.2623135849815967,1.0137387149840413,False,True
EXTREME_OPEN,3,FIB_618,3.0,1.2,0.3,0.15,0.25,1132,3.605095541401274,35.199999999999996,459.0,0.40547703180212014,1.6296296296296295,19.0,14,2.1190521661539123,1.0755410571248398,False,True
EXTREME_OPEN,5,CISD,2.5,1.2,0.0,0.05,0.5,2172,6.917197452229299,40.73536526366715,880.0,0.40515653775322286,1.7183673469387755,21.0,13,1.7625870951049092,0.8851045829842157,False,True
LAST_OPPOSING,5,CISD,4.0,1.2,0.0,0.0,0.25,2118,6.745222929936306,28.951486697965574,858.0,0.40509915014164305,1.6299559471365639,31.0,19,2.2947244905507946,0.9991583533266959,False,True
EXTREME_OPEN,3,FIB_618,3.0,1.2,0.4,0.0,0.5,948,3.0191082802547773,35.16949152542373,384.0,0.4050632911392405,1.6274509803921569,15.0,11,2.087982066917515,1.0656813783390302,False,True
EXTREME_OPEN,8,CISD,4.0,0.0,0.4,0.05,0.25,2153,6.856687898089172,28.68525896414343,872.0,0.4050162563864375,1.6089385474860336,21.0,21,2.2618267479647995,1.0119086062763816,False,True
EXTREME_OPEN,8,FIB_705,3.0,1.2,0.3,0.05,0.25,1161,3.6974522292993632,35.14680483592401,470.0,0.40482342807924204,1.625832223701731,15.0,12,2.2086855725301042,1.1567077027804356,False,True
LAST_OPPOSING,3,FIB_618,3.0,1.2,0.3,0.05,0.25,1196,3.8089171974522293,35.18518518518518,484.0,0.40468227424749165,1.6285714285714286,16.0,13,2.1060513395560507,1.0667497825579386,False,True
EXTREME_OPEN,3,CISD,2.5,1.2,0.0,0.0,0.5,2129,6.780254777070064,40.678799803246434,861.5,0.40465007045561296,1.7143449419568824,20.5,11,1.7597976196586171,0.8932680070952282,False,True
EXTREME_OPEN,3,FIB_705,4.0,0.0,0.3,0.0,0.5,2312,7.3630573248407645,28.11279826464208,935.0,0.40441176470588236,1.564272782136391,30.0,22,2.546802359516856,1.254499072368546,False,True
LAST_OPPOSING,8,FIB_618,2.5,1.2,0.3,0.15,0.25,1212,3.859872611464968,40.19933554817276,490.0,0.4042904290429043,1.6805555555555556,15.5,11,1.9114313907700364,1.0123516267181263,False,True
EXTREME_OPEN,3,FIB_618,3.0,1.2,0.3,0.05,0.25,1230,3.917197452229299,35.15944399018806,497.0,0.4040650406504065,1.626733921815889,16.0,13,2.11412606145393,1.0769418831291733,False,True
LAST_OPPOSING,5,FIB_705,2.5,1.5,0.0,0.05,0.25,1016,3.2356687898089174,40.138067061143985,410.5,0.40403543307086615,1.6762767710049424,12.0,11,1.9851983041174617,1.080202832415771,False,True
EXTREME_OPEN,5,FIB_618,2.5,1.5,0.0,0.15,0.25,1000,3.1847133757961785,40.16064257028113,404.0,0.404,1.6778523489932886,24.0,12,1.9065157069983374,1.0069069500239713,False,True
EXTREME_OPEN,3,CISD,4.0,0.0,0.4,0.0,0.25,2163,6.888535031847134,28.61371484953133,873.0,0.40360610263522884,1.603317208016586,21.0,20,2.2636993719264886,1.0287536800907848,False,True
LAST_OPPOSING,8,FIB_618,2.5,1.2,0.4,0.05,0.5,993,3.162420382165605,40.141557128412536,400.5,0.4033232628398791,1.6765202702702702,15.0,15,1.9028842767323462,1.0044368104088246,False,True
LAST_OPPOSING,3,FIB_618,3.0,1.2,0.3,0.0,0.25,1209,3.8503184713375798,35.13738551207327,487.0,0.40281224152191897,1.625160462130937,17.0,13,2.107218859750184,1.0680189167763845,False,True
LAST_OPPOSING,3,FIB_786,4.0,1.2,0.3,0.05,0.5,954,3.038216560509554,28.075709779179807,384.0,0.4025157232704403,1.5614035087719298,26.0,16,2.642365483616131,1.330928411407305,False,True
EXTREME_OPEN,8,FIB_618,3.0,1.2,0.4,0.05,0.25,984,3.1337579617834397,35.10204081632653,396.0,0.4024390243902439,1.6226415094339623,15.0,15,2.0995107567162172,1.0770151526780198,False,True
EXTREME_OPEN,5,CISD,4.0,0.0,0.4,0.0,0.25,2225,7.085987261146497,28.60576923076923,895.0,0.40224719101123596,1.6026936026936027,21.0,21,2.2575895162561137,1.0242046789056638,False,True
LAST_OPPOSING,3,CISD,3.0,1.2,0.4,0.15,0.5,1084,3.4522292993630574,35.68627450980392,436.0,0.4022140221402214,1.6646341463414633,20.0,20,1.9704868756188774,0.9269788885114215,False,True
LAST_OPPOSING,8,CISD,4.0,1.2,0.0,0.15,0.5,1927,6.1369426751592355,28.882521489971346,775.0,0.40217955371043074,1.6244963738920226,32.0,19,2.2891973011910616,0.9873699569907949,False,True
LAST_OPPOSING,8,FIB_705,2.5,1.2,0.3,0.05,0.5,1158,3.6878980891719744,40.086580086580085,465.5,0.401986183074266,1.6726878612716762,15.0,11,1.9891268897367902,1.0638677960880087,False,True
EXTREME_OPEN,5,FIB_618,3.0,0.0,0.4,0.05,0.5,1899,6.047770700636943,35.07659799260433,763.0,0.40179041600842547,1.6208299430431246,17.0,14,2.13495966722637,1.0840620045997407,False,True
EXTREME_OPEN,8,CISD,4.0,0.0,0.4,0.0,0.25,2240,7.13375796178344,28.612440191387563,900.0,0.4017857142857143,1.6032171581769437,22.0,21,2.257153222030096,1.0223755657331568,False,True
EXTREME_OPEN,3,CISD,3.0,0.0,0.3,0.15,0.5,2260,7.197452229299363,35.50925925925926,908.0,0.40176991150442476,1.6518305814788228,13.0,13,1.9558647448823656,0.9403872275736854,False,True
EXTREME_OPEN,8,FIB_705,4.0,0.0,0.3,0.0,0.5,2403,7.6528662420382165,28.058455114822543,965.0,0.4015813566375364,1.5600696459663377,31.0,22,2.5341148174491193,1.2510358492775069,False,True
LAST_OPPOSING,5,CISD,2.5,1.5,0.3,0.15,0.25,965,3.073248407643312,40.81858407079646,387.5,0.4015544041450777,1.7242990654205608,14.5,11,1.7698850335906942,0.8646766358835544,False,True
EXTREME_OPEN,3,FIB_618,2.5,1.2,0.3,0.05,0.5,1234,3.929936305732484,40.08130081300813,495.5,0.40153970826580226,1.6723202170963365,17.0,13,1.9196184647877197,1.00809148678535,False,True
LAST_OPPOSING,8,FIB_618,2.5,1.2,0.4,0.0,0.5,1002,3.1910828025477707,40.08016032064128,402.0,0.40119760479041916,1.6722408026755853,13.5,11,1.90477083820389,1.0053644928329646,False,True
LAST_OPPOSING,8,CISD,4.0,0.0,0.3,0.15,0.5,2240,7.13375796178344,28.647087144920558,898.0,0.40089285714285716,1.6059379217273955,24.0,13,2.2899122487796664,0.999193670786255,False,True
LAST_OPPOSING,5,FIB_786,4.0,0.0,0.4,0.15,0.5,1225,3.9012738853503186,28.022875816993466,491.0,0.4008163265306122,1.5573212258796822,32.0,22,2.6692765538717205,1.356200680493178,False,True
LAST_OPPOSING,3,FIB_618,3.0,1.2,0.3,0.15,0.25,1108,3.5286624203821657,35.090909090909086,444.0,0.4007220216606498,1.6218487394957983,18.0,13,2.1075843216894117,1.0668707965191047,False,True
EXTREME_OPEN,3,FIB_705,2.5,1.5,0.0,0.0,0.25,977,3.111464968152866,40.02047082906858,391.5,0.4007164790174002,1.668088737201365,18.5,14,2.022227942893571,1.1006063861186157,False,True
LAST_OPPOSING,5,CISD,3.0,1.5,0.3,0.15,0.5,956,3.0445859872611467,35.8683314415437,383.0,0.4006276150627615,1.6778761061946903,20.0,19,1.9088515460504754,0.9005411384667649,False,True
LAST_OPPOSING,8,FIB_618,2.5,1.2,0.0,0.0,0.25,1919,6.111464968152866,40.073336825563125,768.5,0.4004689942678478,1.6717657342657342,16.5,15,1.9055463198208609,1.019037924228938,False,True
LAST_OPPOSING,3,FIB_786,4.0,1.2,0.0,0.15,0.5,1195,3.805732484076433,28.02013422818792,478.0,0.4,1.557109557109557,38.0,16,2.6512225911464946,1.3532993951435406,False,True
LAST_OPPOSING,8,CISD,3.0,1.5,0.3,0.15,0.25,978,3.1146496815286624,35.84905660377358,391.0,0.3997955010224949,1.6764705882352942,20.0,19,1.9216883078249543,0.9111882860172135,False,True
LAST_OPPOSING,5,CISD,2.5,1.5,0.3,0.05,0.25,1007,3.2070063694267517,40.74074074074074,402.5,0.3997020854021847,1.71875,13.5,13,1.769238993202564,0.8698474894413036,False,True
EXTREME_OPEN,5,CISD,2.5,1.2,0.0,0.0,0.5,2237,7.124203821656051,40.57357780912083,893.5,0.3994188645507376,1.7068829113924051,24.5,11,1.7545360312798004,0.8895279937704541,False,True
LAST_OPPOSING,3,FIB_786,4.0,0.0,0.4,0.15,0.5,1180,3.7579617834394905,27.989821882951656,471.0,0.39915254237288134,1.5547703180212014,28.0,22,2.678195249027754,1.3603369217603813,False,True
LAST_OPPOSING,8,FIB_618,3.0,0.0,0.3,0.15,0.5,2010,6.401273885350318,35.05516549648947,802.0,0.3990049751243781,1.6193050193050194,18.0,13,2.1051452899322376,1.0664840886227995,False,True
EXTREME_OPEN,8,FIB_618,3.0,1.2,0.4,0.0,0.25,995,3.1687898089171975,35.01513622603431,397.0,0.39899497487437185,1.6164596273291925,13.0,11,2.0967948901615525,1.0784417913829245,False,True
LAST_OPPOSING,8,FIB_618,2.5,1.5,0.0,0.15,0.25,1074,3.4203821656050954,40.0562851782364,428.5,0.398975791433892,1.6705790297339593,23.5,11,1.88108194292397,0.9948418010554598,False,True
LAST_OPPOSING,5,FIB_618,2.5,1.5,0.0,0.15,0.5,1049,3.340764331210191,40.05763688760807,418.5,0.3989513822688275,1.6706730769230769,21.5,20,1.8728166725274151,0.9808682701358217,False,True
LAST_OPPOSING,8,FIB_705,2.5,1.2,0.3,0.15,0.5,1073,3.417197452229299,40.0,428.0,0.39888164026095063,1.6666666666666667,17.0,11,1.9786709573972443,1.0667202680893255,False,True
LAST_OPPOSING,5,CISD,3.0,1.5,0.3,0.05,0.5,998,3.178343949044586,35.791757049891544,398.0,0.39879759519038077,1.6722972972972974,19.0,19,1.9126797182260482,0.9065630553170166,False,True
EXTREME_OPEN,8,CISD,2.5,1.2,0.0,0.05,0.5,2211,7.04140127388535,40.58178350023844,881.5,0.3986883763003166,1.7074638844301766,21.0,13,1.764194909012655,0.8831406414698074,False,True
EXTREME_OPEN,8,FIB_705,3.0,1.2,0.3,0.15,0.25,1069,3.4044585987261144,34.990619136960596,426.0,0.3985032740879326,1.6147186147186148,17.0,12,2.1950025527350085,1.159519332601871,False,True
EXTREME_OPEN,8,FIB_618,2.5,1.2,0.4,0.05,0.5,985,3.1369426751592355,39.97965412004069,392.5,0.39847715736040606,1.6652542372881356,15.0,15,1.9160221017641952,1.0129742500859908,False,True
EXTREME_OPEN,5,CISD,3.0,0.0,0.3,0.15,0.5,2342,7.45859872611465,35.43624161073826,933.0,0.39837745516652434,1.6465696465696467,16.0,15,1.9491815884351562,0.9377941324710792,False,True
EXTREME_OPEN,8,FIB_705,3.0,1.2,0.3,0.0,0.25,1178,3.751592356687898,34.97872340425532,469.0,0.39813242784380304,1.6138743455497382,17.0,11,2.206457684049527,1.1596520233549672,False,True
LAST_OPPOSING,8,CISD,3.0,1.5,0.3,0.05,0.25,1020,3.248407643312102,35.774946921443735,406.0,0.3980392156862745,1.6710743801652892,19.0,19,1.9259075715386351,0.9173873549962516,False,True
EXTREME_OPEN,3,FIB_705,2.5,1.5,0.0,0.05,0.25,954,3.038216560509554,39.937106918238996,379.5,0.3977987421383648,1.662303664921466,17.5,14,2.0253029378861465,1.1027239055602283,False,True
EXTREME_OPEN,3,FIB_786,4.0,1.2,0.3,0.05,0.5,982,3.127388535031847,27.95918367346939,390.0,0.3971486761710794,1.5524079320113315,20.0,14,2.664865281664212,1.360644062633526,False,True
EXTREME_OPEN,8,FIB_618,2.5,1.2,0.4,0.0,0.5,996,3.171974522292994,39.93963782696177,395.5,0.3970883534136546,1.6624790619765495,13.5,11,1.915625986714945,1.0134454846530196,False,True
EXTREME_OPEN,8,FIB_618,2.5,1.5,0.0,0.15,0.25,1020,3.248407643312102,39.960629921259844,405.0,0.39705882352941174,1.6639344262295082,24.0,12,1.8993562192982114,1.007437235322292,False,True
EXTREME_OPEN,8,FIB_618,2.5,1.2,0.3,0.15,0.5,1203,3.8312101910828025,39.94995829858215,477.5,0.3969243557772236,1.6631944444444444,15.5,11,1.910900701747536,1.0059256749689558,False,True
LAST_OPPOSING,5,CISD,3.0,1.5,0.3,0.0,0.5,1008,3.210191082802548,35.72961373390558,400.0,0.3968253968253968,1.667779632721202,19.0,19,1.9120297578201533,0.9092192691174245,False,True
LAST_OPPOSING,8,FIB_618,3.0,0.0,0.3,0.05,0.5,2457,7.82484076433121,34.985661614092585,975.0,0.3968253968253968,1.614366729678639,21.0,15,2.117367505328395,1.0770102515019222,False,True
LAST_OPPOSING,8,FIB_618,3.0,0.0,0.4,0.0,0.5,1956,6.229299363057325,34.97942386831276,776.0,0.3967280163599182,1.6139240506329113,19.0,14,2.122658960905089,1.0865936122290423,False,True
EXTREME_OPEN,3,FIB_618,3.0,1.2,0.3,0.0,0.25,1248,3.9745222929936306,34.971796937953265,495.0,0.39663461538461536,1.6133828996282529,17.0,13,2.11002206500886,1.0800214264066637,False,True
EXTREME_OPEN,5,FIB_618,3.0,1.2,0.3,0.15,0.25,1180,3.7579617834394905,34.98293515358362,468.0,0.39661016949152544,1.6141732283464567,17.0,15,2.112090946354075,1.0754180450534734,False,True
LAST_OPPOSING,5,CISD,4.0,1.2,0.0,0.05,0.25,2066,6.579617834394904,28.754676643506144,819.0,0.39641819941916745,1.6144036009002252,32.0,18,2.2941233101039704,0.9969024801770865,False,True
LAST_OPPOSING,5,CISD,2.5,1.5,0.3,0.0,0.25,1017,3.238853503184713,40.6282722513089,403.0,0.39626352015732547,1.710758377425044,13.5,13,1.7687212820027358,0.8730281616763647,False,True
LAST_OPPOSING,8,CISD,3.0,1.5,0.3,0.0,0.25,1030,3.2802547770700636,35.714285714285715,408.0,0.39611650485436894,1.6666666666666667,19.0,19,1.925244965919342,0.9200663307316959,False,True
LAST_OPPOSING,8,FIB_705,2.5,1.2,0.3,0.0,0.5,1173,3.7356687898089174,39.914529914529915,464.5,0.3959931798806479,1.6607396870554765,15.5,10,1.985793691676856,1.0668469485027938,False,True
EXTREME_OPEN,3,CISD,3.0,1.2,0.0,0.05,0.25,2033,6.474522292993631,35.53113553113553,805.0,0.39596655189375307,1.6534090909090908,22.0,15,1.9467746526504592,0.9426678324904237,False,True
LAST_OPPOSING,8,FIB_618,3.0,1.2,0.4,0.05,0.25,990,3.1528662420382165,34.959349593495936,392.0,0.39595959595959596,1.6125,20.0,15,2.082685725960054,1.074845350614507,False,True
EXTREME_OPEN,8,CISD,3.0,1.2,0.0,0.15,0.5,1960,6.24203821656051,35.635964912280706,776.0,0.39591836734693875,1.6609880749574106,23.0,14,1.9444403132956922,0.9218307131763165,False,True
EXTREME_OPEN,5,FIB_705,2.5,1.5,0.0,0.0,0.25,1023,3.2579617834394905,39.882697947214076,405.0,0.39589442815249265,1.6585365853658536,16.5,14,2.0109446921785468,1.100209107999236,False,True
EXTREME_OPEN,8,FIB_618,2.5,1.2,0.0,0.0,0.25,1915,6.098726114649682,39.91618648507072,758.0,0.395822454308094,1.6608544027898866,17.5,16,1.916701550099428,1.0261512434740676,False,True
EXTREME_OPEN,8,FIB_618,3.0,0.0,0.4,0.05,0.5,1916,6.101910828025478,34.92146596858638,758.0,0.395615866388309,1.6098149637972647,17.0,14,2.1287303093953365,1.0850782538630013,False,True
LAST_OPPOSING,8,FIB_618,3.0,1.2,0.4,0.0,0.25,999,3.1815286624203822,34.94461228600201,395.0,0.3953953953953954,1.611455108359133,20.0,11,2.0838604128804046,1.075420489765988,False,True
LAST_OPPOSING,3,FIB_618,4.0,0.0,0.3,0.0,0.25,2419,7.703821656050955,27.986633249791144,956.0,0.3952046300124018,1.554524361948956,29.0,20,2.448279239765966,1.177273157484691,False,True
EXTREME_OPEN,5,FIB_618,3.0,1.2,0.4,0.05,0.5,972,3.0955414012738856,34.917355371900825,384.0,0.3950617283950617,1.6095238095238096,15.0,15,2.0806333101288126,1.063783250964945,False,True
LAST_OPPOSING,5,FIB_618,3.0,1.2,0.4,0.05,0.5,971,3.0923566878980893,34.92227979274611,383.0,0.3944387229660144,1.6098726114649682,19.0,15,2.065256411055594,1.0588117857278543,False,True
EXTREME_OPEN,3,FIB_705,3.0,1.2,0.3,0.05,0.5,1098,3.4968152866242037,34.885844748858446,433.0,0.39435336976320584,1.6072931276297335,19.0,12,2.1880708457221583,1.1380873677279804,False,True
EXTREME_OPEN,3,CISD,3.0,1.5,0.0,0.15,0.25,1180,3.7579617834394905,35.655362053162236,465.0,0.3940677966101695,1.6623931623931625,24.0,22,1.9036329057587875,0.9210299285662259,False,True
LAST_OPPOSING,5,CISD,4.0,1.2,0.0,0.0,0.5,2112,6.726114649681529,28.721174004192875,832.0,0.3939393939393939,1.611764705882353,31.0,21,2.2712019399098224,0.9888097071722052,False,True
LAST_OPPOSING,5,FIB_618,3.0,1.2,0.4,0.0,0.5,980,3.121019108280255,34.90759753593429,386.0,0.39387755102040817,1.608832807570978,19.0,11,2.0667340870924726,1.0592609316575659,False,True
EXTREME_OPEN,5,CISD,2.5,1.2,0.4,0.15,0.5,1149,3.659235668789809,40.346083788706736,452.5,0.3938207136640557,1.6908396946564885,25.0,17,1.7384834680921004,0.883396224582152,False,True
EXTREME_OPEN,3,FIB_618,2.5,1.2,0.3,0.0,0.5,1251,3.984076433121019,39.855653568564556,492.5,0.39368505195843323,1.6566666666666667,16.5,13,1.9172425310858177,1.011307717911776,False,True
EXTREME_OPEN,8,CISD,2.5,1.2,0.0,0.0,0.5,2276,7.248407643312102,40.426518312471025,895.0,0.39323374340949035,1.6964980544747081,24.5,11,1.7562358854270785,0.8875443436346808,False,True
EXTREME_OPEN,5,CISD,2.5,1.2,0.4,0.05,0.5,1208,3.8471337579617835,40.31141868512111,475.0,0.3932119205298013,1.6884057971014492,23.5,11,1.7394785988770054,0.8888346328059389,False,True
LAST_OPPOSING,5,CISD,3.0,1.2,0.4,0.0,0.5,1211,3.856687898089172,35.43859649122807,476.0,0.3930635838150289,1.6467391304347827,14.0,14,1.9631962806938836,0.9311453431931783,False,True
EXTREME_OPEN,5,FIB_705,2.5,1.5,0.0,0.05,0.25,1000,3.1847133757961785,39.800000000000004,393.0,0.393,1.6528239202657806,15.0,14,2.0136187226350186,1.1022200841497887,False,True
EXTREME_OPEN,5,FIB_786,4.0,1.2,0.3,0.05,0.5,1021,3.251592356687898,27.870461236506376,401.0,0.39275220372184133,1.545578231292517,19.0,14,2.6583048976134003,1.3577334433594135,False,True
EXTREME_OPEN,3,CISD,3.0,1.2,0.4,0.05,0.25,1141,3.6337579617834397,35.4089219330855,448.0,0.39263803680981596,1.6446043165467625,21.0,15,1.9409444102773188,0.9452957483927789,False,True
EXTREME_OPEN,8,FIB_705,2.5,1.5,0.0,0.0,0.25,1038,3.305732484076433,39.78805394990366,407.5,0.39258188824662815,1.652,16.5,13,2.0048701798421713,1.1006259612926979,False,True
LAST_OPPOSING,3,FIB_705,3.0,1.2,0.3,0.05,0.25,1060,3.375796178343949,34.84848484848485,416.0,0.39245283018867927,1.6046511627906976,17.0,11,2.191143474014229,1.1511957530023957,False,True
LAST_OPPOSING,5,FIB_786,4.0,1.2,0.3,0.05,0.5,1015,3.232484076433121,27.865612648221344,398.0,0.3921182266009852,1.5452054794520549,29.0,17,2.620282121261288,1.3343664098569405,False,True
EXTREME_OPEN,8,CISD,2.5,1.2,0.4,0.15,0.5,1167,3.71656050955414,40.305206463195695,457.5,0.39203084832904883,1.6879699248120301,26.0,17,1.7429898764319975,0.882173527760341,False,True
LAST_OPPOSING,8,FIB_705,2.5,1.5,0.0,0.0,0.25,1065,3.3917197452229297,39.79303857008467,417.5,0.392018779342723,1.65234375,11.5,11,1.9722756312938547,1.0850641043878062,False,True
EXTREME_OPEN,3,FIB_705,4.0,0.0,0.3,0.05,0.5,2195,6.990445859872612,27.85388127853881,860.0,0.3917995444191344,1.5443037974683544,30.0,21,2.5420301293883565,1.250700879402171,False,True
LAST_OPPOSING,3,FIB_786,4.0,1.2,0.3,0.0,0.5,965,3.073248407643312,27.85862785862786,378.0,0.3917098445595855,1.5446685878962536,26.0,16,2.635267269794963,1.3357528496554076,False,True
EXTREME_OPEN,5,FIB_618,3.0,1.2,0.4,0.0,0.5,983,3.1305732484076434,34.831460674157306,385.0,0.3916581892166836,1.603448275862069,13.0,11,2.0786770126492238,1.0650218681469583,False,True
LAST_OPPOSING,5,CISD,3.0,1.2,0.4,0.05,0.5,1195,3.805732484076433,35.40925266903915,468.0,0.3916317991631799,1.6446280991735538,14.0,14,1.963723751450208,0.931101775274955,False,True
LAST_OPPOSING,3,FIB_618,2.5,1.5,0.0,0.15,0.5,945,3.0095541401273884,39.829605963791266,370.0,0.3915343915343915,1.654867256637168,20.0,20,1.8863805457233076,0.9860757589761524,False,True
EXTREME_OPEN,5,FIB_705,4.0,0.0,0.3,0.05,0.5,2261,7.2006369426751595,27.849223946784925,885.0,0.39141972578505085,1.5439459127228028,29.0,21,2.5357616862275365,1.2470306709856092,False,True
EXTREME_OPEN,8,CISD,3.0,0.0,0.3,0.15,0.5,2366,7.535031847133758,35.27062999112688,926.0,0.39137785291631444,1.634681288553804,17.0,15,1.9460782606711184,0.9384800160527085,False,True
EXTREME_OPEN,5,CISD,2.5,1.2,0.4,0.0,0.5,1225,3.9012738853503186,40.2387041773231,479.0,0.39102040816326533,1.6833095577746078,27.0,16,1.7358018074067447,0.890223035697352,False,True
EXTREME_OPEN,5,FIB_705,3.0,1.2,0.3,0.05,0.5,1144,3.643312101910828,34.79404031551271,447.0,0.39073426573426573,1.6008064516129032,19.0,12,2.179954833897496,1.1360639051052128,False,True
LAST_OPPOSING,5,CISD,2.5,1.5,0.3,0.15,0.5,965,3.073248407643312,40.48672566371682,377.0,0.39067357512953366,1.7007434944237918,14.5,11,1.753494668031704,0.8593803299675177,False,True
EXTREME_OPEN,8,CISD,2.5,1.2,0.4,0.05,0.5,1227,3.9076433121019107,40.2387041773231,479.0,0.3903830480847596,1.6833095577746078,24.5,12,1.7441281322186213,0.8877516112825684,False,True
LAST_OPPOSING,8,CISD,4.0,1.2,0.0,0.0,0.25,2158,6.872611464968153,28.622631848438303,842.0,0.3901760889712697,1.6040172166427547,33.0,19,2.2869938500713687,1.0029003134849108,False,True
LAST_OPPOSING,5,FIB_618,3.0,1.5,0.0,0.15,0.25,1038,3.305732484076433,34.858812074001946,405.0,0.3901734104046243,1.6053811659192825,24.0,20,2.060794392295965,1.0570435551832018,False,True
EXTREME_OPEN,3,FIB_618,3.0,1.2,0.3,0.15,0.5,1131,3.6019108280254777,34.81745325022262,441.0,0.38992042440318303,1.6024590163934427,19.0,14,2.089451492776627,1.0631246152256386,False,True
EXTREME_OPEN,8,FIB_705,2.5,1.5,0.0,0.05,0.25,1015,3.232484076433121,39.70443349753695,395.5,0.3896551724137931,1.6462418300653594,14.0,13,2.0073670435591513,1.1026166645205817,False,True
EXTREME_OPEN,5,CISD,3.0,1.2,0.0,0.05,0.25,2136,6.802547770700637,35.4,832.0,0.3895131086142322,1.6439628482972137,23.0,14,1.938278253884743,0.9401372349223606,False,True
EXTREME_OPEN,3,CISD,3.0,1.2,0.4,0.0,0.25,1158,3.6878980891719744,35.315645013723696,451.0,0.38946459412780654,1.6379066478076378,25.0,15,1.9373153489749078,0.9466366301818964,False,True
EXTREME_OPEN,3,FIB_786,4.0,1.2,0.0,0.15,0.5,1225,3.9012738853503186,27.800490596892885,477.0,0.3893877551020408,1.5402038505096263,27.0,17,2.6494156999949654,1.372319910013859,False,True
LAST_OPPOSING,8,FIB_705,2.5,1.5,0.0,0.05,0.25,1042,3.3184713375796178,39.71153846153846,405.5,0.38915547024952013,1.6467304625199362,11.0,11,1.972070512945504,1.0854036924427515,False,True
LAST_OPPOSING,5,CISD,4.0,1.2,0.0,0.05,0.5,2060,6.560509554140127,28.594420600858367,801.0,0.3888349514563107,1.6018031555221637,32.0,20,2.2711870594754435,0.9869296479289926,False,True
LAST_OPPOSING,3,CISD,4.0,1.5,0.0,0.05,0.25,1235,3.93312101910828,28.767123287671232,480.0,0.38866396761133604,1.6153846153846154,26.0,22,2.2527695247066695,0.983373077489657,False,True
EXTREME_OPEN,3,CISD,3.0,1.2,0.4,0.15,0.25,1086,3.4585987261146496,35.32289628180039,422.0,0.3885819521178637,1.638426626323752,23.0,20,1.93369952866769,0.9398406100491993,False,True
EXTREME_OPEN,8,CISD,2.5,1.2,0.4,0.0,0.5,1244,3.961783439490446,40.168067226890756,483.0,0.3882636655948553,1.678370786516854,28.0,16,1.7404439588923537,0.8891336087969398,False,True
LAST_OPPOSING,3,FIB_705,3.0,1.2,0.3,0.0,0.25,1072,3.4140127388535033,34.737827715355806,416.0,0.3880597014925373,1.5968436154949786,17.0,11,2.1911511554658047,1.1534223228095708,False,True
EXTREME_OPEN,3,CISD,2.5,1.5,0.0,0.15,0.25,1187,3.7802547770700636,40.33989266547406,460.5,0.3879528222409436,1.6904047976011993,18.0,12,1.74210124079543,0.8811237003737448,False,True
EXTREME_OPEN,3,FIB_618,2.5,1.5,0.0,0.15,0.25,946,3.0127388535031847,39.70276008492569,367.0,0.3879492600422833,1.6461267605633803,24.0,12,1.904003586550529,1.0134154924614427,False,True
LAST_OPPOSING,8,CISD,2.5,1.5,0.3,0.15,0.25,986,3.140127388535032,40.41170097508125,382.5,0.3879310344827586,1.6954545454545455,15.5,11,1.7668582940749606,0.8698406467172853,False,True
LAST_OPPOSING,5,FIB_705,4.0,0.0,0.3,0.0,0.5,2300,7.32484076433121,27.797202797202797,892.0,0.38782608695652177,1.539951573849879,27.0,21,2.5278058089047546,1.2485381820921737,False,True
LAST_OPPOSING,8,FIB_786,4.0,0.0,0.4,0.15,0.5,1244,3.961783439490446,27.755430410297667,482.0,0.387459807073955,1.5367483296213809,33.0,22,2.6599083571503033,1.3584069401115368,False,True
LAST_OPPOSING,5,FIB_705,3.0,1.2,0.3,0.05,0.25,1131,3.6019108280254777,34.724689165186504,438.0,0.38726790450928383,1.5959183673469388,15.0,11,2.1759447087336827,1.1504094796829605,False,True
LAST_OPPOSING,8,CISD,3.0,1.2,0.4,0.0,0.5,1232,3.9235668789808917,35.28904227782571,477.0,0.3871753246753247,1.636,15.0,14,1.9598535233455001,0.9317151833608048,False,True
LAST_OPPOSING,8,CISD,2.5,1.5,0.3,0.05,0.25,1028,3.2738853503184715,40.35269709543569,397.5,0.3866731517509728,1.691304347826087,14.0,13,1.7663491115738068,0.8746948890107065,False,True
EXTREME_OPEN,3,FIB_618,3.0,1.2,0.3,0.05,0.5,1229,3.9140127388535033,34.72563472563473,475.0,0.386493083807974,1.5959849435382685,16.0,13,2.0858797195123255,1.0642974666772769,False,True
EXTREME_OPEN,8,FIB_618,3.0,1.2,0.4,0.05,0.5,984,3.1337579617834397,34.69387755102041,380.0,0.3861788617886179,1.59375,15.0,15,2.0707087599783396,1.0654348774708218,False,True
EXTREME_OPEN,8,FIB_705,4.0,0.0,0.3,0.05,0.5,2284,7.273885350318471,27.74363476733977,882.0,0.3861646234676007,1.5358444714459296,29.0,21,2.527159418987088,1.2478390577934155,False,True
LAST_OPPOSING,5,CISD,2.5,1.5,0.3,0.05,0.5,1007,3.2070063694267517,40.317460317460316,388.5,0.3857994041708044,1.6888297872340425,13.5,13,1.7548467052097805,0.8664262248243265,False,True
EXTREME_OPEN,8,FIB_786,4.0,1.2,0.3,0.15,0.5,954,3.038216560509554,27.73109243697479,368.0,0.3857442348008386,1.5348837209302326,27.0,15,2.6307353973891705,1.3639442467527214,False,True
LAST_OPPOSING,8,CISD,3.0,1.2,0.4,0.05,0.5,1216,3.872611464968153,35.2580927384077,469.0,0.38569078947368424,1.6337837837837839,15.0,14,1.9603279011713495,0.9316798657460063,False,True
EXTREME_OPEN,3,CISD,3.0,1.2,0.0,0.0,0.25,2096,6.67515923566879,35.264227642276424,808.0,0.38549618320610685,1.6342229199372056,23.0,14,1.93649568823626,0.9477524521633784,False,True
LAST_OPPOSING,5,CISD,3.0,1.2,0.4,0.15,0.5,1139,3.627388535031847,35.26660430308699,439.0,0.3854258121158911,1.634393063583815,18.0,17,1.9529728636630683,0.9275643344400266,False,True
LAST_OPPOSING,8,FIB_618,2.5,1.2,0.3,0.15,0.5,1211,3.856687898089172,39.65087281795511,466.5,0.38521882741535923,1.6425619834710743,15.5,11,1.8875893733924596,1.000805606418549,False,True
EXTREME_OPEN,3,CISD,4.0,0.0,0.3,0.15,0.25,2181,6.945859872611465,28.255528255528255,840.0,0.38514442916093533,1.5753424657534247,25.0,19,2.238739015575377,1.010573282868894,False,True
EXTREME_OPEN,3,FIB_705,3.0,1.2,0.3,0.0,0.5,1114,3.5477707006369426,34.65346534653465,429.0,0.3850987432675045,1.5909090909090908,21.0,12,2.184072005456672,1.1418834780512814,False,True
LAST_OPPOSING,8,FIB_786,4.0,1.5,0.0,0.0,0.25,943,3.0031847133757963,27.70700636942675,363.0,0.38494167550371156,1.5330396475770924,23.0,15,2.5754208299210926,1.3770569552722383,False,True
LAST_OPPOSING,8,CISD,3.0,1.5,0.3,0.15,0.5,977,3.111464968152866,35.44444444444444,376.0,0.38485158648925283,1.6471600688468158,20.0,19,1.9027429828144855,0.9055139549242707,False,True
EXTREME_OPEN,3,FIB_786,4.0,1.2,0.3,0.0,0.5,998,3.178343949044586,27.710843373493976,384.0,0.3847695390781563,1.5333333333333334,21.0,14,2.6563304370665493,1.365930685289289,False,True
EXTREME_OPEN,3,FIB_705,3.0,1.2,0.3,0.15,0.5,1008,3.210191082802548,34.626865671641795,387.0,0.38392857142857145,1.5890410958904109,18.0,11,2.17394374237574,1.1426802394698365,False,True
LAST_OPPOSING,8,CISD,3.0,1.5,0.3,0.05,0.5,1019,3.245222929936306,35.38788522848034,391.0,0.3837095191364082,1.643092105263158,19.0,19,1.9067440382483747,0.9112068054888793,False,True
LAST_OPPOSING,8,CISD,2.5,1.5,0.3,0.0,0.25,1038,3.305732484076433,40.24640657084189,398.0,0.3834296724470135,1.6838487972508591,14.0,13,1.7658697151634621,0.8777645129677037,False,True
LAST_OPPOSING,3,FIB_618,3.0,1.2,0.3,0.05,0.5,1195,3.805732484076433,34.654300168634066,458.0,0.3832635983263598,1.590967741935484,18.0,13,2.077392455589117,1.0546614839492692,False,True
LAST_OPPOSING,5,FIB_618,3.0,1.2,0.3,0.15,0.25,1182,3.7643312101910826,34.67122117847993,453.0,0.383248730964467,1.592156862745098,16.0,14,2.085478006885497,1.0729574806541142,False,True
LAST_OPPOSING,3,FIB_705,4.0,0.0,0.3,0.0,0.5,2205,7.022292993630574,27.69931662870159,845.0,0.3832199546485261,1.532451165721487,30.0,20,2.5324847767825616,1.252669823916953,False,True
EXTREME_OPEN,5,FIB_705,3.0,1.2,0.3,0.15,0.5,1052,3.3503184713375798,34.60438512869399,403.0,0.3830798479087453,1.587463556851312,18.0,11,2.1665571655989084,1.1400294561752369,False,True
LAST_OPPOSING,5,FIB_705,3.0,1.2,0.3,0.0,0.25,1146,3.6496815286624202,34.61875547765118,439.0,0.3830715532286213,1.5884718498659518,16.0,11,2.1761914608390303,1.1530259082663612,False,True
EXTREME_OPEN,8,FIB_618,3.0,1.2,0.4,0.0,0.5,995,3.1687898089171975,34.61150353178608,381.0,0.3829145728643216,1.587962962962963,13.0,11,2.0688857746810725,1.0666402973686655,False,True
LAST_OPPOSING,5,FIB_786,4.0,1.2,0.3,0.0,0.5,1029,3.2770700636942673,27.680311890838205,394.0,0.38289601554907676,1.5309973045822103,29.0,17,2.6137630368976215,1.3391300731117128,False,True
LAST_OPPOSING,3,CISD,4.0,1.2,0.4,0.0,0.25,1129,3.5955414012738856,28.404669260700388,432.0,0.3826395039858282,1.5869565217391304,22.0,16,2.26616525390926,1.004372190400394,False,True
LAST_OPPOSING,5,CISD,2.5,1.5,0.3,0.0,0.5,1017,3.238853503184713,40.20942408376963,389.0,0.3824975417895772,1.681260945709282,13.5,13,1.7542901708583425,0.8694535914081398,False,True
EXTREME_OPEN,8,FIB_618,3.0,1.2,0.3,0.15,0.25,1198,3.8152866242038215,34.621848739495796,458.0,0.3823038397328882,1.588688946015424,17.0,15,2.0981015666085767,1.0791397447613968,False,True
EXTREME_OPEN,8,CISD,3.0,1.2,0.0,0.05,0.25,2174,6.923566878980892,35.23903400689995,831.0,0.3822447102115915,1.6324200913242009,23.0,13,1.9391904623620024,0.9382730670957143,False,True
LAST_OPPOSING,8,CISD,3.0,1.5,0.3,0.0,0.5,1029,3.2770700636942673,35.33123028391167,393.0,0.3819241982507289,1.6390243902439023,19.0,19,1.9061650263053571,0.9137636820769186,False,True
LAST_OPPOSING,8,FIB_618,3.0,1.2,0.0,0.0,0.25,1901,6.054140127388535,34.62354188759279,726.0,0.3819042609153077,1.5888077858880778,17.0,15,2.065367798423374,1.0814373241695272,False,True
EXTREME_OPEN,5,FIB_705,3.0,1.2,0.3,0.0,0.5,1160,3.694267515923567,34.57216940363008,443.0,0.38189655172413794,1.5852047556142668,21.0,12,2.176226513322878,1.139737389848421,False,True
EXTREME_OPEN,5,FIB_618,3.0,1.2,0.3,0.15,0.5,1179,3.754777070063694,34.61538461538461,450.0,0.3816793893129771,1.588235294117647,17.0,15,2.0828987017764042,1.0620612454494367,False,True
EXTREME_OPEN,8,CISD,3.0,1.2,0.4,0.05,0.25,1208,3.8471337579617835,35.15418502202643,461.0,0.38162251655629137,1.6263586956521738,26.0,17,1.9323914068999162,0.9405496155496064,False,True
LAST_OPPOSING,3,FIB_618,4.0,0.0,0.3,0.05,0.25,2297,7.3152866242038215,27.70448548812665,876.0,0.38136700043535043,1.532846715328467,26.0,19,2.4485967622560594,1.17059686770089,False,True
LAST_OPPOSING,8,CISD,4.0,1.2,0.0,0.05,0.25,2106,6.707006369426751,28.421604614577873,803.0,0.3812915479582146,1.5882783882783882,34.0,18,2.2862132080447446,1.000779681006817,False,True
LAST_OPPOSING,3,FIB_618,3.0,1.2,0.3,0.15,0.5,1107,3.5254777070063694,34.60837887067395,422.0,0.38121047877145436,1.5877437325905293,18.0,13,2.07741659761664,1.0548420102637603,False,True
EXTREME_OPEN,8,FIB_618,3.0,1.2,0.0,0.0,0.25,1900,6.050955414012739,34.58686440677966,724.0,0.38105263157894737,1.586234817813765,17.0,16,2.077061588359173,1.0851371712382236,False,True
EXTREME_OPEN,5,CISD,3.0,1.2,0.0,0.0,0.25,2197,6.996815286624204,35.18248175182482,837.0,0.38097405553026853,1.6283783783783783,26.0,11,1.9290935613546492,0.9448587401202009,False,True
EXTREME_OPEN,5,FIB_786,4.0,1.2,0.3,0.0,0.5,1037,3.3025477707006368,27.632850241545892,395.0,0.3809064609450338,1.527369826435247,20.0,14,2.6501922565684106,1.3628661524421881,False,True
EXTREME_OPEN,8,FIB_786,4.0,1.2,0.3,0.05,0.5,1037,3.3025477707006368,27.632850241545892,395.0,0.3809064609450338,1.527369826435247,20.0,15,2.6449682462173683,1.3608165351260793,False,True
LAST_OPPOSING,5,FIB_618,4.0,0.0,0.3,0.15,0.25,1956,6.229299363057325,27.72020725388601,745.0,0.38087934560327197,1.5340501792114696,23.0,17,2.4349796350283346,1.1602891034241685,False,True
LAST_OPPOSING,5,FIB_618,4.0,0.0,0.3,0.05,0.25,2395,7.627388535031847,27.7027027027027,912.0,0.38079331941544886,1.5327102803738317,29.0,18,2.4414293018137143,1.1709297395054599,False,True
EXTREME_OPEN,8,FIB_705,3.0,1.2,0.3,0.05,0.5,1161,3.6974522292993632,34.542314335060446,442.0,0.3807062876830319,1.5831134564643798,16.0,12,2.169141360994488,1.1389526905132494,False,True
LAST_OPPOSING,5,FIB_618,4.0,0.0,0.4,0.0,0.25,1918,6.10828025477707,27.70448548812665,730.0,0.3806047966631908,1.532846715328467,31.0,19,2.4469092957728495,1.1799682882958404,False,True
LAST_OPPOSING,5,FIB_618,2.5,1.5,0.0,0.05,0.25,1140,3.6305732484076434,39.52254641909814,433.5,0.38026315789473686,1.6337719298245614,20.0,14,1.8803137618449954,1.0087945329694346,False,True
LAST_OPPOSING,8,FIB_618,2.5,1.2,0.0,0.0,0.5,1917,6.1050955414012735,39.48610382800209,728.5,0.3800208659363589,1.6312824956672443,16.5,15,1.8836229851747905,1.010538028893832,False,True
LAST_OPPOSING,8,CISD,4.0,1.2,0.0,0.0,0.5,2151,6.850318471337579,28.409675759135354,817.0,0.3798233379823338,1.5873472322070452,33.0,21,2.2644579567793266,0.9920256908533868,False,True
EXTREME_OPEN,5,CISD,4.0,0.0,0.3,0.15,0.25,2254,7.178343949044586,28.156264888041925,856.0,0.3797692990239574,1.5676392572944298,24.0,17,2.233473517654988,1.0083567474559056,False,True
EXTREME_OPEN,5,CISD,3.0,1.2,0.4,0.05,0.25,1191,3.7929936305732483,35.08928571428571,452.0,0.3795130142737196,1.6217331499312242,25.0,16,1.9272182322846045,0.9430390516131679,False,True
EXTREME_OPEN,5,FIB_618,2.5,1.5,0.0,0.15,0.5,1000,3.1847133757961785,39.45783132530121,379.5,0.3795,1.6293532338308458,24.0,15,1.8834332392718718,1.0005178505468968,False,True
LAST_OPPOSING,3,FIB_618,3.0,1.2,0.3,0.0,0.5,1207,3.843949044585987,34.5575959933222,458.0,0.37945318972659486,1.5841836734693877,17.0,13,2.0774515460356033,1.056257352661149,False,True
LAST_OPPOSING,8,FIB_618,2.5,1.5,0.0,0.15,0.5,1074,3.4203821656050954,39.493433395872415,407.5,0.37942271880819367,1.6317829457364341,23.5,16,1.8586283664261387,0.9863875763217635,False,True
LAST_OPPOSING,8,CISD,3.0,1.2,0.4,0.15,0.5,1160,3.694267515923567,35.11029411764706,440.0,0.3793103448275862,1.6232294617563738,19.0,18,1.9496077039255146,0.9282343726041059,False,True
LAST_OPPOSING,5,FIB_705,4.0,0.0,0.3,0.05,0.5,2186,6.961783439490445,27.619485294117645,829.0,0.37923147301006405,1.5263492063492063,27.0,21,2.5219342928339876,1.2438301437513672,False,True
EXTREME_OPEN,8,CISD,3.0,1.2,0.4,0.0,0.25,1225,3.9012738853503186,35.06944444444444,464.0,0.3787755102040816,1.6203208556149733,30.0,17,1.9290795277727515,0.9418830240150202,False,True
LAST_OPPOSING,3,FIB_705,3.0,1.2,0.3,0.15,0.25,978,3.1146496815286624,34.496919917864474,370.0,0.3783231083844581,1.5799373040752351,20.0,11,2.177462370361553,1.1566573202183323,False,True
EXTREME_OPEN,3,CISD,3.0,1.5,0.0,0.15,0.5,1177,3.748407643312102,35.23459061637534,445.0,0.3780798640611725,1.6321022727272727,24.0,22,1.8879641575224237,0.9155158677946934,False,True
EXTREME_OPEN,3,CISD,4.0,0.0,0.4,0.05,0.5,2067,6.582802547770701,28.076525336091002,781.0,0.37784228350266086,1.5614665708123652,20.0,20,2.2478904271347524,1.0170980935660103,False,True
LAST_OPPOSING,8,CISD,2.5,1.5,0.3,0.15,0.5,986,3.140127388535032,40.08667388949079,372.0,0.3772819472616633,1.6726943942133816,15.5,11,1.7501095488622005,0.8644104118769808,False,True
EXTREME_OPEN,3,FIB_618,3.0,1.2,0.3,0.0,0.5,1246,3.968152866242038,34.491114701130854,470.0,0.37720706260032105,1.5795314426633786,17.0,13,2.081452335136107,1.067808793765418,False,True
LAST_OPPOSING,8,FIB_705,4.0,0.0,0.3,0.0,0.5,2329,7.417197452229299,27.578765645230902,878.0,0.3769858308286818,1.5232419547079856,28.0,21,2.519375164962142,1.2510853230082422,False,True
EXTREME_OPEN,5,CISD,3.0,1.2,0.4,0.0,0.25,1208,3.8471337579617835,35.00439753737907,455.0,0.37665562913907286,1.6156968876860622,29.0,16,1.923932546885336,0.9443561914782765,False,True
LAST_OPPOSING,5,FIB_705,3.0,1.2,0.3,0.15,0.25,1047,3.3343949044585988,34.452975047984644,394.0,0.3763132760267431,1.5768667642752563,18.0,11,2.16478264792218,1.155060194987738,False,True
EXTREME_OPEN,8,CISD,3.0,1.2,0.4,0.15,0.25,1151,3.6656050955414012,35.032437442075995,433.0,0.37619461337966986,1.6176890156918688,28.0,20,1.9245881051565439,0.9357630648922199,False,True
EXTREME_OPEN,3,CISD,2.5,1.5,0.0,0.15,0.5,1187,3.7802547770700636,39.98211091234347,446.5,0.37615838247683236,1.665424739195231,18.0,12,1.728982837236423,0.876503500324058,False,True
EXTREME_OPEN,3,FIB_618,4.0,0.0,0.4,0.0,0.25,1918,6.10828025477707,27.593470247498686,721.0,0.3759124087591241,1.5243636363636364,21.0,20,2.4514200214289392,1.1907630172871675,False,True
LAST_OPPOSING,8,FIB_618,3.0,1.2,0.4,0.05,0.5,990,3.1528662420382165,34.45121951219512,372.0,0.37575757575757573,1.5767441860465117,20.0,15,2.0529375688165246,1.0633221139149196,False,True
EXTREME_OPEN,3,FIB_618,4.0,0.0,0.3,0.15,0.25,1920,6.114649681528663,27.593470247498686,721.0,0.37552083333333336,1.5243636363636364,19.0,17,2.446113498585951,1.1682426118249276,False,True
EXTREME_OPEN,5,CISD,4.0,0.0,0.4,0.05,0.5,2128,6.777070063694268,28.046324269889222,799.0,0.37546992481203006,1.5591322603219033,21.0,21,2.240772583743892,1.0129289617026946,False,True
LAST_OPPOSING,8,FIB_618,3.0,1.2,0.4,0.0,0.5,999,3.1815286624203822,34.44108761329305,375.0,0.37537537537537535,1.576036866359447,20.0,11,2.054498121465466,1.0637220839423807,False,True
EXTREME_OPEN,8,FIB_618,2.5,1.2,0.0,0.0,0.5,1913,6.092356687898089,39.328788673308864,718.0,0.3753267119707266,1.62057044079516,17.5,16,1.8936078468450936,1.018184115691981,False,True
LAST_OPPOSING,5,CISD,4.0,1.2,0.4,0.0,0.25,1186,3.7770700636942673,28.240740740740737,445.0,0.3752107925801012,1.5741935483870968,20.0,17,2.2447839891992096,1.0048581497869866,False,True
EXTREME_OPEN,8,CISD,4.0,0.0,0.4,0.05,0.5,2143,6.82484076433121,28.0561122244489,804.0,0.37517498833411106,1.5598885793871866,21.0,21,2.2405063871155617,1.0111833255548448,False,True
EXTREME_OPEN,3,FIB_786,4.0,0.0,0.4,0.15,0.5,1219,3.8821656050955413,27.504105090311988,457.0,0.3748974569319114,1.5175537938844847,21.0,21,2.678817146760107,1.3822440813243473,False,True
EXTREME_OPEN,8,CISD,4.0,0.0,0.3,0.15,0.25,2275,7.245222929936306,28.06436346426881,852.0,0.37450549450549453,1.5605263157894738,24.0,17,2.230040266895214,1.007533912713809,False,True
LAST_OPPOSING,8,CISD,4.0,1.2,0.0,0.05,0.5,2099,6.6847133757961785,28.278041074249604,786.0,0.37446403049070986,1.577092511013216,34.0,20,2.2642762794007636,0.9902602354510062,False,True
EXTREME_OPEN,3,CISD,4.0,0.0,0.4,0.0,0.5,2151,6.850318471337579,28.009950248756223,805.0,0.37424453742445374,1.5563234277816171,21.0,20,2.247129331958803,1.0232355292821318,False,True
LAST_OPPOSING,3,FIB_618,4.0,0.0,0.3,0.0,0.5,2405,7.659235668789809,27.563025210084035,900.0,0.37422037422037424,1.5220417633410672,30.0,20,2.419943518892039,1.1614146892559838,False,True
EXTREME_OPEN,8,CISD,3.0,1.2,0.0,0.0,0.25,2235,7.117834394904459,35.02879078694818,836.0,0.37404921700223714,1.617429837518464,26.0,11,1.9301370331871799,0.9429651749959743,False,True
LAST_OPPOSING,3,FIB_705,4.0,0.0,0.3,0.05,0.5,2095,6.671974522292993,27.503593675131764,783.0,0.3737470167064439,1.5175148711169861,30.0,20,2.52707096460359,1.2481709944785062,False,True
LAST_OPPOSING,3,FIB_618,2.5,1.5,0.0,0.05,0.25,1032,3.286624203821656,39.31707317073171,385.5,0.373546511627907,1.619774919614148,19.0,16,1.8939203438922374,1.0141768676568863,False,True
EXTREME_OPEN,5,CISD,4.0,0.0,0.4,0.0,0.5,2210,7.038216560509555,28.009708737864074,825.0,0.3733031674208145,1.5563047875927174,21.0,21,2.241181789079969,1.0189900344180078,False,True
EXTREME_OPEN,3,FIB_618,4.0,0.0,0.3,0.05,0.25,2390,7.611464968152866,27.533783783783782,892.0,0.3732217573221757,1.5198135198135199,24.0,20,2.4462285866615785,1.178883392970366,False,True
EXTREME_OPEN,5,FIB_618,4.0,0.0,0.3,0.15,0.25,1986,6.32484076433121,27.54582484725051,741.0,0.3731117824773414,1.5207308503162333,20.0,17,2.443846271559715,1.1661445527286654,False,True
LAST_OPPOSING,3,CISD,4.0,1.2,0.4,0.05,0.25,1115,3.550955414012739,28.205128205128204,416.0,0.37309417040358744,1.5714285714285714,22.0,16,2.2648313744464255,1.005959818616613,False,True
LAST_OPPOSING,8,CISD,2.5,1.5,0.3,0.05,0.5,1028,3.2738853503184715,39.93775933609959,383.5,0.3730544747081712,1.662348877374784,14.0,13,1.7515722691379227,0.8711068639009196,False,True
EXTREME_OPEN,8,FIB_618,2.5,1.5,0.0,0.15,0.5,1020,3.248407643312102,39.27165354330709,380.5,0.3730392156862745,1.6166936790923825,24.0,12,1.8761401562194022,1.001532538600278,False,True
EXTREME_OPEN,8,CISD,4.0,0.0,0.4,0.0,0.5,2225,7.085987261146497,28.019323671497588,830.0,0.37303370786516854,1.5570469798657718,22.0,21,2.240922644156574,1.017267870662695,False,True
EXTREME_OPEN,5,CISD,3.0,1.2,0.4,0.15,0.25,1135,3.6146496815286624,34.92957746478873,423.0,0.3726872246696035,1.6103896103896105,27.0,19,1.9193219237545311,0.9384513752019081,False,True
EXTREME_OPEN,8,FIB_705,3.0,1.2,0.3,0.15,0.5,1069,3.4044585987261144,34.33395872420263,398.0,0.372310570626754,1.5685714285714285,17.0,12,2.155026125674384,1.143103792461991,False,True
EXTREME_OPEN,3,CISD,3.0,1.2,0.0,0.05,0.5,2028,6.45859872611465,34.90813648293963,755.0,0.3722879684418146,1.6088709677419355,22.0,15,1.927470457421156,0.9389484275965323,False,True
LAST_OPPOSING,3,CISD,4.0,1.5,0.0,0.05,0.5,1233,3.926751592356688,28.41429880843263,459.0,0.3722627737226277,1.587708066581306,26.0,22,2.2340444785514437,0.9752893713214799,False,True
EXTREME_OPEN,5,FIB_618,4.0,0.0,0.4,0.0,0.25,1967,6.264331210191083,27.51540041067762,732.0,0.3721403152008134,1.518413597733711,22.0,21,2.448966907448734,1.1881764171759432,False,True
EXTREME_OPEN,8,FIB_705,3.0,1.2,0.3,0.0,0.5,1177,3.748407643312102,34.32708688245315,438.0,0.3721325403568394,1.5680933852140078,18.0,11,2.165613887502467,1.142533847467874,False,True
EXTREME_OPEN,5,FIB_618,4.0,0.0,0.3,0.05,0.25,2462,7.840764331210191,27.511275112751125,916.0,0.37205523964256704,1.5180995475113122,25.0,20,2.4440827012336777,1.1774089356909905,False,True
LAST_OPPOSING,5,FIB_618,3.0,1.5,0.0,0.15,0.5,1038,3.305732484076433,34.40545808966861,386.0,0.371868978805395,1.5735512630014858,24.0,20,2.0371399008209243,1.0467820922889686,False,True
LAST_OPPOSING,8,FIB_618,4.0,0.0,0.3,0.05,0.25,2426,7.726114649681529,27.522935779816514,902.0,0.37180544105523494,1.518987341772152,30.0,18,2.430747312617134,1.1726937340041876,False,True
LAST_OPPOSING,8,FIB_618,4.0,0.0,0.4,0.0,0.25,1942,6.1847133757961785,27.528675703858184,722.0,0.3717816683831102,1.5194244604316547,32.0,19,2.437419372119433,1.18003480965374,False,True
LAST_OPPOSING,5,FIB_618,4.0,0.0,0.3,0.0,0.5,2507,7.984076433121019,27.522195318805487,932.0,0.37175907459114477,1.5189309576837418,29.0,19,2.412568913713383,1.1613723735216344,False,True
LAST_OPPOSING,8,FIB_705,2.5,1.5,0.0,0.15,0.5,951,3.0286624203821657,39.199157007376186,353.0,0.3711882229232387,1.6117850953206239,15.0,9,1.9353523371325476,1.0659374044522327,False,True
LAST_OPPOSING,8,CISD,2.5,1.5,0.3,0.0,0.5,1038,3.305732484076433,39.83572895277207,384.0,0.3699421965317919,1.6552901023890785,14.0,13,1.7510585397788725,0.8740278903218945,False,True
LAST_OPPOSING,3,FIB_705,3.0,1.2,0.3,0.05,0.5,1060,3.375796178343949,34.28030303030303,392.0,0.36981132075471695,1.5648414985590777,17.0,12,2.1582830191259,1.1306085248447297,False,True
EXTREME_OPEN,8,FIB_786,4.0,1.2,0.3,0.0,0.5,1053,3.3535031847133756,27.402473834443384,389.0,0.3694207027540361,1.509829619921363,21.0,15,2.6371815203471707,1.3658244077287103,False,True
LAST_OPPOSING,8,FIB_618,3.0,1.5,0.0,0.15,0.25,1063,3.3853503184713376,34.31558935361217,392.0,0.36876763875823143,1.5672937771345876,25.0,16,2.0440745794024315,1.0632114469153087,False,True
EXTREME_OPEN,3,FIB_705,2.5,1.5,0.0,0.0,0.5,977,3.111464968152866,39.099283520982596,360.0,0.368474923234391,1.6050420168067228,18.5,14,1.9864210580139574,1.0945583535143277,False,True
LAST_OPPOSING,8,FIB_786,4.0,1.2,0.3,0.15,0.5,956,3.0445859872611467,27.38719832109129,352.0,0.3682008368200837,1.5086705202312138,38.0,24,2.5943515155142776,1.350192357828686,False,True
LAST_OPPOSING,8,FIB_618,4.0,0.0,0.3,0.15,0.25,1986,6.32484076433121,27.462991322103115,731.0,0.3680765357502518,1.514426460239268,24.0,18,2.420606818069229,1.1629333679365788,False,True
LAST_OPPOSING,8,FIB_786,4.0,1.2,0.3,0.05,0.5,1033,3.289808917197452,27.378640776699033,380.0,0.36786060019361083,1.5080213903743316,30.0,17,2.602655084722294,1.3442987425974946,False,True
LAST_OPPOSING,8,FIB_705,3.0,1.2,0.3,0.05,0.25,1153,3.671974522292994,34.23344947735192,424.0,0.3677363399826539,1.5615894039735099,16.0,11,2.164494786385425,1.1576639195353884,False,True
EXTREME_OPEN,8,FIB_618,3.0,1.2,0.3,0.15,0.5,1197,3.8121019108280256,34.25925925925926,440.0,0.36758563074352546,1.5633802816901408,17.0,15,2.06909387170409,1.0659956470540317,False,True
EXTREME_OPEN,8,FIB_618,4.0,0.0,0.3,0.05,0.25,2485,7.914012738853503,27.416734362307064,913.0,0.3674044265593561,1.510912143256855,26.0,20,2.4383166981631326,1.1777507652079433,False,True
LAST_OPPOSING,8,FIB_705,4.0,0.0,0.3,0.05,0.5,2216,7.057324840764331,27.379873073436084,814.0,0.36732851985559567,1.508114856429463,28.0,21,2.5124470692375156,1.2466905505106993,False,True
LAST_OPPOSING,5,CISD,4.0,1.2,0.4,0.05,0.25,1171,3.729299363057325,28.075117370892016,430.0,0.3672075149444919,1.5613577023498695,20.0,17,2.2440784102175475,1.005925405936039,False,True
LAST_OPPOSING,5,FIB_618,2.5,1.5,0.0,0.0,0.25,1164,3.7070063694267517,39.134199134199136,427.0,0.36683848797250856,1.6073968705547652,22.0,14,1.8793756013092484,1.0145646391364196,False,True
LAST_OPPOSING,8,CISD,4.0,1.2,0.4,0.0,0.25,1206,3.840764331210191,28.051001821493628,442.0,0.36650082918739635,1.559493670886076,22.0,18,2.2406277440877065,1.0058136328079887,False,True
LAST_OPPOSING,5,FIB_705,2.5,1.5,0.0,0.0,0.5,1039,3.3089171974522293,39.0549662487946,380.5,0.3662175168431184,1.6020569620253164,15.5,11,1.9573731167036055,1.0759876319081154,False,True
EXTREME_OPEN,8,FIB_618,4.0,0.0,0.4,0.0,0.25,1983,6.3152866242038215,27.39307535641548,726.0,0.3661119515885023,1.509116409537167,22.0,21,2.44296059563375,1.1884370962909778,False,True
LAST_OPPOSING,5,FIB_705,3.0,1.2,0.3,0.05,0.5,1131,3.6019108280254777,34.19182948490231,414.0,0.3660477453580902,1.5587044534412955,18.0,12,2.1454308029220566,1.129193993067319,False,True
EXTREME_OPEN,5,CISD,3.0,1.5,0.0,0.15,0.5,1254,3.9936305732484074,34.9869451697128,459.0,0.3660287081339713,1.6144578313253013,28.0,24,1.8795598451580786,0.9132268211771586,False,True
EXTREME_OPEN,5,FIB_618,3.0,1.5,0.0,0.15,0.25,990,3.1528662420382165,34.21588594704684,362.0,0.3656565656565657,1.5603715170278638,27.0,15,2.070240085855037,1.074968938296499,False,True
LAST_OPPOSING,3,CISD,4.0,1.2,0.4,0.15,0.25,1064,3.388535031847134,28.05383022774327,389.0,0.3656015037593985,1.5597122302158273,21.0,21,2.2581996443159547,1.0027684005376296,False,True
EXTREME_OPEN,5,CISD,3.0,1.2,0.0,0.05,0.5,2131,6.786624203821656,34.771700953336676,779.0,0.3655560769591741,1.5992307692307692,23.0,14,1.9189301042048155,0.936372169803856,False,True
LAST_OPPOSING,5,FIB_618,3.0,1.2,0.3,0.15,0.5,1181,3.761146496815287,34.217279726261765,431.0,0.36494496189669773,1.5604681404421326,18.0,14,2.0560452029416205,1.0596820810474201,False,True
EXTREME_OPEN,3,FIB_618,4.0,0.0,0.3,0.0,0.5,2505,7.977707006369426,27.36799677549375,914.0,0.3648702594810379,1.507214206437292,29.0,21,2.4177333293165657,1.1696900246181865,False,True
EXTREME_OPEN,3,FIB_705,2.5,1.5,0.0,0.05,0.5,954,3.038216560509554,38.9937106918239,348.0,0.36477987421383645,1.597938144329897,17.5,14,1.9888701016814794,1.0970313371342628,False,True
LAST_OPPOSING,3,CISD,4.0,1.2,0.4,0.0,0.5,1127,3.589171974522293,28.02734375,411.0,0.3646850044365572,1.5576662143826323,22.0,16,2.2450709225119985,0.9921247015507557,False,True
EXTREME_OPEN,8,FIB_618,3.0,1.2,0.0,0.0,0.5,1898,6.044585987261146,34.16445623342175,691.0,0.36406743940990516,1.556809024979855,17.0,16,2.053837258280165,1.0743342260471271,False,True
LAST_OPPOSING,8,FIB_705,3.0,1.2,0.3,0.0,0.25,1168,3.7197452229299364,34.13585554600172,425.0,0.3638698630136986,1.5548302872062663,17.0,11,2.164883935998398,1.1601379011781887,False,True
LAST_OPPOSING,8,FIB_618,3.0,1.2,0.3,0.15,0.25,1205,3.837579617834395,34.17085427135678,438.0,0.3634854771784232,1.5572519083969465,18.0,15,2.0707302616170717,1.0797733959353737,False,True
EXTREME_OPEN,3,FIB_705,4.0,1.2,0.3,0.05,0.25,1095,3.4872611464968153,27.28937728937729,398.0,0.3634703196347032,1.5012594458438286,29.0,17,2.497323051342656,1.2608660383045251,False,True
LAST_OPPOSING,3,FIB_705,3.0,1.2,0.3,0.0,0.5,1071,3.410828025477707,34.11433926897844,389.0,0.36321195144724555,1.5533428165007113,19.0,12,2.157184681282416,1.1333851356276499,False,True
EXTREME_OPEN,8,FIB_618,4.0,0.0,0.4,0.05,0.25,1898,6.044585987261146,27.32589048378522,689.0,0.363013698630137,1.5040234089246525,22.0,22,2.44470272226235,1.176552447764932,False,True
LAST_OPPOSING,8,FIB_618,3.0,1.2,0.0,0.0,0.5,1899,6.047770700636943,34.14763674986723,689.0,0.36282253817798843,1.5556451612903226,17.0,15,2.042195339507148,1.0711175506948376,False,True
LAST_OPPOSING,3,FIB_618,2.5,1.5,0.0,0.0,0.25,1053,3.3535031847133756,39.0057361376673,382.0,0.3627730294396961,1.598746081504702,20.0,16,1.8937230404702878,1.0187429615657233,False,True
LAST_OPPOSING,5,FIB_705,2.5,1.5,0.0,0.05,0.5,1016,3.2356687898089174,38.95463510848126,368.5,0.3626968503937008,1.5953150242326333,13.5,11,1.9573407290078602,1.0766070274141288,False,True
EXTREME_OPEN,3,CISD,3.0,1.2,0.0,0.0,0.5,2091,6.659235668789809,34.6585117227319,758.0,0.36250597800095646,1.5912636505460218,23.0,14,1.9162526294535618,0.9437307816890175,False,True
EXTREME_OPEN,8,FIB_618,3.0,1.5,0.0,0.15,0.25,1010,3.21656050955414,34.13173652694611,366.0,0.36237623762376237,1.5545454545454545,27.0,12,2.061438476963356,1.0742454568564586,False,True
EXTREME_OPEN,3,CISD,3.0,1.2,0.4,0.05,0.5,1140,3.6305732484076434,34.604651162790695,413.0,0.362280701754386,1.5874822190611664,21.0,15,1.9172511973261113,0.942259208061698,False,True
LAST_OPPOSING,5,CISD,4.0,1.2,0.4,0.15,0.25,1118,3.5605095541401273,27.980295566502463,405.0,0.3622540250447227,1.5540355677154583,23.0,22,2.2378166115338765,1.0027514969792117,False,True
LAST_OPPOSING,3,CISD,4.0,1.2,0.4,0.05,0.5,1113,3.5445859872611467,27.964426877470355,403.0,0.36208445642407905,1.5528120713305897,22.0,16,2.2438177665557992,0.9936656751190649,False,True
EXTREME_OPEN,3,FIB_618,2.5,1.5,0.0,0.15,0.5,946,3.0127388535031847,38.95966029723992,342.5,0.3620507399577167,1.5956521739130434,24.0,15,1.881445001960436,1.007842673783154,False,True
EXTREME_OPEN,3,FIB_618,4.0,1.2,0.4,0.0,0.25,942,3.0,27.341227125941874,341.0,0.3619957537154989,1.5051851851851852,25.0,17,2.4136845200216674,1.1606154856209516,False,True
LAST_OPPOSING,3,FIB_618,4.0,0.0,0.3,0.05,0.5,2293,7.302547770700637,27.312775330396477,830.0,0.36197121674662014,1.503030303030303,27.0,19,2.417302830259099,1.1591645080771789,False,True
EXTREME_OPEN,5,FIB_618,2.5,1.5,0.0,0.05,0.25,1114,3.5477707006369426,38.95401262398558,403.0,0.3617594254937163,1.5952732644017724,20.0,15,1.8884511298314546,1.0272886366315548,False,True
EXTREME_OPEN,5,FIB_705,2.5,1.5,0.0,0.0,0.5,1023,3.2579617834394905,38.90518084066471,370.0,0.3616813294232649,1.592,16.5,14,1.9783579649688035,1.0944838969340873,False,True
LAST_OPPOSING,8,FIB_618,2.5,1.5,0.0,0.05,0.25,1166,3.713375796178344,38.98012100259291,421.5,0.36149228130360206,1.5970254957507082,22.0,14,1.868301990039934,1.0139907752994768,False,True
EXTREME_OPEN,8,FIB_618,4.0,0.0,0.3,0.15,0.25,2008,6.3949044585987265,27.291037260825778,724.0,0.3605577689243028,1.5013850415512466,19.0,17,2.431636023097684,1.1682571395168315,False,True
EXTREME_OPEN,3,CISD,4.0,1.5,0.0,0.15,0.25,1154,3.6751592356687897,28.04642166344294,416.0,0.36048526863084923,1.5591397849462365,28.0,28,2.1649856691504406,0.9852833856958432,False,True
LAST_OPPOSING,5,FIB_618,4.0,0.0,0.3,0.05,0.5,2391,7.614649681528663,27.284263959390863,861.0,0.3601003764115433,1.5008726003490402,30.0,18,2.409843066330823,1.1590235695831044,False,True
LAST_OPPOSING,5,FIB_705,3.0,1.2,0.3,0.0,0.5,1145,3.6464968152866244,34.03508771929825,412.0,0.359825327510917,1.547872340425532,20.0,12,2.1445497932092827,1.1322979769587178,False,True
EXTREME_OPEN,3,CISD,3.0,1.2,0.4,0.0,0.5,1157,3.6847133757961785,34.523809523809526,416.0,0.3595505617977528,1.5818181818181818,25.0,15,1.9138242970908281,0.9434350740921223,False,True
LAST_OPPOSING,5,FIB_618,4.0,0.0,0.3,0.15,0.5,1954,6.222929936305732,27.282157676348547,702.0,0.3592630501535312,1.5007132667617689,23.0,20,2.4034133246621625,1.1497739685500326,False,True
LAST_OPPOSING,8,FIB_786,4.0,1.2,0.3,0.0,0.5,1047,3.3343949044585988,27.203065134099617,376.0,0.35912129894937916,1.4947368421052631,30.0,17,2.596483776891667,1.3488476985008309,False,True
EXTREME_OPEN,8,FIB_705,2.5,1.5,0.0,0.0,0.5,1038,3.305732484076433,38.824662813102115,372.5,0.3588631984585742,1.5866141732283465,16.5,13,1.9722127342358637,1.0946078993694421,False,True
LAST_OPPOSING,5,FIB_618,2.5,1.5,0.0,0.05,0.5,1140,3.6305732484076434,38.90362511052166,409.0,0.3587719298245614,1.5918958031837915,20.0,20,1.8571235758425813,1.0000360635880394,False,True
LAST_OPPOSING,8,CISD,4.0,1.2,0.4,0.05,0.25,1191,3.7929936305732483,27.88550323176362,427.0,0.35852225020990763,1.5467349551856595,22.0,18,2.2398816679632745,1.006875000730621,False,True
EXTREME_OPEN,8,CISD,4.0,1.2,0.0,0.15,0.25,1890,6.019108280254777,27.95067527891955,677.0,0.3582010582010582,1.5517522412387939,32.0,22,2.222851411314735,0.9950230236745856,False,True
EXTREME_OPEN,5,FIB_705,2.5,1.5,0.0,0.05,0.5,1000,3.1847133757961785,38.800000000000004,358.0,0.358,1.5849673202614378,15.0,14,1.9805089014875807,1.0968414108061597,False,True
EXTREME_OPEN,5,CISD,3.0,1.2,0.0,0.0,0.5,2192,6.980891719745223,34.5703125,784.0,0.35766423357664234,1.5850746268656717,27.0,13,1.908862509437039,0.940821082184747,False,True
EXTREME_OPEN,8,FIB_618,2.5,1.5,0.0,0.05,0.25,1133,3.6082802547770703,38.82978723404255,405.0,0.3574580759046778,1.5869565217391304,20.0,16,1.8832090595383342,1.0266802794584378,False,True
LAST_OPPOSING,5,FIB_618,3.0,1.5,0.0,0.05,0.25,1129,3.5955414012738856,34.01969561324978,403.0,0.3569530558015943,1.5468113975576663,25.0,20,2.0364255931203967,1.0727357920757026,False,True
EXTREME_OPEN,8,CISD,3.0,1.2,0.0,0.05,0.5,2169,6.907643312101911,34.56973293768546,774.0,0.35684647302904565,1.5850340136054422,23.0,14,1.9199549530431108,0.9349070843023118,False,True
EXTREME_OPEN,3,CISD,3.0,1.2,0.4,0.15,0.5,1085,3.4554140127388533,34.476003917727716,387.0,0.3566820276497696,1.5784753363228698,23.0,20,1.9110831386548857,0.9375469406280209,False,True
EXTREME_OPEN,5,FIB_618,4.0,0.0,0.3,0.15,0.5,1985,6.321656050955414,27.203260315843096,707.0,0.3561712846347607,1.4947515745276416,20.0,17,2.4103865463227265,1.1559011928415728,False,True
EXTREME_OPEN,3,FIB_705,4.0,1.2,0.3,0.0,0.25,1112,3.5414012738853504,27.141568981064022,396.0,0.35611510791366907,1.49009900990099,31.0,17,2.492908550949276,1.2639313710320168,False,True
LAST_OPPOSING,5,FIB_618,4.0,0.0,0.4,0.0,0.5,1909,6.079617834394904,27.200424178154826,679.0,0.35568360398114196,1.4945375091041515,31.0,19,2.419508122732425,1.1662532461276807,False,True
LAST_OPPOSING,8,FIB_705,3.0,1.2,0.3,0.15,0.25,1069,3.4044585987261144,33.92857142857143,380.0,0.35547240411599623,1.5405405405405406,20.0,11,2.152662727314427,1.1627889633816988,False,True
EXTREME_OPEN,3,FIB_618,4.0,0.0,0.3,0.15,0.5,1919,6.111464968152866,27.186512118018967,682.0,0.35539343408025015,1.4934876989869754,19.0,17,2.4115683008929065,1.1588734361527109,False,True
EXTREME_OPEN,8,FIB_705,2.5,1.5,0.0,0.05,0.5,1015,3.232484076433121,38.7192118226601,360.5,0.35517241379310344,1.5795819935691318,14.0,13,1.974192631981598,1.0969333830424328,False,True
EXTREME_OPEN,3,FIB_618,4.0,0.0,0.4,0.0,0.5,1911,6.085987261146497,27.167019027484145,678.0,0.35478806907378335,1.4920174165457185,23.0,20,2.4267169784833267,1.1751889262661726,False,True
EXTREME_OPEN,5,FIB_618,4.0,0.0,0.4,0.0,0.5,1959,6.238853503184713,27.164948453608247,695.0,0.3547728432873915,1.491861288039632,22.0,21,2.424408008212902,1.1722641961109324,False,True
EXTREME_OPEN,5,FIB_618,4.0,1.2,0.4,0.0,0.25,977,3.111464968152866,27.178423236514522,346.0,0.3541453428863869,1.4928774928774928,28.0,19,2.4037742411333034,1.1589814900256086,False,True
EXTREME_OPEN,3,CISD,4.0,1.2,0.0,0.05,0.25,1963,6.251592356687898,27.76536312849162,695.0,0.3540499235863474,1.537509667440062,28.0,21,2.2071360574218817,1.0072969219357042,False,True
LAST_OPPOSING,3,CISD,4.0,1.2,0.4,0.15,0.5,1062,3.3821656050955413,27.800829875518673,376.0,0.3540489642184557,1.5402298850574712,21.0,21,2.236512992501256,0.9906939826868797,False,True
LAST_OPPOSING,5,CISD,4.0,1.2,0.4,0.0,0.5,1184,3.770700636942675,27.788104089219328,419.0,0.35388513513513514,1.5392535392535394,20.0,17,2.22514381822573,0.9927895077893542,False,True
LAST_OPPOSING,3,FIB_705,3.0,1.2,0.3,0.15,0.5,978,3.1146496815286624,33.880903490759756,346.0,0.3537832310838446,1.5372670807453417,20.0,11,2.143923452876252,1.1368313699329213,False,True
EXTREME_OPEN,3,CISD,4.0,1.2,0.0,0.0,0.25,2023,6.442675159235669,27.75067750677507,715.0,0.35343549184379636,1.536384096024006,28.0,22,2.196386397822834,1.0114699860820269,False,True
EXTREME_OPEN,5,FIB_618,4.0,0.0,0.3,0.05,0.5,2459,7.8312101910828025,27.134646962233166,869.0,0.35339568930459536,1.4895774647887323,27.0,20,2.4115231124102183,1.1657889031883073,False,True
LAST_OPPOSING,5,FIB_705,3.0,1.2,0.3,0.15,0.5,1047,3.3343949044585988,33.87715930902112,370.0,0.3533906399235912,1.537010159651669,18.0,11,2.1338395572235638,1.1346413828387127,False,True
LAST_OPPOSING,8,CISD,4.0,1.2,0.4,0.15,0.25,1138,3.624203821656051,27.783155856727976,402.0,0.3532513181019332,1.5388739946380696,24.0,23,2.2335344638614987,1.0038010976641714,False,True
EXTREME_OPEN,8,CISD,3.0,1.2,0.4,0.05,0.5,1207,3.843949044585987,34.39153439153439,426.0,0.35294117647058826,1.5725806451612903,26.0,17,1.9090467141364067,0.9373649457366114,False,True
EXTREME_OPEN,5,FIB_618,4.0,1.2,0.4,0.05,0.25,967,3.0796178343949046,27.148846960167717,341.0,0.35263702171664946,1.4906474820143885,23.0,19,2.4047678989848467,1.1582968762045351,False,True
LAST_OPPOSING,8,FIB_705,2.5,1.5,0.0,0.0,0.5,1065,3.3917197452229297,38.66415804327376,375.5,0.35258215962441314,1.575920245398773,15.0,11,1.9442965993630317,1.080597693652125,False,True
LAST_OPPOSING,5,CISD,4.0,1.2,0.4,0.05,0.5,1169,3.7229299363057327,27.7516462841016,412.0,0.35243798118049613,1.5364583333333333,20.0,17,2.2245267733208887,0.9938151866246631,False,True
EXTREME_OPEN,3,FIB_618,4.0,0.0,0.3,0.05,0.5,2387,7.601910828025478,27.10359408033827,840.0,0.3519061583577713,1.4872389791183294,25.0,20,2.4129432831045348,1.1680827609604738,False,True
EXTREME_OPEN,5,FIB_618,2.5,1.5,0.0,0.0,0.25,1138,3.624203821656051,38.658428949691086,400.0,0.351493848857645,1.5755395683453237,23.0,15,1.8857970248675617,1.0315048243979688,False,True
LAST_OPPOSING,8,FIB_618,4.0,0.0,0.3,0.05,0.5,2422,7.713375796178344,27.109440267335007,851.0,0.3513625103220479,1.4876790830945559,31.0,18,2.399086757656729,1.1606708608878384,False,True
LAST_OPPOSING,8,FIB_618,3.0,1.5,0.0,0.15,0.5,1063,3.3853503184713376,33.87250237868697,373.0,0.3508936970837253,1.5366906474820143,25.0,16,2.0201559834069154,1.0526761824502024,False,True
EXTREME_OPEN,3,CISD,4.0,0.0,0.3,0.15,0.5,2168,6.904458598726115,27.524752475247528,760.0,0.3505535055350554,1.5191256830601092,25.0,19,2.2186212315673153,1.0117457042873321,False,True
EXTREME_OPEN,8,CISD,3.0,1.2,0.4,0.0,0.5,1224,3.8980891719745223,34.31798436142485,429.0,0.35049019607843135,1.5674603174603174,30.0,17,1.9059213486478463,0.9385444224169444,False,True
EXTREME_OPEN,5,CISD,3.0,1.2,0.4,0.05,0.5,1190,3.789808917197452,34.316353887399465,417.0,0.35042016806722687,1.5673469387755101,25.0,16,1.9041475627908506,0.9397092148554135,False,True
EXTREME_OPEN,5,FIB_705,4.0,1.2,0.3,0.05,0.25,1140,3.6305732484076434,27.024647887323944,399.0,0.35,1.4813027744270204,29.0,17,2.4859453314949898,1.258266429787569,False,True
LAST_OPPOSING,3,FIB_618,2.5,1.5,0.0,0.05,0.5,1032,3.286624203821656,38.63414634146341,361.0,0.3498062015503876,1.573926868044515,21.0,20,1.8702129476714016,1.0059908057760318,False,True
EXTREME_OPEN,8,CISD,4.0,1.2,0.0,0.15,0.5,1885,6.003184713375796,27.77122641509434,659.0,0.3496021220159151,1.5379591836734694,28.0,18,2.2005768918289004,0.984491986844908,False,True
EXTREME_OPEN,8,FIB_618,4.0,0.0,0.4,0.0,0.5,1974,6.286624203821656,27.058823529411764,690.0,0.3495440729483283,1.4838709677419355,22.0,21,2.4189189974261196,1.1726967407472917,False,True
EXTREME_OPEN,8,FIB_618,4.0,0.0,0.3,0.05,0.5,2481,7.901273885350318,27.054515866558177,867.0,0.34945586457073763,1.483547127718907,28.0,20,2.4062130273179214,1.1662218237305968,False,True
EXTREME_OPEN,8,FIB_618,4.0,1.2,0.4,0.0,0.25,988,3.1464968152866244,27.076923076923077,345.0,0.3491902834008097,1.4852320675105486,29.0,20,2.394440470896852,1.1585778592916656,False,True
LAST_OPPOSING,8,FIB_705,2.5,1.5,0.0,0.05,0.5,1042,3.3184713375796178,38.55769230769231,363.5,0.34884836852207296,1.5688575899843507,13.0,11,1.9439763826665721,1.081303391592837,False,True
LAST_OPPOSING,8,FIB_618,2.5,1.5,0.0,0.0,0.25,1190,3.789808917197452,38.61134631668078,415.0,0.3487394957983193,1.5724137931034483,24.0,14,1.867626581350617,1.0195300137553172,False,True
EXTREME_OPEN,8,CISD,3.0,1.2,0.0,0.0,0.5,2229,7.098726114649682,34.344894026974956,776.0,0.348138178555406,1.5693323550990461,27.0,14,1.909531915457072,0.9396984692024972,False,True
EXTREME_OPEN,5,CISD,3.0,1.2,0.4,0.0,0.5,1207,3.843949044585987,34.24295774647887,420.0,0.347970173985087,1.5622489959839359,29.0,16,1.9010471802016848,0.9408722860084439,False,True
EXTREME_OPEN,3,FIB_618,2.5,1.5,0.0,0.05,0.25,1058,3.3694267515923566,38.55650522317189,368.0,0.34782608695652173,1.5687789799072642,21.0,15,1.8878649946399766,1.033376307464421,False,True
EXTREME_OPEN,8,FIB_618,4.0,1.2,0.4,0.05,0.25,978,3.1146496815286624,27.04663212435233,340.0,0.3476482617586912,1.4829545454545454,24.0,20,2.39532751531411,1.1578968185224248,False,True
EXTREME_OPEN,8,FIB_618,2.5,1.5,0.0,0.0,0.25,1157,3.6847133757961785,38.54166666666667,402.0,0.3474503025064823,1.5677966101694916,23.0,16,1.8807072775488138,1.0308398492512933,False,True
LAST_OPPOSING,8,FIB_618,4.0,0.0,0.4,0.0,0.5,1933,6.156050955414012,27.029858564693555,671.0,0.347128815312985,1.481694185211773,32.0,19,2.409909017016443,1.166337322939862,False,True
EXTREME_OPEN,3,CISD,4.0,1.2,0.0,0.05,0.5,1959,6.238853503184713,27.61904761904762,680.0,0.34711587544665645,1.5263157894736843,28.0,21,2.1842559284064897,0.9966728497198328,False,True
LAST_OPPOSING,8,FIB_705,3.0,1.2,0.3,0.05,0.5,1153,3.671974522292994,33.710801393728225,400.0,0.3469210754553339,1.5256241787122207,19.0,13,2.1336920982229763,1.136206365294526,False,True
LAST_OPPOSING,5,CISD,4.0,1.2,0.4,0.15,0.5,1116,3.554140127388535,27.64067127344521,387.0,0.3467741935483871,1.5279672578444747,23.0,22,2.217713177164955,0.9908699445702577,False,True
LAST_OPPOSING,8,FIB_618,4.0,0.0,0.3,0.15,0.5,1984,6.318471337579618,27.031170158405722,688.0,0.3467741935483871,1.4817927170868348,24.0,21,2.3890354610483535,1.152257174235381,False,True
EXTREME_OPEN,5,FIB_618,3.0,1.5,0.0,0.15,0.5,990,3.1528662420382165,33.74108053007136,343.0,0.3464646464646465,1.5276923076923077,27.0,15,2.0451972199961426,1.0645945697020252,False,True
EXTREME_OPEN,8,CISD,3.0,1.2,0.4,0.15,0.5,1150,3.662420382165605,34.23005565862709,398.0,0.34608695652173915,1.5613540197461213,28.0,20,1.9023421467157688,0.9332838397935017,False,True
EXTREME_OPEN,3,FIB_618,4.0,1.2,0.4,0.0,0.5,942,3.0,27.018299246501616,326.0,0.346072186836518,1.480825958702065,25.0,17,2.3842336992081377,1.1454791781469955,False,True
EXTREME_OPEN,5,CISD,4.0,0.0,0.3,0.15,0.5,2238,7.127388535031847,27.43873137914464,774.0,0.34584450402144773,1.5125827814569537,24.0,17,2.2133493398795534,1.0092351624129048,False,True
LAST_OPPOSING,5,FIB_618,2.5,1.5,0.0,0.0,0.5,1164,3.7070063694267517,38.52813852813853,402.5,0.34579037800687284,1.5669014084507042,22.0,21,1.856125947867003,1.0055924300835568,False,True
LAST_OPPOSING,3,FIB_618,3.0,1.5,0.0,0.05,0.25,1024,3.261146496815287,33.72781065088758,354.0,0.345703125,1.5267857142857142,27.0,20,2.0522956472698546,1.0783651662849318,False,True
LAST_OPPOSING,8,FIB_618,3.0,1.2,0.3,0.15,0.5,1204,3.8343949044585988,33.7248322147651,416.0,0.34551495016611294,1.5265822784810126,18.0,15,2.041310943693871,1.066311313319592,False,True
LAST_OPPOSING,8,CISD,4.0,1.2,0.4,0.0,0.5,1204,3.8343949044585988,27.605118829981716,416.0,0.34551495016611294,1.5252525252525253,22.0,18,2.221116484390434,0.9939352484907265,False,True
EXTREME_OPEN,8,FIB_618,4.0,0.0,0.3,0.15,0.5,2006,6.388535031847134,26.965725806451612,691.0,0.3444666001994018,1.47688060731539,19.0,18,2.3989123976446654,1.1580671330193613,False,True
LAST_OPPOSING,8,CISD,4.0,1.2,0.4,0.05,0.5,1189,3.786624203821656,27.567067530064755,409.0,0.343986543313709,1.5223499361430395,22.0,18,2.2204590113027227,0.9949581287842476,False,True
LAST_OPPOSING,5,FIB_618,3.0,1.5,0.0,0.0,0.25,1152,3.6687898089171975,33.68421052631579,396.0,0.34375,1.5238095238095237,26.0,21,2.0339685582796827,1.0784832935948812,False,True
EXTREME_OPEN,8,FIB_618,3.0,1.5,0.0,0.15,0.5,1010,3.21656050955414,33.666333666333664,347.0,0.3435643564356436,1.5225903614457832,27.0,12,2.0366062951931108,1.0644366287448581,False,True
EXTREME_OPEN,5,FIB_705,4.0,1.2,0.3,0.0,0.25,1157,3.6847133757961785,26.886383347788378,397.0,0.34312878133102853,1.4709371293001186,31.0,17,2.481869702108621,1.2612507369074986,False,True
EXTREME_OPEN,3,CISD,4.0,1.2,0.0,0.0,0.5,2019,6.429936305732484,27.529923830250276,692.0,0.34274393263992076,1.5195195195195195,28.0,22,2.173167062707541,1.0004198572306684,False,True
EXTREME_OPEN,5,CISD,3.0,1.2,0.4,0.15,0.5,1134,3.611464968152866,34.116541353383454,388.0,0.3421516754850088,1.5534950071326676,27.0,19,1.8973660267302577,0.9358162589939071,False,True
EXTREME_OPEN,8,CISD,4.0,0.0,0.3,0.15,0.5,2258,7.191082802547771,27.363896848137536,771.0,0.34145261293179807,1.5069033530571991,24.0,17,2.2105507293761475,1.0079150866693585,False,True
LAST_OPPOSING,8,FIB_705,3.0,1.2,0.3,0.0,0.5,1167,3.71656050955414,33.56282271944922,398.0,0.34104541559554413,1.5155440414507773,21.0,13,2.132968521311804,1.1391677092058117,False,True
LAST_OPPOSING,8,FIB_618,2.5,1.5,0.0,0.05,0.5,1166,3.713375796178344,38.37510803802939,397.0,0.3404802744425386,1.5568022440392706,22.0,16,1.844888816581764,1.0049679865655268,False,True
EXTREME_OPEN,3,FIB_705,4.0,1.2,0.3,0.15,0.25,1006,3.2038216560509554,26.819541375872387,342.0,0.3399602385685885,1.465940054495913,27.0,15,2.479995963711392,1.2656333307629217,False,True
EXTREME_OPEN,5,FIB_618,2.5,1.5,0.0,0.05,0.5,1114,3.5477707006369426,38.322813345356174,378.5,0.3397666068222621,1.5533625730994152,20.0,15,1.8645489653467056,1.0193582210527627,False,True
LAST_OPPOSING,3,FIB_618,2.5,1.5,0.0,0.0,0.5,1053,3.3535031847133756,38.33652007648183,357.5,0.3395061728395062,1.554263565891473,22.0,21,1.8699727897749814,1.0103691177711742,False,True
EXTREME_OPEN,5,CISD,4.0,1.5,0.0,0.15,0.25,1223,3.894904458598726,27.64976958525346,415.0,0.339329517579722,1.5286624203821657,31.0,30,2.1568708920067037,0.9823507736439796,False,True
EXTREME_OPEN,5,CISD,4.0,1.2,0.0,0.0,0.25,2112,6.726114649681529,27.48171368861024,716.0,0.3390151515151515,1.515850144092219,32.0,22,2.185667032903004,1.0084371442497158,False,True
EXTREME_OPEN,8,FIB_705,4.0,1.2,0.3,0.05,0.25,1157,3.6847133757961785,26.799653078924546,392.0,0.3388072601555748,1.4644549763033174,28.0,17,2.47342195797307,1.2609426549062068,False,True
EXTREME_OPEN,5,FIB_618,4.0,1.2,0.4,0.0,0.5,977,3.111464968152866,26.86721991701245,331.0,0.33879222108495394,1.4695035460992907,28.0,19,2.374308514931902,1.1435759190211159,False,True
EXTREME_OPEN,3,CISD,4.0,1.5,0.0,0.15,0.5,1153,3.671974522292994,27.57281553398058,390.0,0.3382480485689506,1.522788203753351,28.0,28,2.1427040540757094,0.9765731047152436,False,True
EXTREME_OPEN,8,FIB_618,4.0,0.0,0.4,0.05,0.5,1896,6.038216560509555,26.82277807344332,641.0,0.3380801687763713,1.4661818181818183,23.0,23,2.4129974873679996,1.1685630534492615,False,True
LAST_OPPOSING,8,CISD,4.0,1.2,0.4,0.15,0.5,1136,3.6178343949044587,27.449078564500486,384.0,0.3380281690140845,1.5133689839572193,24.0,23,2.213575591675095,0.992118063468879,False,True
EXTREME_OPEN,5,CISD,4.0,1.2,0.0,0.05,0.25,2054,6.54140127388535,27.458355722729717,694.0,0.33787731256085685,1.5140740740740741,27.0,21,2.194982016125204,1.0045098552106801,False,True
EXTREME_OPEN,3,CISD,4.0,1.2,0.4,0.0,0.25,1138,3.624203821656051,27.413127413127413,384.0,0.3374340949033392,1.5106382978723405,29.0,21,2.185161260509486,1.0093492081638882,False,True
EXTREME_OPEN,3,FIB_618,2.5,1.5,0.0,0.0,0.25,1082,3.445859872611465,38.254410399257196,365.0,0.33733826247689463,1.5488721804511278,24.0,15,1.8850865249502218,1.0376756767603454,False,True
EXTREME_OPEN,5,FIB_618,4.0,1.2,0.4,0.05,0.5,967,3.0796178343949046,26.834381551362686,326.0,0.33712512926577043,1.4670487106017192,23.0,19,2.3741415899441525,1.1430683149172134,False,True
LAST_OPPOSING,5,FIB_618,4.0,1.2,0.4,0.0,0.25,976,3.1082802547770703,26.84703433922997,329.0,0.33709016393442626,1.4679943100995732,33.0,22,2.3939827751938343,1.1570574595498087,False,True
LAST_OPPOSING,8,FIB_618,3.0,1.5,0.0,0.05,0.25,1155,3.678343949044586,33.50831146106737,389.0,0.3367965367965368,1.5118421052631579,23.0,16,2.0219242199932266,1.0782777925264557,False,True
LAST_OPPOSING,5,FIB_618,3.0,1.5,0.0,0.05,0.5,1129,3.5955414012738856,33.51254480286738,380.0,0.3365810451727192,1.5121293800539084,25.0,20,2.01353114304618,1.0622574201734678,False,True
EXTREME_OPEN,3,FIB_618,4.0,1.2,0.3,0.05,0.25,1219,3.8821656050955413,26.833333333333332,410.0,0.3363412633305988,1.4669703872437359,28.0,18,2.3926823711878558,1.162665331801029,False,True
EXTREME_OPEN,8,FIB_618,2.5,1.5,0.0,0.05,0.5,1133,3.6082802547770703,38.20921985815603,380.5,0.3358340688437776,1.5459110473457676,20.0,16,1.859185001142283,1.0192166067066368,False,True
LAST_OPPOSING,3,FIB_618,3.0,1.5,0.0,0.0,0.25,1044,3.3248407643312103,33.46228239845261,350.0,0.33524904214559387,1.5087209302325582,28.0,21,2.050849695984053,1.0830635191386666,False,True
EXTREME_OPEN,3,FIB_618,4.0,1.2,0.3,0.0,0.25,1235,3.93312101910828,26.80921052631579,414.0,0.33522267206477735,1.4651685393258427,28.0,18,2.3918384389766736,1.1621155574786155,False,True
EXTREME_OPEN,5,FIB_618,3.0,1.5,0.0,0.05,0.25,1104,3.515923566878981,33.42465753424658,369.0,0.3342391304347826,1.5061728395061729,22.0,15,2.041181773917639,1.0895111182305262,False,True
EXTREME_OPEN,3,CISD,4.0,1.2,0.4,0.05,0.25,1122,3.573248407643312,27.35294117647059,375.0,0.3342245989304813,1.5060728744939271,27.0,21,2.1882328278298897,1.00923069183743,False,True
LAST_OPPOSING,5,FIB_618,4.0,1.2,0.4,0.05,0.25,967,3.0796178343949046,26.785714285714285,323.0,0.3340227507755946,1.4634146341463414,33.0,22,2.3942554413697406,1.1572284471072936,False,True
EXTREME_OPEN,8,FIB_618,4.0,1.2,0.4,0.0,0.5,988,3.1464968152866244,26.769230769230766,330.0,0.3340080971659919,1.4621848739495797,29.0,20,2.3649815648612154,1.143545563992211,False,True
EXTREME_OPEN,8,FIB_618,3.0,1.5,0.0,0.05,0.25,1123,3.5764331210191083,33.39317773788151,374.0,0.3330365093499555,1.5040431266846361,22.0,16,2.0348116868035895,1.0879244189243824,False,True
LAST_OPPOSING,8,FIB_705,3.0,1.2,0.3,0.15,0.5,1069,3.4044585987261144,33.36466165413533,356.0,0.333021515434986,1.5021156558533146,20.0,11,2.121416994910493,1.1420926668452598,False,True
EXTREME_OPEN,8,CISD,4.0,1.2,0.4,0.0,0.25,1199,3.8184713375796178,27.348066298342545,399.0,0.3327773144286906,1.505703422053232,34.0,19,2.1803595825419224,1.0025760602863452,False,True
EXTREME_OPEN,3,FIB_618,4.0,1.2,0.3,0.15,0.25,1124,3.5796178343949046,26.763110307414106,374.0,0.33274021352313166,1.4617283950617284,25.0,16,2.393942350760059,1.161653010801201,False,True
EXTREME_OPEN,5,FIB_705,3.0,1.5,0.0,0.05,0.25,993,3.162420382165605,33.33333333333333,330.0,0.3323262839879154,1.5,22.0,15,2.154459518129266,1.1734326921703053,False,True
EXTREME_OPEN,8,FIB_618,4.0,1.2,0.4,0.05,0.5,978,3.1146496815286624,26.735751295336783,325.0,0.3323108384458078,1.4596888260254597,24.0,20,2.364721149765243,1.1430433587583024,False,True
EXTREME_OPEN,8,FIB_705,4.0,1.2,0.3,0.0,0.25,1174,3.738853503184713,26.666666666666668,390.0,0.3321976149914821,1.4545454545454546,28.0,17,2.469586688935459,1.2638449952049648,False,True
LAST_OPPOSING,8,FIB_705,3.0,1.5,0.0,0.15,0.25,949,3.022292993630573,33.33333333333333,315.0,0.33192834562697576,1.5,28.0,18,2.107639947085772,1.1468575432377526,False,True
EXTREME_OPEN,5,CISD,4.0,1.2,0.0,0.05,0.5,2049,6.525477707006369,27.331536388140158,680.0,0.33186920448999513,1.5044510385756678,27.0,19,2.173731074997261,0.993824831675229,False,True
LAST_OPPOSING,5,FIB_705,3.0,1.5,0.0,0.05,0.25,1011,3.2197452229299364,33.30019880715705,334.0,0.3303659742828882,1.4977645305514158,26.0,13,2.1277845661789523,1.155237847103714,False,True
EXTREME_OPEN,5,FIB_618,2.5,1.5,0.0,0.0,0.5,1138,3.624203821656051,38.0406001765225,375.5,0.3299648506151142,1.5349002849002849,23.0,16,1.86181774596402,1.0233421804633949,False,True
EXTREME_OPEN,5,FIB_705,3.0,1.5,0.0,0.0,0.25,1016,3.2356687898089174,33.267522211253706,335.0,0.3297244094488189,1.4955621301775148,25.0,15,2.1515783501878007,1.174280102236494,False,True
EXTREME_OPEN,8,CISD,4.0,1.2,0.4,0.05,0.25,1183,3.767515923566879,27.289719626168225,390.0,0.32967032967032966,1.5012853470437018,29.0,17,2.183207825725365,1.0023720487188668,False,True
LAST_OPPOSING,5,CISD,4.0,1.5,0.3,0.0,0.25,989,3.1496815286624202,27.37556561085973,326.0,0.32962588473205257,1.5077881619937694,24.0,24,2.1872994756417,0.990835523627684,False,True
EXTREME_OPEN,3,FIB_705,3.0,1.5,0.0,0.05,0.25,947,3.015923566878981,33.26271186440678,312.0,0.32946145723336856,1.4952380952380953,24.0,15,2.1629782983976944,1.1756500968675445,False,True
EXTREME_OPEN,5,CISD,4.0,1.2,0.0,0.0,0.5,2107,6.710191082802548,27.28226652675761,694.0,0.3293782629330802,1.5007215007215007,32.0,19,2.164050458764041,0.9973563000479787,False,True
EXTREME_OPEN,8,FIB_705,3.0,1.5,0.0,0.05,0.25,1008,3.210191082802548,33.233830845771145,331.0,0.32837301587301587,1.4932935916542474,22.0,16,2.147567021516864,1.1731778079481185,False,True
LAST_OPPOSING,3,FIB_618,4.0,1.2,0.3,0.0,0.25,1200,3.821656050955414,26.672311600338695,394.0,0.3283333333333333,1.4549653579676673,24.0,20,2.3867093569281814,1.1585049821469426,False,True
LAST_OPPOSING,8,FIB_618,2.5,1.5,0.0,0.0,0.5,1190,3.789808917197452,38.01862828111769,390.5,0.3281512605042017,1.5334699453551912,24.0,17,1.844159736967215,1.0103034861027727,False,True
LAST_OPPOSING,5,FIB_705,3.0,1.5,0.0,0.0,0.25,1034,3.2929936305732483,33.23615160349854,339.0,0.327852998065764,1.4934497816593886,28.0,13,2.1270820812912037,1.1577409809315824,False,True
EXTREME_OPEN,5,FIB_705,4.0,1.2,0.3,0.15,0.25,1050,3.343949044585987,26.577437858508606,344.0,0.32761904761904764,1.4479166666666667,25.0,15,2.469753813518695,1.262464840295298,False,True
EXTREME_OPEN,3,CISD,4.0,1.2,0.4,0.15,0.25,1069,3.4044585987261144,27.216494845360824,350.0,0.3274087932647334,1.4957507082152974,27.0,19,2.183163682035824,1.0048695215922203,False,True
EXTREME_OPEN,3,FIB_705,3.0,1.5,0.0,0.0,0.25,970,3.089171974522293,33.195449844881075,317.0,0.3268041237113402,1.4907120743034055,27.0,15,2.1597585060526407,1.1764851157533294,False,True
EXTREME_OPEN,3,CISD,3.0,1.5,0.3,0.05,0.25,943,3.0031847133757963,33.789954337899545,308.0,0.3266171792152704,1.5310344827586206,23.0,19,1.854564924431175,0.9371067024267613,False,True
LAST_OPPOSING,5,CISD,4.0,1.5,0.3,0.05,0.25,980,3.121019108280255,27.314285714285713,320.0,0.32653061224489793,1.5031446540880504,24.0,24,2.1874880124708667,0.98912583724069,False,True
EXTREME_OPEN,8,FIB_618,2.5,1.5,0.0,0.0,0.5,1157,3.6847133757961785,37.93402777777778,377.5,0.3262748487467589,1.527972027972028,23.0,16,1.856609899572197,1.0231380799595373,False,True
LAST_OPPOSING,3,FIB_618,4.0,1.2,0.3,0.05,0.25,1187,3.7802547770700636,26.62671232876712,387.0,0.32603201347935973,1.4515752625437572,24.0,20,2.3866543395334956,1.1582172267337631,False,True
EXTREME_OPEN,5,FIB_618,4.0,1.2,0.3,0.15,0.25,1172,3.732484076433121,26.62619254119688,382.0,0.32593856655290104,1.4515366430260048,21.0,16,2.3856109569383994,1.1613051383960298,False,True
EXTREME_OPEN,8,FIB_705,3.0,1.5,0.0,0.0,0.25,1031,3.28343949044586,33.17120622568093,336.0,0.3258971871968962,1.4890829694323144,25.0,16,2.1448815324708472,1.1740185751298429,False,True
LAST_OPPOSING,3,FIB_618,4.0,1.2,0.3,0.15,0.25,1100,3.5031847133757963,26.617375231053604,358.0,0.32545454545454544,1.45088161209068,22.0,21,2.386298110565172,1.1565311666320561,False,True
EXTREME_OPEN,3,FIB_618,3.0,1.5,0.0,0.05,0.25,1051,3.3471337579617835,33.20537428023032,342.0,0.32540437678401524,1.4913793103448276,23.0,15,2.042980689453715,1.0921889686513475,False,True
EXTREME_OPEN,3,FIB_618,4.0,1.2,0.3,0.05,0.5,1218,3.878980891719745,26.605504587155966,396.0,0.3251231527093596,1.45,28.0,21,2.3615255519457508,1.1456436118105062,False,True
EXTREME_OPEN,5,CISD,4.0,1.2,0.4,0.0,0.25,1185,3.7738853503184715,27.162790697674417,385.0,0.32489451476793246,1.491698595146871,33.0,19,2.1732007727361,1.0064271141523127,False,True
LAST_OPPOSING,3,FIB_705,4.0,1.2,0.3,0.05,0.25,1053,3.3535031847133756,26.52671755725191,342.0,0.3247863247863248,1.4441558441558442,26.0,19,2.4689465815259406,1.2569598590700055,False,True
EXTREME_OPEN,3,FIB_618,2.5,1.5,0.0,0.05,0.5,1058,3.3694267515923566,37.89173789173789,343.5,0.32466918714555765,1.525229357798165,21.0,15,1.8643685408526762,1.0261940940616094,False,True
LAST_OPPOSING,8,FIB_618,3.0,1.5,0.0,0.0,0.25,1178,3.751592356687898,33.19039451114923,382.0,0.3242784380305603,1.490372272143774,25.0,17,2.0198045488942644,1.0837902337316565,False,True
LAST_OPPOSING,3,FIB_705,4.0,1.2,0.3,0.0,0.25,1065,3.3917197452229297,26.50943396226415,345.0,0.323943661971831,1.4428754813863929,27.0,19,2.4686683038189576,1.2580093553709262,False,True
LAST_OPPOSING,5,FIB_618,3.0,1.5,0.0,0.0,0.5,1152,3.6687898089171975,33.187006145741876,373.0,0.3237847222222222,1.4901445466491459,26.0,21,2.011399320120937,1.0677768589099175,False,True
EXTREME_OPEN,8,CISD,4.0,1.2,0.0,0.05,0.25,2088,6.649681528662421,27.176220806794056,676.0,0.32375478927203066,1.4927113702623906,31.0,24,2.1915478206285326,1.003078281862752,False,True
EXTREME_OPEN,8,CISD,4.0,1.2,0.0,0.0,0.25,2145,6.8312101910828025,27.16942148760331,694.0,0.32354312354312353,1.4921985815602836,33.0,25,2.1815493625817592,1.0074062674390283,False,True
LAST_OPPOSING,3,FIB_618,3.0,1.5,0.0,0.05,0.5,1024,3.261146496815287,33.16880552813426,331.0,0.3232421875,1.4889217134416544,27.0,20,2.0253967621912414,1.0680469125774597,False,True
LAST_OPPOSING,8,FIB_618,4.0,1.2,0.4,0.0,0.25,994,3.1656050955414012,26.557711950970376,321.0,0.32293762575452717,1.4464534075104312,34.0,23,2.378971421643574,1.1590628602729087,False,True
EXTREME_OPEN,3,CISD,4.0,1.2,0.4,0.05,0.5,1121,3.570063694267516,27.085377821393525,361.0,0.3220338983050847,1.4858681022880216,27.0,21,2.1726206702066353,0.9986937331173324,False,True
LAST_OPPOSING,5,FIB_705,4.0,1.5,0.0,0.05,0.25,1000,3.1847133757961785,26.48539778449144,322.0,0.322,1.441095890410959,25.0,20,2.4036078912407257,1.2395213403893008,False,True
EXTREME_OPEN,5,CISD,4.0,1.2,0.4,0.05,0.25,1169,3.7229299363057327,27.101038715769594,376.0,0.32164242942686055,1.4870466321243523,28.0,16,2.175985144617297,1.0062733683674785,False,True
EXTREME_OPEN,5,FIB_618,3.0,1.5,0.0,0.0,0.25,1127,3.589171974522293,33.09481216457961,362.0,0.321206743566992,1.4839572192513368,25.0,16,2.0368079577617935,1.0944825109274252,False,True
EXTREME_OPEN,8,CISD,4.0,1.2,0.4,0.15,0.25,1128,3.5923566878980893,27.111984282907663,362.0,0.32092198581560283,1.4878706199460916,32.0,22,2.177682025352535,0.9986256334083842,False,True
EXTREME_OPEN,8,FIB_618,3.0,1.5,0.0,0.0,0.25,1146,3.6496815286624202,33.06948109058927,367.0,0.32024432809773123,1.4822601839684626,25.0,16,2.030638232349824,1.0928452336307055,False,True
EXTREME_OPEN,8,CISD,3.0,1.5,0.3,0.15,0.25,962,3.0636942675159236,33.671171171171174,308.0,0.3201663201663202,1.5229202037351444,27.0,20,1.8408672887197226,0.9295659330326698,False,True
LAST_OPPOSING,8,FIB_705,3.0,1.5,0.0,0.05,0.25,1037,3.3025477707006368,33.042635658914726,332.0,0.3201542912246866,1.4804630969609263,25.0,13,2.113174179555146,1.158789766556173,False,True
EXTREME_OPEN,3,FIB_618,4.0,1.2,0.3,0.0,0.5,1234,3.929936305732484,26.502057613168724,395.0,0.320097244732577,1.4423292273236281,28.0,18,2.357554402100775,1.148192484261495,False,True
LAST_OPPOSING,8,FIB_618,4.0,1.2,0.4,0.05,0.25,985,3.1369426751592355,26.494845360824744,315.0,0.3197969543147208,1.4417952314165499,34.0,23,2.379101945511745,1.1592490466430565,False,True
EXTREME_OPEN,3,CISD,3.0,1.5,0.3,0.0,0.25,954,3.038216560509554,33.59639233370913,305.0,0.319706498951782,1.5178268251273344,23.0,19,1.8495902584911967,0.9406084238461512,False,True
LAST_OPPOSING,5,FIB_705,4.0,1.2,0.3,0.05,0.25,1123,3.5764331210191083,26.433691756272403,359.0,0.3196794300979519,1.4372716199756395,26.0,19,2.4535716053920407,1.253798191035571,False,True
EXTREME_OPEN,5,CISD,4.0,1.5,0.0,0.15,0.5,1221,3.888535031847134,27.22222222222222,390.0,0.3194103194103194,1.4961832061068703,31.0,30,2.1359138104023976,0.9729035154466409,False,True
EXTREME_OPEN,3,FIB_618,4.0,1.2,0.3,0.15,0.5,1124,3.5796178343949046,26.491862567811935,359.0,0.3193950177935943,1.4415744157441575,25.0,17,2.3611880529600646,1.1456103148179269,False,True
EXTREME_OPEN,8,CISD,4.0,1.2,0.0,0.05,0.5,2081,6.627388535031847,27.078891257995735,664.0,0.31907736665064873,1.4853801169590644,27.0,19,2.1721523750683898,0.9917900227090829,False,True
EXTREME_OPEN,5,CISD,2.5,1.5,0.3,0.15,0.25,956,3.0445859872611467,38.26473859844272,305.0,0.3190376569037657,1.5495495495495495,16.0,11,1.690908242699629,0.8900338340195632,False,True
EXTREME_OPEN,3,CISD,2.5,1.5,0.3,0.05,0.25,950,3.0254777070063694,38.19599109131403,302.5,0.31842105263157894,1.545045045045045,15.0,10,1.6886726086256476,0.8993376984584726,False,True
EXTREME_OPEN,3,CISD,4.0,1.2,0.4,0.0,0.5,1137,3.621019108280255,27.008712487899324,362.0,0.31838170624450307,1.4801061007957559,29.0,21,2.1694164459562355,0.9988188155354228,False,True
EXTREME_OPEN,5,CISD,3.0,1.5,0.3,0.15,0.25,946,3.0127388535031847,33.6,301.0,0.3181818181818182,1.5180722891566265,27.0,20,1.845524294334278,0.932174305331879,False,True
EXTREME_OPEN,8,CISD,4.0,1.2,0.4,0.05,0.5,1182,3.7643312101910826,27.034611786716557,376.0,0.31810490693739424,1.4820512820512821,29.0,17,2.1675759324899704,0.9921181939343425,False,True
LAST_OPPOSING,8,FIB_705,3.0,1.5,0.0,0.0,0.25,1060,3.375796178343949,32.98578199052133,337.0,0.3179245283018868,1.4766619519094766,27.0,13,2.1128059432517645,1.161154432811465,False,True
LAST_OPPOSING,8,FIB_618,3.0,1.5,0.0,0.05,0.5,1155,3.678343949044586,33.012259194395796,366.0,0.3168831168831169,1.4784313725490197,23.0,16,1.9987779752570984,1.0675547322704788,False,True
LAST_OPPOSING,5,FIB_618,4.0,1.2,0.3,0.15,0.25,1174,3.738853503184713,26.452732003469208,372.0,0.31686541737649065,1.4386792452830188,23.0,20,2.364268030549927,1.1594176759575479,False,True
EXTREME_OPEN,8,FIB_705,4.0,1.2,0.3,0.15,0.25,1067,3.3980891719745223,26.340545625587957,337.0,0.3158388003748828,1.4303959131545338,26.0,15,2.456432082160435,1.2652999101018891,False,True
EXTREME_OPEN,8,CISD,2.5,1.5,0.3,0.15,0.25,974,3.1019108280254777,38.183807439824946,307.5,0.3157084188911704,1.5442477876106195,16.0,11,1.687760203536465,0.8888537297285514,False,True
LAST_OPPOSING,5,FIB_705,4.0,1.2,0.3,0.0,0.25,1138,3.624203821656051,26.348364279398762,359.0,0.3154657293497364,1.4309723889555823,27.0,19,2.4528224063401662,1.2562065766337858,False,True
EXTREME_OPEN,8,FIB_618,4.0,1.2,0.3,0.15,0.25,1189,3.786624203821656,26.410256410256412,375.0,0.3153910849453322,1.4355400696864111,19.0,16,2.370880853491665,1.1631149193501618,False,True
EXTREME_OPEN,8,CISD,4.0,1.2,0.0,0.0,0.5,2138,6.808917197452229,26.99896157840083,674.0,0.31524789522918617,1.4793741109530583,32.0,20,2.161737653475412,0.9957443335172368,False,True
EXTREME_OPEN,8,CISD,3.0,1.5,0.3,0.05,0.25,1009,3.213375796178344,33.51177730192719,318.0,0.3151635282457879,1.5120772946859904,25.0,20,1.8416409356353882,0.9380177296181603,False,True
EXTREME_OPEN,3,FIB_618,2.5,1.5,0.0,0.0,0.5,1082,3.445859872611465,37.60445682451253,340.5,0.31469500924214416,1.5066964285714286,24.0,16,1.8614999664814753,1.0302326198075304,False,True
EXTREME_OPEN,8,CISD,4.0,1.2,0.4,0.0,0.5,1198,3.8152866242038215,26.96214219759926,377.0,0.31469115191986646,1.4766118836915296,34.0,19,2.164602237023161,0.9923247276040392,False,True
EXTREME_OPEN,3,CISD,4.0,1.2,0.4,0.15,0.5,1068,3.4012738853503186,26.93498452012384,336.0,0.3146067415730337,1.4745762711864407,27.0,19,2.1673183805367944,0.9946654955348413,False,True
EXTREME_OPEN,3,FIB_705,4.0,1.2,0.3,0.05,0.5,1094,3.484076433121019,26.306141154903756,344.0,0.31444241316270566,1.427860696517413,29.0,18,2.450139138611767,1.2456654199358497,False,True
EXTREME_OPEN,5,CISD,2.5,1.5,0.3,0.05,0.25,1003,3.194267515923567,38.095238095238095,315.0,0.3140578265204387,1.5384615384615385,16.0,10,1.6873100506802088,0.8973283318030101,False,True
LAST_OPPOSING,5,FIB_618,4.0,1.5,0.0,0.15,0.25,1033,3.289808917197452,26.409495548961427,324.0,0.31364956437560504,1.435483870967742,31.0,30,2.3375143793360307,1.1423815102228183,False,True
EXTREME_OPEN,5,FIB_618,3.0,1.5,0.0,0.05,0.5,1104,3.515923566878981,32.90676416819013,346.0,0.3134057971014493,1.4713896457765667,22.0,15,2.017972077573922,1.0787999403047488,False,True
EXTREME_OPEN,8,CISD,4.0,1.5,0.0,0.15,0.25,1251,3.984076433121019,27.107887579329105,392.0,0.3133493205435651,1.4875621890547264,31.0,30,2.136840447671473,0.9811242778359353,False,True
LAST_OPPOSING,3,FIB_618,3.0,1.5,0.0,0.0,0.5,1044,3.3248407643312103,32.91384317521781,327.0,0.3132183908045977,1.4718614718614718,28.0,21,2.0243999037773293,1.0725460209702915,False,True
EXTREME_OPEN,5,CISD,3.0,1.5,0.3,0.05,0.25,993,3.162420382165605,33.441910966340934,311.0,0.31319234642497484,1.5073409461663947,25.0,20,1.8460899846404435,0.9406388262348975,False,True
EXTREME_OPEN,5,FIB_618,4.0,1.2,0.3,0.15,0.5,1172,3.732484076433121,26.366001734605376,367.0,0.31313993174061433,1.4322732626619552,22.0,17,2.353080851789096,1.1443432374933729,False,True
EXTREME_OPEN,8,FIB_618,3.0,1.5,0.0,0.05,0.5,1123,3.5764331210191083,32.88409703504043,351.0,0.31255565449688333,1.4698795180722892,22.0,16,2.01174320820706,1.077728872167586,False,True
LAST_OPPOSING,8,CISD,4.0,1.5,0.3,0.0,0.25,1008,3.210191082802548,27.0,315.0,0.3125,1.4794520547945205,24.0,24,2.1790086533509982,0.9949714767596045,False,True
EXTREME_OPEN,3,FIB_618,3.0,1.5,0.0,0.0,0.25,1074,3.4203821656050954,32.863849765258216,335.0,0.31191806331471134,1.4685314685314685,26.0,16,2.038352508946296,1.0973483438931784,False,True
LAST_OPPOSING,5,FIB_705,4.0,1.5,0.0,0.0,0.25,1023,3.2579617834394905,26.279527559055115,319.0,0.3118279569892473,1.4259012016021362,27.0,21,2.4012879760538777,1.244946585286824,False,True
LAST_OPPOSING,5,FIB_618,4.0,1.2,0.4,0.0,0.5,976,3.1082802547770703,26.326742976066598,304.0,0.3114754098360656,1.4293785310734464,33.0,22,2.3623921185024304,1.1416752186785022,False,True
EXTREME_OPEN,5,CISD,4.0,1.2,0.4,0.15,0.25,1115,3.550955414012739,26.884920634920633,347.0,0.3112107623318386,1.4708276797829036,31.0,21,2.1700972915986707,1.0027628670382802,False,True
EXTREME_OPEN,8,CISD,2.5,1.5,0.3,0.05,0.25,1021,3.251592356687898,38.02083333333333,317.5,0.3109696376101861,1.5336134453781514,16.0,12,1.6843703614651528,0.8960739512549715,False,True
EXTREME_OPEN,3,CISD,2.5,1.5,0.3,0.0,0.25,961,3.0605095541401273,37.95379537953795,298.5,0.3106139438085328,1.5292553191489362,15.0,10,1.6835179253100712,0.9032462325664318,False,True
EXTREME_OPEN,8,CISD,3.0,1.5,0.3,0.0,0.25,1019,3.245222929936306,33.36864406779661,316.0,0.310107948969578,1.5023847376788553,25.0,20,1.8377850687835466,0.9412049238636473,False,True
EXTREME_OPEN,5,CISD,4.0,1.2,0.4,0.05,0.5,1168,3.7197452229299364,26.84310018903592,362.0,0.3099315068493151,1.4677002583979328,28.0,16,2.1604100708785112,0.9957472397250338,False,True
LAST_OPPOSING,8,CISD,4.0,1.5,0.3,0.05,0.25,999,3.1815286624203822,26.936026936026934,309.0,0.30930930930930933,1.4746543778801844,24.0,24,2.179118912301916,0.9933315677695477,False,True
EXTREME_OPEN,8,CISD,4.0,1.2,0.4,0.15,0.5,1127,3.589171974522293,26.843657817109147,348.0,0.3087843833185448,1.467741935483871,32.0,22,2.1614902109207836,0.9886998868717337,False,True
LAST_OPPOSING,8,CISD,4.0,1.5,0.3,0.15,0.25,959,3.054140127388535,26.93208430913349,296.0,0.3086548488008342,1.4743589743589745,27.0,27,2.179465229362416,0.9893681079333136,False,True
LAST_OPPOSING,5,FIB_618,4.0,1.2,0.4,0.05,0.5,967,3.0796178343949046,26.260504201680675,298.0,0.3081695966907963,1.4245014245014245,33.0,22,2.3613840795837127,1.1419912557885734,False,True
EXTREME_OPEN,5,CISD,3.0,1.5,0.3,0.0,0.25,1003,3.194267515923567,33.297529538131045,309.0,0.30807577268195413,1.497584541062802,25.0,20,1.8421282510292,0.9438507304921094,False,True
EXTREME_OPEN,5,CISD,2.5,1.5,0.3,0.0,0.25,1013,3.2261146496815285,37.90575916230367,312.0,0.3079960513326752,1.5261382799325465,16.0,10,1.6829482991443099,0.900936076042203,False,True
LAST_OPPOSING,5,FIB_705,3.0,1.5,0.0,0.05,0.5,1010,3.21656050955414,32.7363184079602,311.0,0.3079207920792079,1.4600591715976332,30.0,13,2.1075475488905484,1.1388923641157727,False,True
EXTREME_OPEN,5,FIB_705,4.0,1.2,0.3,0.05,0.5,1139,3.627388535031847,26.16740088105727,350.0,0.30728709394205445,1.4176610978520285,29.0,17,2.4394067224684863,1.2413540715685172,False,True
EXTREME_OPEN,3,CISD,3.0,1.5,0.3,0.05,0.5,942,3.0,33.25714285714286,289.0,0.3067940552016985,1.49486301369863,23.0,19,1.8370733893266893,0.9336121139303357,False,True
EXTREME_OPEN,5,CISD,4.0,1.2,0.4,0.0,0.5,1184,3.770700636942675,26.77238805970149,363.0,0.30658783783783783,1.462420382165605,33.0,19,2.157498049439782,0.9959071743564912,False,True
LAST_OPPOSING,8,FIB_786,4.0,1.5,0.0,0.0,0.5,943,3.0031847133757963,26.142401700318814,289.0,0.3064687168610817,1.4158273381294963,25.0,19,2.5118606752992276,1.3559194468094808,False,True
LAST_OPPOSING,3,FIB_618,4.0,1.2,0.3,0.05,0.5,1186,3.7770700636942673,26.221079691516707,363.0,0.306070826306914,1.421602787456446,24.0,20,2.3544582283006688,1.1413620690361492,False,True
LAST_OPPOSING,5,FIB_705,3.0,1.5,0.0,0.0,0.5,1033,3.289808917197452,32.68482490272373,316.0,0.3059051306873185,1.4566473988439306,32.0,13,2.1067144926797376,1.141234778810315,False,True
LAST_OPPOSING,3,FIB_618,4.0,1.2,0.3,0.0,0.5,1198,3.8152866242038215,26.208651399491096,366.0,0.3055091819699499,1.4206896551724137,24.0,20,2.3535796017411124,1.142101473472039,False,True
EXTREME_OPEN,8,CISD,2.5,1.5,0.3,0.0,0.25,1031,3.28343949044586,37.83505154639175,314.5,0.30504364694471386,1.521558872305141,16.0,12,1.6801132737699882,0.8996308753284757,False,True
LAST_OPPOSING,8,FIB_618,3.0,1.5,0.0,0.0,0.5,1178,3.751592356687898,32.7038626609442,359.0,0.30475382003395585,1.4579081632653061,25.0,17,1.9969812544160699,1.0728489217833472,False,True
EXTREME_OPEN,3,FIB_705,4.0,1.2,0.3,0.0,0.5,1110,3.535031847133758,26.106594399277327,338.0,0.3045045045045045,1.41320293398533,31.0,18,2.444246542251138,1.249435848632062,False,True
EXTREME_OPEN,5,CISD,2.5,1.5,0.3,0.15,0.5,956,3.0445859872611467,37.81979977753059,291.0,0.3043933054393305,1.520572450805009,16.0,11,1.677898091838268,0.887541585245257,False,True
EXTREME_OPEN,5,FIB_705,3.0,1.5,0.0,0.05,0.5,990,3.1528662420382165,32.62411347517731,301.0,0.30404040404040406,1.4526315789473685,26.0,15,2.1250401906663168,1.1585019210118848,False,True
LAST_OPPOSING,5,FIB_618,4.0,1.5,0.0,0.15,0.5,1033,3.289808917197452,26.211671612265086,314.0,0.30396902226524686,1.420911528150134,31.0,30,2.3081633778114203,1.1269023213682645,False,True
EXTREME_OPEN,3,CISD,2.5,1.5,0.3,0.05,0.5,950,3.0254777070063694,37.750556792873056,288.5,0.3036842105263158,1.5161001788908766,15.0,10,1.6771745799882034,0.8975828144102506,False,True
EXTREME_OPEN,3,FIB_618,3.0,1.5,0.0,0.05,0.5,1051,3.3471337579617835,32.660902977905856,319.0,0.30352045670789723,1.4550641940085591,23.0,15,2.0178047298607433,1.0821642868183718,False,True
EXTREME_OPEN,8,FIB_618,4.0,1.2,0.3,0.15,0.5,1189,3.786624203821656,26.153846153846157,360.0,0.3027754415475189,1.4166666666666667,24.0,19,2.3385021681691907,1.146472329964958,False,True
LAST_OPPOSING,3,FIB_618,4.0,1.2,0.3,0.15,0.5,1100,3.5031847133757963,26.155268022181144,333.0,0.30272727272727273,1.4167709637046308,22.0,21,2.3530796605120496,1.1405383288666884,False,True
EXTREME_OPEN,5,FIB_705,3.0,1.5,0.0,0.0,0.5,1013,3.2261146496815285,32.57425742574257,306.0,0.3020730503455084,1.449339207048458,29.0,15,2.1222283622383267,1.1591592760251979,False,True
EXTREME_OPEN,8,CISD,2.5,1.5,0.3,0.15,0.5,974,3.1019108280254777,37.74617067833698,293.5,0.3013347022587269,1.515817223198594,16.0,11,1.674733294348227,0.8865843996688736,False,True
LAST_OPPOSING,8,FIB_618,4.0,1.2,0.3,0.15,0.25,1196,3.8089171974522293,26.127659574468087,360.0,0.3010033444816054,1.4147465437788018,20.0,20,2.346512433176699,1.1638819192506027,False,True
EXTREME_OPEN,5,FIB_618,3.0,1.5,0.0,0.0,0.5,1127,3.589171974522293,32.58728737690242,339.0,0.3007985803016859,1.450199203187251,25.0,16,2.0143558039828586,1.083535390601124,False,True
EXTREME_OPEN,8,CISD,3.0,1.5,0.3,0.15,0.5,961,3.0605095541401273,33.14543404735062,289.0,0.3007284079084287,1.4873524451939293,27.0,20,1.824759127403713,0.9263662696981989,False,True
EXTREME_OPEN,8,FIB_618,3.0,1.5,0.0,0.0,0.5,1146,3.6496815286624202,32.57042253521127,344.0,0.30017452006980805,1.4490861618798956,25.0,16,2.0083119024987792,1.0824073076398104,False,True
EXTREME_OPEN,3,CISD,3.0,1.5,0.3,0.0,0.5,953,3.035031847133758,33.06997742663657,286.0,0.3001049317943337,1.4822934232715008,23.0,19,1.8322292425175393,0.9369815713206563,False,True
EXTREME_OPEN,5,FIB_705,4.0,1.5,0.0,0.05,0.25,980,3.121019108280255,26.024590163934423,294.0,0.3,1.407202216066482,21.0,18,2.412282837726721,1.2651327851761505,False,True
EXTREME_OPEN,3,FIB_705,3.0,1.5,0.0,0.05,0.5,944,3.0063694267515926,32.51859723698193,283.0,0.2997881355932203,1.4456692913385827,28.0,15,2.135271044431939,1.161698502777217,False,True
LAST_OPPOSING,8,FIB_705,3.0,1.5,0.0,0.15,0.5,948,3.0191082802547773,32.521186440677965,284.0,0.29957805907172996,1.445839874411303,35.0,18,2.088532605625311,1.1333104899096824,False,True
LAST_OPPOSING,5,CISD,4.0,1.5,0.3,0.05,0.5,979,3.1178343949044587,26.72018348623853,293.0,0.2992849846782431,1.458528951486698,24.0,24,2.169921145556937,0.9826775769353356,False,True
EXTREME_OPEN,5,CISD,4.0,1.2,0.4,0.15,0.5,1114,3.5477707006369426,26.613704071499505,333.0,0.2989228007181329,1.4506089309878214,31.0,21,2.1539381221913714,0.9925481050588894,False,True
LAST_OPPOSING,8,FIB_705,4.0,1.2,0.3,0.05,0.25,1145,3.6464968152866244,26.01054481546573,342.0,0.2986899563318777,1.4061757719714965,26.0,19,2.4378728428223027,1.2598945614627513,False,True
LAST_OPPOSING,5,CISD,4.0,1.5,0.3,0.0,0.5,988,3.1464968152866244,26.704545454545453,295.0,0.298582995951417,1.4573643410852712,24.0,24,2.169544559337414,0.9843389441180882,False,True
EXTREME_OPEN,5,CISD,3.0,1.5,0.3,0.15,0.5,945,3.0095541401273884,33.066361556064074,282.0,0.2984126984126984,1.4820512820512821,27.0,20,1.8293629766882746,0.928723002434799,False,True
LAST_OPPOSING,8,FIB_705,4.0,1.5,0.0,0.05,0.25,1026,3.267515923566879,26.005888125613346,306.0,0.2982456140350877,1.4058355437665782,28.0,17,2.384073410908892,1.2446009115588228,False,True
EXTREME_OPEN,5,FIB_705,4.0,1.2,0.3,0.0,0.5,1155,3.678343949044586,25.977410947002603,344.0,0.29783549783549784,1.403755868544601,31.0,17,2.4338923819472695,1.245037324751784,False,True
EXTREME_OPEN,3,FIB_705,3.0,1.5,0.0,0.0,0.5,967,3.0796178343949046,32.468879668049794,288.0,0.29782833505687695,1.4423963133640554,31.0,15,2.1320821180263927,1.162311097656104,False,True
LAST_OPPOSING,8,FIB_618,4.0,1.2,0.4,0.0,0.5,994,3.1656050955414012,26.046986721144023,296.0,0.2977867203219316,1.408839779005525,34.0,23,2.3474080125130867,1.143772429542922,False,True
EXTREME_OPEN,8,FIB_705,4.0,1.2,0.3,0.05,0.5,1156,3.6815286624203822,25.95486111111111,343.0,0.2967128027681661,1.4021101992966003,28.0,17,2.4270361189763183,1.2437763052122417,False,True
EXTREME_OPEN,8,CISD,3.0,1.5,0.3,0.05,0.5,1008,3.210191082802548,33.01178992497321,299.0,0.29662698412698413,1.4784,25.0,20,1.824639365540638,0.9340926159219131,False,True
EXTREME_OPEN,5,CISD,2.5,1.5,0.3,0.05,0.5,1003,3.194267515923567,37.56613756613756,297.5,0.2966101694915254,1.5042372881355932,16.0,10,1.6759733487636963,0.8964842635205102,False,True
EXTREME_OPEN,8,FIB_705,3.0,1.5,0.0,0.05,0.5,1005,3.200636942675159,32.43512974051897,298.0,0.2965174129353234,1.4401772525849335,26.0,16,2.1190546389796507,1.15904581849939,False,True
EXTREME_OPEN,3,CISD,2.5,1.5,0.3,0.0,0.5,961,3.0605095541401273,37.51375137513752,284.5,0.29604578563995837,1.5008802816901408,15.0,10,1.6720363364297655,0.9013366283412564,False,True
LAST_OPPOSING,5,FIB_618,4.0,1.2,0.3,0.15,0.5,1174,3.738853503184713,26.019080659150045,347.0,0.29557069846678025,1.4067995310668229,23.0,20,2.331545320046481,1.1423396437257949,False,True
EXTREME_OPEN,8,FIB_705,4.0,1.5,0.0,0.05,0.25,995,3.1687898089171975,25.93340060544904,294.0,0.29547738693467335,1.4005449591280654,20.0,18,2.404938483619846,1.2642664125624672,False,True
LAST_OPPOSING,3,FIB_705,4.0,1.2,0.3,0.15,0.25,973,3.0987261146496814,25.929752066115704,287.0,0.2949640287769784,1.400278940027894,27.0,21,2.4506564670950337,1.2633119297822148,False,True
EXTREME_OPEN,8,CISD,4.0,1.5,0.0,0.15,0.5,1248,3.9745222929936306,26.709206927985413,368.0,0.2948717948717949,1.4577114427860696,31.0,30,2.1175831972293477,0.9710466902371702,False,True
LAST_OPPOSING,8,FIB_705,4.0,1.2,0.3,0.0,0.25,1160,3.694267515923567,25.932350390286206,342.0,0.29482758620689653,1.4004683840749415,28.0,19,2.4373408539580903,1.2621784384061654,False,True
EXTREME_OPEN,8,FIB_705,3.0,1.5,0.0,0.0,0.5,1028,3.2738853503184715,32.390243902439025,303.0,0.29474708171206226,1.4372294372294372,29.0,16,2.1164177571617913,1.1596814128440138,False,True
LAST_OPPOSING,8,FIB_618,4.0,1.2,0.4,0.05,0.5,985,3.1369426751592355,25.979381443298973,290.0,0.29441624365482233,1.4038997214484679,34.0,23,2.346281483997042,1.1441018536883214,False,True
EXTREME_OPEN,5,CISD,3.0,1.5,0.3,0.05,0.5,992,3.159235668789809,32.93478260869565,292.0,0.29435483870967744,1.473257698541329,25.0,20,1.8290231572584825,0.9364623074296416,False,True
LAST_OPPOSING,5,FIB_705,4.0,1.2,0.3,0.15,0.25,1041,3.3152866242038215,25.918762088974855,306.0,0.29394812680115273,1.3994778067885119,26.0,21,2.4386520230836934,1.2592994104227366,False,True
EXTREME_OPEN,8,CISD,2.5,1.5,0.3,0.05,0.5,1021,3.251592356687898,37.5,300.0,0.2938295788442703,1.5,16.0,12,1.6729881701349425,0.895413482952095,False,True
EXTREME_OPEN,5,FIB_618,4.0,1.5,0.0,0.15,0.25,986,3.140127388535032,25.98343685300207,289.0,0.29310344827586204,1.4041958041958043,31.0,17,2.3389552057399876,1.1598237852296092,False,True
EXTREME_OPEN,8,CISD,3.0,1.5,0.3,0.0,0.5,1018,3.2420382165605095,32.87380699893955,297.0,0.2917485265225933,1.4691943127962086,25.0,20,1.8208877734169322,0.9371590902051387,False,True
EXTREME_OPEN,3,FIB_705,4.0,1.2,0.3,0.15,0.5,1005,3.200636942675159,25.848303393213573,293.0,0.2915422885572139,1.3943472409152087,27.0,16,2.4326114411868502,1.2511040386947951,False,True
EXTREME_OPEN,5,CISD,2.5,1.5,0.3,0.0,0.5,1013,3.2261146496815285,37.382198952879584,294.5,0.290720631786772,1.4924749163879598,16.0,10,1.6716172503753193,0.8999371305929067,False,True
LAST_OPPOSING,8,FIB_705,3.0,1.5,0.0,0.05,0.5,1036,3.299363057324841,32.29873908826382,301.0,0.2905405405405405,1.4312320916905443,33.0,13,2.0921424161160918,1.1438798504006287,False,True
EXTREME_OPEN,3,FIB_618,3.0,1.5,0.0,0.0,0.5,1074,3.4203821656050954,32.33082706766917,312.0,0.2905027932960894,1.4333333333333333,26.0,16,2.01401358336193,1.0870613748204212,False,True
EXTREME_OPEN,5,FIB_705,4.0,1.5,0.0,0.0,0.25,1003,3.194267515923567,25.825825825825827,291.0,0.2901296111665005,1.3927125506072875,22.0,19,2.408562620673661,1.2692685370106047,False,True
EXTREME_OPEN,5,CISD,3.0,1.5,0.3,0.0,0.5,1002,3.1910828025477707,32.795698924731184,290.0,0.2894211576846307,1.464,25.0,20,1.8251679090557769,0.9395540977542386,False,True
LAST_OPPOSING,8,FIB_705,3.0,1.5,0.0,0.0,0.5,1059,3.372611464968153,32.25806451612903,306.0,0.28895184135977336,1.4285714285714286,35.0,13,2.091664390609052,1.1460564341540853,False,True
LAST_OPPOSING,8,FIB_705,4.0,1.5,0.0,0.0,0.25,1049,3.340764331210191,25.815738963531672,303.0,0.2888465204957102,1.391979301423027,30.0,17,2.3822393020542565,1.2497803161281908,False,True
LAST_OPPOSING,8,FIB_618,4.0,1.5,0.0,0.15,0.25,1057,3.3662420382165603,25.893719806763283,305.0,0.28855250709555347,1.3976531942633637,32.0,31,2.3174933805310918,1.1471033050198838,False,True
EXTREME_OPEN,8,CISD,2.5,1.5,0.3,0.0,0.5,1031,3.28343949044586,37.31958762886598,297.0,0.2880698351115422,1.488486842105263,16.0,12,1.6687370781066801,0.8988164530297106,False,True
EXTREME_OPEN,8,FIB_705,4.0,1.2,0.3,0.0,0.5,1172,3.732484076433121,25.77054794520548,337.0,0.28754266211604096,1.3886966551326414,28.0,17,2.421770646582009,1.2473730643320147,False,True
EXTREME_OPEN,3,FIB_705,4.0,1.5,0.0,0.0,0.25,959,3.054140127388535,25.759162303664922,275.0,0.2867570385818561,1.38787023977433,22.0,19,2.4155281175943326,1.2709019830920232,False,True
EXTREME_OPEN,5,FIB_705,4.0,1.2,0.3,0.15,0.5,1049,3.340764331210191,25.74162679425837,300.0,0.2859866539561487,1.3865979381443299,25.0,15,2.4231080046413345,1.2461761832786824,False,True
EXTREME_OPEN,8,FIB_705,4.0,1.5,0.0,0.0,0.25,1018,3.2420382165605095,25.7396449704142,291.0,0.28585461689587427,1.3864541832669324,20.0,18,2.4014390164688035,1.2683607992619486,False,True
LAST_OPPOSING,8,CISD,4.0,1.5,0.3,0.05,0.5,997,3.1751592356687897,26.38105975197294,283.0,0.283851554663992,1.433384379785605,24.0,24,2.163067209663399,0.9857904854666661,False,True
EXTREME_OPEN,8,FIB_618,4.0,1.5,0.0,0.15,0.25,1005,3.200636942675159,25.78680203045685,285.0,0.2835820895522388,1.3898768809849522,31.0,17,2.3316755146985857,1.1596199458060825,False,True
LAST_OPPOSING,8,CISD,4.0,1.5,0.3,0.0,0.5,1006,3.2038216560509554,26.368715083798882,285.0,0.28330019880715707,1.43247344461305,24.0,24,2.1627586790850226,0.9873942773153518,False,True
LAST_OPPOSING,8,CISD,4.0,1.5,0.3,0.15,0.5,957,3.0477707006369426,26.35294117647059,270.0,0.28213166144200624,1.4313099041533546,27.0,27,2.162907173968515,0.9821736564973559,False,True
LAST_OPPOSING,5,FIB_618,4.0,1.5,0.0,0.05,0.25,1115,3.550955414012739,25.73260073260073,313.0,0.2807174887892377,1.3859432799013562,32.0,31,2.307551468365442,1.1567985815662565,False,True
LAST_OPPOSING,8,FIB_618,4.0,1.2,0.3,0.15,0.5,1196,3.8089171974522293,25.70212765957447,335.0,0.2801003344481605,1.3837342497136311,23.0,20,2.313852705730931,1.1467501320696412,False,True
LAST_OPPOSING,8,FIB_618,4.0,1.5,0.0,0.15,0.5,1057,3.3662420382165603,25.70048309178744,295.0,0.27909176915799433,1.3836150845253576,32.0,31,2.2879732086172155,1.1315273312892118,False,True
LAST_OPPOSING,5,FIB_705,4.0,1.2,0.3,0.05,0.5,1122,3.573248407643312,25.56053811659193,310.0,0.27629233511586454,1.3734939759036144,26.0,19,2.405213801965596,1.236755282354019,False,True
EXTREME_OPEN,8,FIB_705,4.0,1.2,0.3,0.15,0.5,1066,3.394904458598726,25.51789077212806,293.0,0.274859287054409,1.370417193426043,26.0,15,2.4099529019829053,1.2487260202327848,False,True
EXTREME_OPEN,5,FIB_618,4.0,1.5,0.0,0.15,0.5,985,3.1369426751592355,25.59585492227979,270.0,0.27411167512690354,1.3760445682451254,31.0,17,2.309075173611003,1.146150001498795,False,True
LAST_OPPOSING,3,FIB_705,4.0,1.2,0.3,0.05,0.5,1052,3.3503184713375798,25.501432664756447,288.0,0.2737642585551331,1.3692307692307693,26.0,21,2.419271981019184,1.2419845183684022,False,True
LAST_OPPOSING,8,FIB_705,4.0,1.2,0.3,0.15,0.25,1063,3.3853503184713376,25.47348484848485,289.0,0.2718720602069614,1.3672172808132148,27.0,21,2.4220510331198497,1.265752201873916,False,True
LAST_OPPOSING,5,FIB_618,4.0,1.5,0.0,0.05,0.5,1115,3.550955414012739,25.549450549450547,303.0,0.2717488789237668,1.3726937269372694,32.0,31,2.2799391126409083,1.140586184905062,False,True
EXTREME_OPEN,5,FIB_618,4.0,1.5,0.0,0.05,0.25,1091,3.4745222929936306,25.514018691588785,295.0,0.27039413382218147,1.370138017565872,27.0,20,2.3075887641772463,1.1715031393829975,False,True
LAST_OPPOSING,3,FIB_705,4.0,1.2,0.3,0.0,0.5,1063,3.3853503184713376,25.42533081285444,287.0,0.2699905926622766,1.3637515842839036,27.0,21,2.4169329770352763,1.243629498819716,False,True
LAST_OPPOSING,5,FIB_705,4.0,1.2,0.3,0.0,0.5,1136,3.6178343949044587,25.4207263064659,306.0,0.26936619718309857,1.3634204275534443,27.0,19,2.4024982377653923,1.2396744065525793,False,True
LAST_OPPOSING,5,FIB_618,4.0,1.5,0.0,0.0,0.25,1139,3.627388535031847,25.47085201793722,305.0,0.2677787532923617,1.3670276774969916,33.0,32,2.3016902207772296,1.1611649010664902,False,True
EXTREME_OPEN,8,FIB_618,4.0,1.5,0.0,0.15,0.5,1004,3.1974522292993632,25.406504065040654,266.0,0.2649402390438247,1.3623978201634876,31.0,17,2.301645650124376,1.1465725269174754,False,True
LAST_OPPOSING,3,FIB_618,4.0,1.5,0.0,0.05,0.25,1012,3.2229299363057327,25.403225806451612,268.0,0.2648221343873518,1.3621621621621622,30.0,29,2.320605855368979,1.1652309313165423,False,True
EXTREME_OPEN,8,FIB_618,4.0,1.5,0.0,0.05,0.25,1109,3.531847133757962,25.36764705882353,292.0,0.26330027051397653,1.3596059113300492,29.0,21,2.3028107035786123,1.170506676086258,False,True
LAST_OPPOSING,5,FIB_705,4.0,1.5,0.0,0.05,0.5,1000,3.1847133757961785,25.27693856998993,262.0,0.262,1.353099730458221,25.0,20,2.3681532256230367,1.2322380091484224,False,True
LAST_OPPOSING,5,FIB_618,4.0,1.5,0.0,0.0,0.5,1139,3.627388535031847,25.291479820627806,295.0,0.2589991220368745,1.3541416566626652,33.0,32,2.2748539944167323,1.1448463923372834,False,True
EXTREME_OPEN,5,FIB_618,4.0,1.5,0.0,0.0,0.25,1115,3.550955414012739,25.251601097895698,287.0,0.25739910313901343,1.3512851897184823,28.0,20,2.3018633397512676,1.1751272547839176,False,True
LAST_OPPOSING,8,FIB_618,4.0,1.5,0.0,0.05,0.25,1140,3.6305732484076434,25.246195165622204,293.0,0.25701754385964914,1.3508982035928143,33.0,32,2.2897450152213934,1.161007100978947,False,True
LAST_OPPOSING,8,FIB_705,4.0,1.2,0.3,0.05,0.5,1144,3.643312101910828,25.15391380826737,293.0,0.2561188811188811,1.3443008225616921,26.0,19,2.3895212085427,1.242509576101215,False,True
EXTREME_OPEN,3,FIB_618,4.0,1.5,0.0,0.05,0.25,1040,3.3121019108280256,25.19607843137255,265.0,0.2548076923076923,1.3473132372214942,27.0,20,2.3043043533112266,1.1749791806565015,False,True
LAST_OPPOSING,3,FIB_618,4.0,1.5,0.0,0.0,0.25,1033,3.289808917197452,25.197628458498023,263.0,0.25459825750242016,1.3474240422721269,31.0,30,2.316251166668884,1.1685657745381024,False,True
EXTREME_OPEN,5,CISD,4.0,1.5,0.3,0.05,0.25,975,3.105095541401274,25.688073394495415,248.0,0.25435897435897437,1.382716049382716,29.0,29,2.0927703597679326,1.0019640677295047,False,True
EXTREME_OPEN,8,CISD,4.0,1.5,0.3,0.15,0.25,942,3.0,25.717703349282296,239.0,0.2537154989384289,1.3848631239935587,32.0,28,2.0929907511318135,0.9907510603534998,False,True
EXTREME_OPEN,5,FIB_618,4.0,1.5,0.0,0.05,0.5,1090,3.4713375796178343,25.16370439663237,276.0,0.25321100917431194,1.345,27.0,20,2.2805966471150763,1.156895852846712,False,True
LAST_OPPOSING,5,FIB_705,4.0,1.5,0.0,0.0,0.5,1023,3.2579617834394905,25.098425196850393,259.0,0.25317693059628543,1.340341655716163,27.0,21,2.366185087888353,1.2371713524436232,False,True
EXTREME_OPEN,5,CISD,4.0,1.5,0.3,0.0,0.25,984,3.1337579617834397,25.652667423382518,249.0,0.2530487804878049,1.380152671755725,29.0,29,2.08844787283137,1.0042710244746267,False,True
LAST_OPPOSING,5,FIB_705,4.0,1.2,0.3,0.15,0.5,1040,3.3121019108280256,25.072604065827687,262.0,0.2519230769230769,1.3385012919896642,27.0,21,2.3896898193607794,1.2425650109333581,False,True
EXTREME_OPEN,8,FIB_618,4.0,1.5,0.0,0.0,0.25,1133,3.6082802547770703,25.112511251125113,284.0,0.2506619593998235,1.3413461538461537,30.0,21,2.2972774513450736,1.1740943228569087,False,True
LAST_OPPOSING,3,FIB_618,4.0,1.5,0.0,0.05,0.5,1012,3.2229299363057327,25.100806451612907,253.0,0.25,1.3405114401076716,30.0,29,2.2922092010643556,1.1495876640014586,False,True
LAST_OPPOSING,8,FIB_705,4.0,1.2,0.3,0.0,0.5,1158,3.6878980891719744,25.021720243266728,289.0,0.24956822107081175,1.3348783314020858,28.0,19,2.387046955845367,1.2453036736634806,False,True
EXTREME_OPEN,8,CISD,4.0,1.5,0.3,0.05,0.25,988,3.1464968152866244,25.597269624573375,246.0,0.24898785425101214,1.3761467889908257,29.0,29,2.0867408114082555,0.9985761959577029,False,True
LAST_OPPOSING,8,FIB_618,4.0,1.5,0.0,0.05,0.5,1140,3.6305732484076434,25.067144136078785,283.0,0.2482456140350877,1.3381123058542412,33.0,32,2.261951167050168,1.1447280751020756,False,True
EXTREME_OPEN,8,CISD,4.0,1.5,0.3,0.0,0.25,997,3.1751592356687897,25.563063063063062,247.0,0.2477432296890672,1.373676248108926,29.0,29,2.082529115109016,1.0008836546168265,False,True
EXTREME_OPEN,8,FIB_618,4.0,1.5,0.0,0.05,0.5,1108,3.5286624203821657,25.0229990800368,273.0,0.2463898916967509,1.3349693251533743,29.0,21,2.2756163094761073,1.1564797504261757,False,True
EXTREME_OPEN,3,FIB_618,4.0,1.5,0.0,0.05,0.5,1040,3.3121019108280256,25.0,255.0,0.24519230769230768,1.3333333333333333,27.0,20,2.2792060808852326,1.1589547921834458,False,True
LAST_OPPOSING,3,FIB_705,4.0,1.2,0.3,0.15,0.5,972,3.0955414012738856,24.922440537745604,238.0,0.2448559670781893,1.3278236914600552,29.0,21,2.4002376632647002,1.2486839708632007,False,True
LAST_OPPOSING,8,FIB_618,4.0,1.5,0.0,0.0,0.25,1164,3.7070063694267517,25.0,285.0,0.24484536082474226,1.3333333333333333,34.0,33,2.2843767968987847,1.1651928685432615,False,True
EXTREME_OPEN,3,FIB_618,4.0,1.5,0.0,0.0,0.25,1064,3.388535031847134,24.928092042186,257.0,0.24154135338345864,1.3282247765006385,28.0,20,2.2983785804031616,1.1786986014097551,False,True
EXTREME_OPEN,5,FIB_618,4.0,1.5,0.0,0.0,0.5,1114,3.5477707006369426,24.90842490842491,268.0,0.24057450628366248,1.326829268292683,28.0,20,2.2751450301943357,1.1603712552362053,False,True
LAST_OPPOSING,3,FIB_618,4.0,1.5,0.0,0.0,0.5,1033,3.289808917197452,24.90118577075099,248.0,0.24007744433688286,1.3263157894736841,31.0,30,2.28872619487192,1.1528333533376416,False,True
LAST_OPPOSING,8,FIB_705,4.0,1.5,0.0,0.05,0.5,1026,3.267515923566879,24.828263002944063,246.0,0.23976608187134502,1.321148825065274,28.0,17,2.3481116963432407,1.236740224235935,False,True
LAST_OPPOSING,8,FIB_618,4.0,1.5,0.0,0.0,0.5,1164,3.7070063694267517,24.82456140350877,275.0,0.23625429553264604,1.3208868144690782,34.0,33,2.2573461507587953,1.1488113834359,False,True
EXTREME_OPEN,8,FIB_618,4.0,1.5,0.0,0.0,0.5,1132,3.605095541401274,24.774774774774773,265.0,0.23409893992932862,1.3173652694610778,30.0,21,2.2703569692407983,1.15990871219295,False,True
EXTREME_OPEN,5,FIB_705,4.0,1.5,0.0,0.05,0.5,980,3.121019108280255,24.692622950819672,229.0,0.2336734693877551,1.3115646258503402,21.0,18,2.3764190713186073,1.2564710511237684,False,True
EXTREME_OPEN,3,FIB_618,4.0,1.5,0.0,0.0,0.5,1064,3.388535031847134,24.73633748801534,247.0,0.23214285714285715,1.3146496815286624,28.0,20,2.2735296451143787,1.1625470701137226,False,True
EXTREME_OPEN,5,CISD,4.0,1.5,0.3,0.05,0.5,974,3.1019108280254777,25.20138089758343,226.0,0.23203285420944558,1.3476923076923077,29.0,29,2.075900420998995,0.9941938977577426,False,True
LAST_OPPOSING,8,FIB_705,4.0,1.5,0.0,0.0,0.5,1049,3.340764331210191,24.664107485604607,243.0,0.23164918970448045,1.3095541401273885,30.0,17,2.3466317633316622,1.2414525781386783,False,True
LAST_OPPOSING,8,FIB_705,4.0,1.2,0.3,0.15,0.5,1062,3.3821656050955413,24.644549763033176,245.0,0.23069679849340866,1.3081761006289307,30.0,21,2.3731071458593784,1.2486432576546826,False,True
EXTREME_OPEN,8,FIB_705,4.0,1.5,0.0,0.05,0.5,995,3.1687898089171975,24.62159434914228,229.0,0.23015075376884422,1.3065595716198126,20.0,18,2.368907249840242,1.2556548534829284,False,True
EXTREME_OPEN,8,CISD,4.0,1.5,0.3,0.05,0.5,986,3.140127388535032,25.142857142857146,225.0,0.2281947261663286,1.3435114503816794,29.0,29,2.071211553093514,0.9898821428236056,False,True
EXTREME_OPEN,5,CISD,4.0,1.5,0.3,0.0,0.5,983,3.1305732484076434,25.085518814139114,223.0,0.2268565615462869,1.339421613394216,29.0,29,2.0714268363142723,0.9964902220758703,False,True
EXTREME_OPEN,5,FIB_705,4.0,1.5,0.0,0.0,0.5,1003,3.194267515923567,24.524524524524523,226.0,0.22532402791625125,1.29973474801061,22.0,19,2.373049874941252,1.260133059407814,False,True
EXTREME_OPEN,8,CISD,4.0,1.5,0.3,0.0,0.5,995,3.1687898089171975,25.028312570781424,222.0,0.22311557788944725,1.3353474320241692,29.0,29,2.0668343330594108,0.9921897735764968,False,True
EXTREME_OPEN,8,FIB_705,4.0,1.5,0.0,0.0,0.5,1018,3.2420382165605095,24.45759368836292,226.0,0.2220039292730845,1.2950391644908616,20.0,18,2.3657574147985083,1.259281343516953,False,True
EXTREME_OPEN,3,FIB_705,4.0,1.5,0.0,0.0,0.5,959,3.054140127388535,24.397905759162303,210.0,0.21897810218978103,1.290858725761773,22.0,19,2.37922399841909,1.2630356020053364,False,True
LAST_OPPOSING,3,FIB_786,2.5,0.0,0.0,0.0,0.25,2939,9.359872611464969,46.05173587474473,1797.5,0.6116025859135761,2.134069400630915,15.5,11,2.3448133161663205,1.1604814836800876,False,False
LAST_OPPOSING,5,FIB_786,2.5,0.0,0.0,0.0,0.25,3099,9.869426751592357,45.997417688831504,1889.5,0.6097128105840594,2.1294082486551105,11.5,11,2.3311057718691783,1.1591705616434722,False,False
LAST_OPPOSING,8,FIB_786,2.5,0.0,0.0,0.0,0.25,3148,10.02547770700637,45.72608833809978,1889.5,0.6002223634053367,2.106264637002342,11.5,11,2.320447269300422,1.1620387537446346,False,False
LAST_OPPOSING,3,FIB_786,2.5,0.0,0.0,0.05,0.25,2702,8.605095541401274,45.7238059977786,1621.5,0.6001110288675056,2.1060709413369714,12.5,10,2.3272830197292005,1.1505634680843977,False,False
EXTREME_OPEN,3,FIB_786,2.5,0.0,0.0,0.0,0.25,3139,9.996815286624203,45.69789674952199,1881.0,0.5992354252946799,2.1038732394366195,15.5,10,2.350972226704716,1.174363095348168,False,False
LAST_OPPOSING,5,FIB_786,2.5,0.0,0.0,0.05,0.25,2856,9.095541401273886,45.67425569176883,1709.0,0.5983893557422969,2.1018697614442297,10.0,10,2.312247534046272,1.1494811461078904,False,False
EXTREME_OPEN,5,FIB_786,2.5,0.0,0.0,0.0,0.25,3232,10.292993630573248,45.62055091303002,1928.0,0.5965346534653465,2.097324985771201,13.0,10,2.345464242937923,1.1731504291935937,False,False
EXTREME_OPEN,8,FIB_786,2.5,0.0,0.0,0.0,0.25,3265,10.398089171974522,45.52696078431372,1937.0,0.5932618683001532,2.0894263217097864,13.0,10,2.3401004907425893,1.173353519415308,False,False
LAST_OPPOSING,8,FIB_786,2.5,0.0,0.0,0.05,0.25,2905,9.251592356687897,45.38567493112948,1709.0,0.5882960413080895,2.0775535939470364,10.0,10,2.3010155504204124,1.1527526951941907,False,False
EXTREME_OPEN,3,FIB_786,2.5,0.0,0.0,0.05,0.25,2868,9.13375796178344,45.378444366934076,1686.5,0.5880404463040446,2.0769476372924647,12.5,10,2.3324644606800526,1.1641678543114242,False,False
LAST_OPPOSING,3,FIB_786,3.0,0.0,0.0,0.0,0.25,2932,9.337579617834395,39.67929034459229,1721.0,0.5869713506139154,1.9734162895927603,15.0,11,2.4795691981026886,1.2510415000490653,False,False
LAST_OPPOSING,5,FIB_786,3.0,0.0,0.0,0.0,0.25,3092,9.847133757961783,39.631187318020054,1809.0,0.5850582147477361,1.9694533762057878,11.0,11,2.4689197083634395,1.2495252124326972,False,False
EXTREME_OPEN,5,FIB_786,3.0,0.0,0.0,0.0,0.25,3224,10.26751592356688,39.62147067949115,1885.0,0.5846774193548387,1.9686536485097637,15.0,12,2.4821014694175614,1.2598751485944284,False,False
EXTREME_OPEN,5,FIB_786,2.5,0.0,0.0,0.05,0.25,2959,9.42356687898089,45.26707234617985,1728.5,0.5841500506928016,2.067634342186535,12.0,10,2.3250517478730837,1.1632533694056018,False,False
LAST_OPPOSING,3,FIB_786,2.5,1.5,0.0,0.15,0.25,743,2.3662420382165603,45.22207267833109,433.0,0.5827725437415882,2.063882063882064,12.5,9,2.2224113556709892,1.105147675916278,False,False
EXTREME_OPEN,3,FIB_786,3.0,0.0,0.0,0.0,0.25,3132,9.97452229299363,39.57202171830087,1825.0,0.5826947637292464,1.964587737843552,15.0,12,2.4867281741296474,1.262150382281,False,False
EXTREME_OPEN,8,FIB_786,3.0,0.0,0.0,0.0,0.25,3257,10.372611464968152,39.55773955773956,1896.0,0.5821307952103162,1.9634146341463414,16.0,12,2.4770105747059876,1.2595646135165777,False,False
LAST_OPPOSING,5,FIB_786,2.5,1.2,0.4,0.05,0.25,766,2.4394904458598727,45.16971279373368,445.0,0.5809399477806788,2.0595238095238093,9.0,8,2.2627481964143317,1.1414848708529717,False,False
LAST_OPPOSING,3,CISD,2.5,0.0,0.0,0.15,0.25,2939,9.359872611464969,45.7263454097784,1707.0,0.580809799251446,2.1062864549578744,14.0,14,1.939040373776425,0.859861697300712,False,False
EXTREME_OPEN,8,FIB_786,2.5,0.0,0.0,0.05,0.25,2992,9.528662420382165,45.16883985289201,1737.5,0.5807152406417112,2.0594512195121952,12.0,10,2.3194237269570994,1.1635841490001544,False,False
LAST_OPPOSING,3,FIB_786,3.0,1.2,0.4,0.05,0.25,725,2.3089171974522293,39.44827586206897,419.0,0.5779310344827586,1.9544419134396356,12.0,9,2.407679503763493,1.2201310148763063,False,False
LAST_OPPOSING,3,FIB_786,2.5,0.0,0.0,0.0,0.5,2934,9.343949044585987,45.07330378452097,1694.0,0.5773687798227676,2.0515207945375544,12.0,11,2.2809543710801212,1.1387845021040939,False,False
LAST_OPPOSING,3,FIB_786,2.5,1.2,0.4,0.05,0.25,726,2.3121019108280256,45.04132231404959,418.5,0.5764462809917356,2.0488721804511276,9.0,8,2.2743356807546826,1.1433893101251267,False,False
LAST_OPPOSING,5,FIB_786,2.5,0.0,0.0,0.0,0.5,3094,9.853503184713375,45.03718073068219,1782.5,0.576115061409179,2.0485294117647057,12.0,11,2.2689749412751334,1.1371948823380338,False,False
LAST_OPPOSING,8,FIB_786,3.0,0.0,0.0,0.0,0.25,3141,10.003184713375797,39.39490445859873,1808.0,0.5756128621458134,1.950078822911193,12.0,11,2.4597791053783844,1.2516673110405274,False,False
LAST_OPPOSING,8,FIB_786,2.5,1.2,0.4,0.05,0.25,780,2.484076433121019,45.0,448.5,0.575,2.0454545454545454,9.0,8,2.2538254606360373,1.1439277952100952,False,False
LAST_OPPOSING,5,FIB_786,3.0,1.5,0.4,0.05,0.25,447,1.4235668789808917,39.37360178970917,257.0,0.5749440715883669,1.948339483394834,8.0,7,2.3683088352385204,1.1853454569854964,False,False
LAST_OPPOSING,3,FIB_786,3.0,0.0,0.0,0.05,0.25,2697,8.589171974522293,39.35459940652819,1548.0,0.5739710789766407,1.9467889908256881,12.0,10,2.4629343646209465,1.2402071974931563,False,False
LAST_OPPOSING,5,FIB_786,3.0,1.2,0.4,0.05,0.25,765,2.4363057324840764,39.34640522875817,439.0,0.5738562091503268,1.9461206896551724,11.0,8,2.402165974773378,1.2199594284440705,False,False
LAST_OPPOSING,5,FIB_786,2.5,1.2,0.4,0.0,0.25,774,2.464968152866242,44.96124031007752,444.0,0.5736434108527132,2.0422535211267605,9.0,9,2.2605133508657334,1.14565922670414,False,False
LAST_OPPOSING,3,FIB_786,3.0,1.5,0.4,0.05,0.25,422,1.3439490445859872,39.33649289099526,242.0,0.5734597156398105,1.9453125,11.0,9,2.363349840448883,1.1908819484798434,False,False
LAST_OPPOSING,5,FIB_786,3.0,1.5,0.4,0.0,0.25,450,1.4331210191082802,39.33333333333333,258.0,0.5733333333333334,1.945054945054945,8.0,7,2.36587672084081,1.18810910930905,False,False
LAST_OPPOSING,3,FIB_786,2.5,1.5,0.0,0.05,0.25,828,2.6369426751592355,44.927536231884055,474.0,0.572463768115942,2.039473684210526,16.5,12,2.2232898749601566,1.114500439706448,False,False
EXTREME_OPEN,5,FIB_786,3.0,0.0,0.0,0.05,0.25,2954,9.40764331210191,39.31594988147646,1691.0,0.5724441435341909,1.9436383928571428,13.0,11,2.4657149868189805,1.2485869380414614,False,False
LAST_OPPOSING,5,FIB_786,2.5,1.2,0.4,0.15,0.25,719,2.289808917197452,44.92350486787204,411.5,0.5723226703755215,2.039141414141414,9.0,8,2.2532173229183945,1.1502865056919997,False,False
LAST_OPPOSING,5,FIB_786,3.0,0.0,0.0,0.05,0.25,2851,9.079617834394904,39.29824561403509,1630.0,0.5717292178183093,1.9421965317919074,10.0,10,2.4511254990913653,1.2391085557109947,False,False
LAST_OPPOSING,3,FIB_786,2.5,1.5,0.3,0.05,0.25,579,1.8439490445859872,44.90500863557859,331.0,0.5716753022452504,2.0376175548589344,14.5,11,2.243077807864081,1.1063815504414445,False,False
EXTREME_OPEN,3,FIB_786,3.0,0.0,0.0,0.05,0.25,2864,9.121019108280255,39.29444638491093,1637.0,0.5715782122905028,1.9418872266973533,13.0,11,2.472199071179576,1.250560911368686,False,False
LAST_OPPOSING,5,CISD,2.5,0.0,0.0,0.15,0.25,3133,9.977707006369426,45.49966909331569,1790.5,0.5714969677625279,2.087128111718276,13.0,13,1.9308555465901347,0.8579448800912811,False,False
EXTREME_OPEN,3,FIB_786,3.0,1.2,0.4,0.05,0.25,741,2.359872611464968,39.27125506072874,423.0,0.5708502024291497,1.94,11.0,10,2.4131217124587385,1.2356122087405974,False,False
LAST_OPPOSING,3,CISD,3.0,0.0,0.0,0.15,0.25,2856,9.095541401273886,39.94126284875183,1628.0,0.5700280112044818,1.9951100244498778,15.0,15,2.118543330984846,0.9154921762019029,False,False
EXTREME_OPEN,8,FIB_786,3.0,0.0,0.0,0.05,0.25,2987,9.512738853503185,39.24983255190891,1702.0,0.5698024774020757,1.938257993384785,14.0,11,2.4603449532904094,1.2483730439000784,False,False
LAST_OPPOSING,3,FIB_786,2.5,1.2,0.3,0.15,0.25,884,2.8152866242038215,44.8471121177803,503.0,0.5690045248868778,2.0328542094455853,10.0,9,2.263602237322141,1.1451003211942452,False,False
LAST_OPPOSING,3,FIB_786,3.0,1.2,0.4,0.0,0.25,732,2.3312101910828025,39.20765027322404,416.0,0.5683060109289617,1.9348314606741572,12.0,9,2.4025496599340546,1.2242463860492472,False,False
LAST_OPPOSING,5,FIB_786,3.0,1.2,0.4,0.0,0.25,773,2.461783439490446,39.19793014230272,439.0,0.5679172056921087,1.9340425531914893,11.0,9,2.398485363283744,1.2233270286615032,False,False
LAST_OPPOSING,8,FIB_786,2.5,1.2,0.4,0.0,0.25,788,2.5095541401273884,44.79695431472081,447.5,0.5678934010152284,2.028735632183908,9.0,9,2.25172090661524,1.1480031861161197,False,False
LAST_OPPOSING,5,CISD,3.0,0.0,0.0,0.15,0.25,3044,9.694267515923567,39.90334829133587,1727.0,0.5673455978975033,1.9919586444572086,16.0,16,2.1092904778842607,0.9127384535301794,False,False
LAST_OPPOSING,3,FIB_786,3.0,1.2,0.4,0.15,0.25,679,2.162420382165605,39.175257731958766,385.0,0.5670103092783505,1.9322033898305084,12.0,9,2.3992755811999573,1.2266310081124947,False,False
LAST_OPPOSING,3,FIB_786,2.5,1.5,0.3,0.0,0.25,583,1.856687898089172,44.76843910806175,330.5,0.5668953687821612,2.0263975155279503,14.5,11,2.239374239240922,1.1084265997294067,False,False
LAST_OPPOSING,3,CISD,2.5,0.0,0.0,0.15,0.5,2934,9.343949044585987,45.31360112755461,1663.0,0.5668029993183368,2.071520618556701,14.0,14,1.9170702660568877,0.8555549169957909,False,False
EXTREME_OPEN,5,FIB_786,3.0,1.2,0.4,0.05,0.25,771,2.4554140127388533,39.16990920881972,437.0,0.5667963683527886,1.931769722814499,10.0,9,2.407359005061796,1.2299354466858583,False,False
LAST_OPPOSING,3,FIB_786,2.5,1.2,0.4,0.0,0.25,733,2.3343949044585988,44.74761255115961,415.0,0.5661664392905866,2.0246913580246915,9.0,8,2.270486241570389,1.148231934452345,False,False
LAST_OPPOSING,8,FIB_786,2.5,1.2,0.4,0.15,0.25,733,2.3343949044585988,44.74761255115961,415.0,0.5661664392905866,2.0246913580246915,9.0,8,2.243904496618086,1.1527179628690936,False,False
LAST_OPPOSING,3,FIB_786,3.0,1.5,0.4,0.0,0.25,424,1.3503184713375795,39.15094339622642,240.0,0.5660377358490566,1.930232558139535,11.0,9,2.3586570835440326,1.1946754730711047,False,False
LAST_OPPOSING,8,FIB_786,2.5,0.0,0.0,0.0,0.5,3143,10.009554140127388,44.74856779121579,1779.0,0.5660197263760738,2.0247695852534564,13.0,11,2.258644787595386,1.1400333609089643,False,False
LAST_OPPOSING,3,FIB_786,2.5,1.5,0.0,0.0,0.25,845,2.6910828025477707,44.73372781065088,478.0,0.565680473372781,2.02355460385439,17.5,13,2.2135955991566165,1.118100055596242,False,False
LAST_OPPOSING,5,FIB_786,3.0,1.2,0.4,0.15,0.25,718,2.286624203821656,39.136490250696376,406.0,0.5654596100278552,1.929061784897025,13.0,10,2.3952137642633216,1.2262133858962518,False,False
LAST_OPPOSING,3,CISD,2.5,0.0,0.0,0.0,0.25,3919,12.480891719745223,45.2249408050513,2215.5,0.5653227864251085,2.064121037463977,17.0,16,1.926216916383593,0.8745357138356856,False,False
LAST_OPPOSING,3,FIB_786,2.5,1.2,0.4,0.15,0.25,680,2.1656050955414012,44.70588235294118,384.0,0.5647058823529412,2.021276595744681,9.0,8,2.263823247528905,1.1528153618812946,False,False
LAST_OPPOSING,3,CISD,3.0,0.0,0.0,0.0,0.25,3780,12.038216560509554,39.74004424778761,2132.0,0.564021164021164,1.9784304726938964,17.0,16,2.1153157269022573,0.9257221354718762,False,False
LAST_OPPOSING,5,FIB_786,2.5,1.5,0.4,0.05,0.25,448,1.4267515923566878,44.642857142857146,252.0,0.5625,2.0161290322580645,8.5,7,2.2270622794895742,1.1117334869949642,False,False
LAST_OPPOSING,3,FIB_786,2.5,0.0,0.0,0.05,0.5,2701,8.601910828025478,44.62962962962963,1517.5,0.5618289522399111,2.0150501672240804,11.0,10,2.2642981449024706,1.1314110980382002,False,False
LAST_OPPOSING,8,FIB_786,3.0,0.0,0.0,0.05,0.25,2900,9.235668789808917,39.047947568126936,1629.0,0.5617241379310345,1.9219015280135823,11.0,10,2.441525941256287,1.2416046756787733,False,False
EXTREME_OPEN,3,FIB_786,2.5,1.2,0.4,0.05,0.25,742,2.3630573248407645,44.60916442048518,416.5,0.5613207547169812,2.01338199513382,8.5,8,2.270266592744722,1.161639789312384,False,False
LAST_OPPOSING,8,FIB_786,3.0,1.2,0.4,0.05,0.25,779,2.4808917197452227,39.02439024390244,437.0,0.5609756097560976,1.92,12.0,8,2.391431386782114,1.223597199358999,False,False
LAST_OPPOSING,5,FIB_786,2.5,0.0,0.0,0.05,0.5,2855,9.09235668789809,44.60406447091801,1601.5,0.5609457092819615,2.012966476913346,11.0,10,2.2512468117881186,1.1299626220384709,False,False
EXTREME_OPEN,3,FIB_786,3.0,1.2,0.4,0.0,0.25,751,2.3917197452229297,39.01464713715047,421.0,0.5605858854860186,1.9192139737991267,11.0,10,2.4075084049995445,1.2399158517947888,False,False
EXTREME_OPEN,3,FIB_786,2.5,0.0,0.0,0.0,0.5,3132,9.97452229299363,44.5863941232833,1755.0,0.5603448275862069,2.011527377521614,14.5,10,2.286275550355643,1.154622846362859,False,False
LAST_OPPOSING,5,FIB_786,2.5,1.5,0.4,0.0,0.25,451,1.4363057324840764,44.567627494456765,252.5,0.5598669623059866,2.01,8.5,7,2.2255751136099224,1.1149806698232805,False,False
LAST_OPPOSING,5,CISD,3.0,0.0,0.0,0.0,0.25,3971,12.646496815286625,39.64653125824321,2221.0,0.5593049609670109,1.9707167832167831,24.0,16,2.108797542782675,0.9229339775844306,False,False
EXTREME_OPEN,3,FIB_786,2.5,1.5,0.0,0.15,0.25,759,2.417197452229299,44.532279314888015,424.0,0.5586297760210803,2.007125890736342,17.5,11,2.225817795117984,1.1386419202222913,False,False
EXTREME_OPEN,3,FIB_786,3.0,1.2,0.4,0.15,0.25,693,2.2070063694267517,38.961038961038966,387.0,0.5584415584415584,1.9148936170212767,12.0,9,2.4022085079171327,1.2418560972979076,False,False
LAST_OPPOSING,5,CISD,2.5,0.0,0.0,0.15,0.5,3128,9.961783439490446,45.111037454424924,1746.5,0.558343989769821,2.054649758454106,13.0,13,1.9086373213917363,0.8531511563793872,False,False
LAST_OPPOSING,5,CISD,2.5,0.0,0.0,0.0,0.25,4122,13.127388535031848,45.048884432188515,2300.5,0.5581028626880156,2.0494981751824817,22.0,16,1.9205463734661987,0.8729423845479971,False,False
LAST_OPPOSING,3,FIB_786,2.5,1.5,0.3,0.15,0.25,546,1.7388535031847134,44.505494505494504,304.5,0.5576923076923077,2.004950495049505,12.5,10,2.2300763444939937,1.1105271791876745,False,False
EXTREME_OPEN,5,FIB_786,2.5,0.0,0.0,0.0,0.5,3225,10.270700636942674,44.50992555831266,1798.5,0.5576744186046512,2.005310229178312,13.0,10,2.281505914156978,1.1531430951344543,False,False
EXTREME_OPEN,5,FIB_786,3.0,1.2,0.4,0.0,0.25,781,2.4872611464968153,38.92445582586428,435.0,0.5569782330345711,1.9119496855345912,9.0,9,2.4020351038737227,1.234146462760436,False,False
EXTREME_OPEN,8,FIB_786,3.0,1.2,0.4,0.05,0.25,781,2.4872611464968153,38.92445582586428,435.0,0.5569782330345711,1.9119496855345912,10.0,10,2.4000024073269213,1.2318096106508072,False,False
LAST_OPPOSING,8,CISD,2.5,0.0,0.0,0.15,0.25,3178,10.121019108280255,45.05386875612145,1767.0,0.5560100692259282,2.049910873440285,13.0,13,1.9235464805974,0.8619562503489427,False,False
LAST_OPPOSING,3,FIB_786,2.5,1.5,0.4,0.05,0.25,423,1.3471337579617835,44.44444444444444,235.0,0.5555555555555556,2.0,11.0,9,2.233013672398571,1.1186352522624243,False,False
LAST_OPPOSING,8,FIB_786,3.0,1.2,0.4,0.0,0.25,787,2.5063694267515926,38.88182973316391,437.0,0.5552731893265566,1.9085239085239085,12.0,9,2.387925369021559,1.2268679144806713,False,False
LAST_OPPOSING,3,FIB_786,3.0,0.0,0.0,0.0,0.5,2923,9.30891719745223,38.89079082505991,1623.0,0.5552514539856312,1.9092436974789917,14.0,11,2.4157407122457615,1.2255022008808678,False,False
LAST_OPPOSING,5,FIB_786,2.5,1.5,0.3,0.05,0.25,619,1.9713375796178343,44.4264943457189,343.5,0.5549273021001615,1.998546511627907,10.5,8,2.220730211145806,1.1181368463035617,False,False
EXTREME_OPEN,8,FIB_786,2.5,0.0,0.0,0.0,0.5,3258,10.375796178343949,44.42738716610378,1807.5,0.5547882136279927,1.9986187845303867,13.0,10,2.276182433126244,1.153121873417556,False,False
LAST_OPPOSING,5,FIB_786,3.0,0.0,0.0,0.0,0.5,3082,9.815286624203821,38.83116883116883,1704.0,0.5528877352368592,1.9044585987261147,13.0,12,2.405586551727211,1.223917560380038,False,False
LAST_OPPOSING,8,FIB_786,3.0,1.2,0.4,0.15,0.25,732,2.3312101910828025,38.79781420765027,404.0,0.5519125683060109,1.9017857142857142,14.0,11,2.38392289937527,1.2299651183257583,False,False
LAST_OPPOSING,8,CISD,3.0,0.0,0.0,0.15,0.25,3088,9.834394904458598,39.496084439904664,1703.0,0.5514896373056994,1.9583567810917277,16.0,16,2.099940197073402,0.9163964273503739,False,False
LAST_OPPOSING,3,CISD,2.5,0.0,0.0,0.05,0.25,3654,11.636942675159236,44.82077335591307,2015.0,0.5514504652435687,2.030690537084399,16.5,16,1.9246961732275372,0.8732864497260171,False,False
LAST_OPPOSING,5,FIB_786,2.5,1.5,0.0,0.15,0.25,819,2.6082802547770703,44.32234432234432,451.5,0.5512820512820513,1.9901315789473684,12.5,10,2.1925948466699237,1.1138463335768194,False,False
EXTREME_OPEN,5,FIB_786,3.0,1.2,0.4,0.15,0.25,722,2.299363057324841,38.78116343490305,398.0,0.5512465373961218,1.9004524886877827,10.0,8,2.3946501939629066,1.2365434728083455,False,False
EXTREME_OPEN,5,FIB_786,2.5,1.2,0.4,0.05,0.25,772,2.4585987261146496,44.30051813471503,425.0,0.5505181347150259,1.9883720930232558,9.5,8,2.260277838148361,1.1584705600253784,False,False
LAST_OPPOSING,8,FIB_786,2.5,0.0,0.0,0.05,0.5,2904,9.248407643312103,44.29900103341371,1598.0,0.550275482093664,1.9882498453927024,12.0,10,2.2403656152762097,1.1331567401180556,False,False
EXTREME_OPEN,3,FIB_786,2.5,1.2,0.4,0.0,0.25,752,2.394904458598726,44.28191489361702,413.5,0.5498670212765957,1.9868735083532219,9.0,9,2.2655831132757496,1.1669213852272509,False,False
LAST_OPPOSING,3,CISD,3.0,0.0,0.0,0.15,0.5,2844,9.05732484076433,39.40959409594096,1562.0,0.5492264416315049,1.951278928136419,16.0,16,2.09914106527302,0.9105095601707893,False,False
LAST_OPPOSING,5,FIB_786,2.5,1.5,0.3,0.0,0.25,626,1.9936305732484076,44.24920127795527,343.5,0.5487220447284346,1.984240687679083,10.5,8,2.217698759735208,1.1216962046046761,False,False
LAST_OPPOSING,8,CISD,3.0,0.0,0.0,0.0,0.25,4014,12.78343949044586,39.3733681462141,2202.0,0.5485799701046338,1.9483204134366925,24.0,16,2.1011206151898354,0.9252278393560625,False,False
EXTREME_OPEN,3,FIB_786,2.5,1.2,0.4,0.15,0.25,694,2.210191082802548,44.236311239193085,380.5,0.5482708933717579,1.983204134366925,9.0,8,2.257526498604345,1.1707214562331885,False,False
LAST_OPPOSING,3,FIB_786,2.5,1.5,0.4,0.0,0.25,425,1.3535031847133758,44.23529411764706,233.0,0.548235294117647,1.9831223628691983,11.0,9,2.2289453039478517,1.1227598353662587,False,False
LAST_OPPOSING,3,CISD,2.5,0.0,0.0,0.0,0.5,3898,12.414012738853502,44.72082561524213,2136.0,0.5479733196511031,2.022498803255146,17.0,16,1.9048584840406513,0.8707602943631761,False,False
LAST_OPPOSING,5,FIB_786,3.0,1.5,0.4,0.15,0.25,429,1.3662420382165605,38.6946386946387,235.0,0.5477855477855478,1.8935361216730038,11.0,10,2.3600291473709025,1.1911394367476673,False,False
EXTREME_OPEN,8,FIB_786,3.0,1.2,0.4,0.0,0.25,791,2.5191082802547773,38.685208596713025,433.0,0.5474083438685209,1.8927835051546391,10.0,10,2.394838815859745,1.2359436965099675,False,False
LAST_OPPOSING,8,FIB_786,3.0,1.5,0.4,0.05,0.25,455,1.4490445859872612,38.681318681318686,249.0,0.5472527472527473,1.89247311827957,9.0,8,2.3494665120199936,1.1921096646800053,False,False
LAST_OPPOSING,5,CISD,3.0,0.0,0.0,0.15,0.5,3032,9.656050955414013,39.36871314602845,1657.0,0.5465039577836411,1.9479405034324944,16.0,16,2.0891227056781885,0.9077788280355897,False,False
LAST_OPPOSING,5,FIB_786,2.5,1.2,0.4,0.05,0.5,765,2.4363057324840764,44.18300653594771,418.0,0.5464052287581699,1.9789227166276346,9.0,8,2.196854367195781,1.1113214791102415,False,False
EXTREME_OPEN,3,FIB_786,2.5,0.0,0.0,0.05,0.5,2867,9.130573248407643,44.17306350314026,1565.0,0.545866759679107,1.978125,13.5,10,2.2697911267171333,1.147119379057362,False,False
LAST_OPPOSING,3,FIB_786,3.0,1.2,0.3,0.15,0.25,883,2.8121019108280256,38.66213151927438,482.0,0.5458663646659117,1.8909426987060998,12.0,12,2.406219185533934,1.2250720976394245,False,False
LAST_OPPOSING,8,FIB_786,3.0,1.5,0.4,0.0,0.25,458,1.4585987261146496,38.646288209606986,250.0,0.5458515283842795,1.8896797153024911,9.0,8,2.3472003013009672,1.194780736563227,False,False
LAST_OPPOSING,8,CISD,2.5,0.0,0.0,0.0,0.25,4168,13.273885350318471,44.67873976680725,2272.5,0.545225527831094,2.0190582959641254,22.0,16,1.9142176838988358,0.876228929658993,False,False
LAST_OPPOSING,3,CISD,3.0,0.0,0.0,0.05,0.25,3533,11.251592356687897,39.25399644760213,1926.0,0.5451457684687234,1.9385964912280702,17.0,17,2.1113077121658077,0.9242062936106661,False,False
LAST_OPPOSING,3,FIB_786,2.5,1.2,0.4,0.05,0.5,725,2.3089171974522293,44.13793103448276,395.0,0.5448275862068965,1.9753086419753085,9.5,8,2.203238178152089,1.1129803880514766,False,False
EXTREME_OPEN,5,FIB_786,2.5,1.5,0.0,0.15,0.25,793,2.5254777070063694,44.13619167717528,432.0,0.544766708701135,1.9751693002257336,17.0,10,2.2182810648763622,1.141710541579979,False,False
LAST_OPPOSING,3,FIB_786,3.0,1.5,0.4,0.15,0.25,404,1.286624203821656,38.613861386138616,220.0,0.5445544554455446,1.8870967741935485,12.0,9,2.354336850346354,1.1972811419572436,False,False
EXTREME_OPEN,3,FIB_786,2.5,1.2,0.3,0.15,0.25,905,2.8821656050955413,44.13716814159292,492.5,0.5441988950276243,1.9752475247524752,13.5,9,2.260237239711765,1.1746750391107847,False,False
EXTREME_OPEN,8,FIB_786,2.5,1.2,0.4,0.05,0.25,782,2.4904458598726116,44.11764705882353,425.5,0.5441176470588235,1.9736842105263157,9.5,8,2.2548114811639586,1.159737769111642,False,False
LAST_OPPOSING,8,FIB_786,3.0,0.0,0.0,0.0,0.5,3131,9.971337579617835,38.606583573026526,1703.0,0.5439156818907698,1.8865174388339407,13.0,13,2.396660755900481,1.2257745619819516,False,False
LAST_OPPOSING,3,FIB_786,3.0,0.0,0.0,0.05,0.5,2693,8.57643312101911,38.59583952451709,1464.0,0.5436316375789083,1.8856624319419237,15.0,11,2.3994797432801023,1.2147751132487936,False,False
LAST_OPPOSING,5,FIB_786,2.5,1.5,0.3,0.15,0.25,585,1.8630573248407643,44.1025641025641,318.0,0.5435897435897435,1.9724770642201834,9.5,8,2.209845491412528,1.1214888968476089,False,False
LAST_OPPOSING,8,CISD,2.5,0.0,0.0,0.15,0.5,3173,10.105095541401274,44.669718770438195,1723.0,0.5430192247084777,2.018321513002364,13.0,13,1.9014405347337928,0.8570495266942649,False,False
LAST_OPPOSING,8,FIB_786,2.5,1.5,0.4,0.05,0.25,456,1.4522292993630572,44.07894736842105,247.5,0.5427631578947368,1.9705882352941178,9.5,7,2.2107392869052798,1.117659153854802,False,False
LAST_OPPOSING,5,CISD,2.5,0.0,0.0,0.05,0.25,3857,12.28343949044586,44.599303135888505,2093.0,0.542649727767695,2.0125786163522013,18.0,16,1.9176060846984493,0.8727548190650972,False,False
LAST_OPPOSING,3,FIB_786,2.5,1.5,0.0,0.15,0.5,742,2.3630573248407645,44.07008086253369,402.5,0.5424528301886793,1.9698795180722892,12.5,9,2.173232457125631,1.0880619329147458,False,False
EXTREME_OPEN,5,FIB_786,2.5,0.0,0.0,0.05,0.5,2958,9.420382165605096,44.06493067297937,1603.5,0.5420892494929006,1.9694679564691657,12.0,10,2.263267817249751,1.1458653460428352,False,False
LAST_OPPOSING,5,FIB_786,2.5,1.5,0.0,0.05,0.25,908,2.8917197452229297,44.052863436123346,492.0,0.5418502202643172,1.968503937007874,16.0,9,2.19288106801285,1.1241803461005093,False,False
LAST_OPPOSING,3,FIB_786,3.0,1.5,0.0,0.15,0.25,742,2.3630573248407645,38.544474393531,402.0,0.5417789757412399,1.881578947368421,20.0,10,2.3611194380766003,1.2018902569719392,False,False
LAST_OPPOSING,5,CISD,2.5,0.0,0.0,0.0,0.5,4099,13.054140127388536,44.564943253467845,2219.5,0.5414735301292998,2.0097816196542313,22.0,16,1.898771385995409,0.8684393335418402,False,False
LAST_OPPOSING,3,CISD,3.0,0.0,0.0,0.0,0.5,3754,11.955414012738853,39.15830546265329,2032.0,0.5412892914224827,1.9308291342189647,17.0,16,2.0912890802751054,0.9194107643282986,False,False
EXTREME_OPEN,3,FIB_786,2.5,1.5,0.3,0.05,0.25,595,1.894904458598726,44.03361344537815,322.0,0.5411764705882353,1.966966966966967,16.0,10,2.246362058095982,1.152403398838081,False,False
EXTREME_OPEN,8,FIB_786,3.0,1.2,0.4,0.15,0.25,732,2.3312101910828025,38.52459016393443,396.0,0.5409836065573771,1.88,10.0,9,2.3869747640176224,1.238452819523373,False,False
EXTREME_OPEN,5,FIB_786,3.0,0.0,0.0,0.0,0.5,3215,10.238853503184714,38.530967942732644,1739.0,0.5409020217729393,1.8805063291139241,15.0,15,2.420590729039483,1.239664312071294,False,False
LAST_OPPOSING,5,FIB_786,3.0,0.0,0.0,0.05,0.5,2846,9.063694267515924,38.52372583479789,1539.0,0.5407589599437808,1.8799313893653515,13.0,12,2.3883541214063455,1.2136612829582794,False,False
LAST_OPPOSING,3,FIB_705,2.5,0.0,0.0,0.0,0.25,3246,10.337579617834395,44.03330249768732,1755.0,0.5406654343807763,1.9669421487603307,17.0,12,2.1356749399131556,1.0663999777075417,False,False
LAST_OPPOSING,8,FIB_786,2.5,1.5,0.4,0.0,0.25,459,1.4617834394904459,44.008714596949886,248.0,0.5403050108932462,1.9649805447470816,9.5,7,2.2093847273541476,1.1208110110552185,False,False
LAST_OPPOSING,5,FIB_705,2.5,0.0,0.0,0.0,0.25,3428,10.9171974522293,44.012850467289724,1850.5,0.5398191365227538,1.9653103808033385,15.5,12,2.1272168121738337,1.062736407711194,False,False
EXTREME_OPEN,5,FIB_786,2.5,1.2,0.4,0.0,0.25,782,2.4904458598726116,43.98976982097187,422.0,0.5396419437340153,1.9634703196347032,9.0,9,2.255901765239532,1.1635900643998671,False,False
LAST_OPPOSING,5,FIB_786,2.5,1.2,0.4,0.0,0.5,773,2.461783439490446,43.98447606727037,417.0,0.5394566623544631,1.9630484988452657,9.0,9,2.1944075595833605,1.1150475048168724,False,False
LAST_OPPOSING,5,CISD,3.0,0.0,0.0,0.05,0.25,3723,11.856687898089172,39.13288288288289,2008.0,0.5393499865699705,1.9287696577243294,20.0,16,2.1036410980234734,0.9222485828186753,False,False
LAST_OPPOSING,5,FIB_786,3.0,1.5,0.4,0.05,0.5,447,1.4235668789808917,38.47874720357942,241.0,0.5391498881431768,1.8763636363636365,10.0,8,2.2947980927878175,1.1596970183638353,False,False
EXTREME_OPEN,8,FIB_786,2.5,0.0,0.0,0.05,0.5,2991,9.52547770700637,43.97993311036789,1612.5,0.5391173520561685,1.962686567164179,12.0,10,2.2576703434950898,1.145922526038278,False,False
EXTREME_OPEN,3,FIB_786,3.0,0.0,0.0,0.0,0.5,3123,9.945859872611464,38.481256007689844,1683.0,0.5389048991354467,1.8765625,16.0,15,2.423952772917099,1.2426189865726474,False,False
EXTREME_OPEN,8,FIB_786,3.0,0.0,0.0,0.0,0.5,3248,10.343949044585987,38.4781269254467,1750.0,0.5387931034482759,1.8763144717075613,16.0,15,2.4160027996019258,1.2391178706237196,False,False
LAST_OPPOSING,5,FIB_786,2.5,1.5,0.4,0.15,0.25,430,1.3694267515923566,43.95348837209303,231.5,0.5383720930232558,1.9605809128630705,11.0,7,2.2201436723153916,1.116865497762642,False,False
EXTREME_OPEN,3,FIB_786,2.5,1.5,0.0,0.05,0.25,867,2.761146496815287,43.944636678200695,466.5,0.5380622837370242,1.9598765432098766,21.5,12,2.225648623522051,1.1563054308433571,False,False
LAST_OPPOSING,5,FIB_786,3.0,1.5,0.4,0.0,0.5,450,1.4331210191082802,38.44444444444444,242.0,0.5377777777777778,1.8736462093862816,10.0,8,2.2924086942880764,1.162287749636606,False,False
EXTREME_OPEN,8,FIB_786,2.5,1.5,0.0,0.15,0.25,808,2.573248407643312,43.93564356435643,434.5,0.5377475247524752,1.9591611479028697,18.0,10,2.2108519487782874,1.1441599030070795,False,False
LAST_OPPOSING,3,FIB_705,2.5,0.0,0.0,0.05,0.25,2990,9.522292993630574,43.942436412315935,1607.5,0.5376254180602007,1.9597014925373135,14.0,12,2.1285246041041086,1.0551226474317394,False,False
LAST_OPPOSING,5,CISD,3.0,0.0,0.0,0.0,0.5,3943,12.55732484076433,39.085349641052915,2119.0,0.5374080649251839,1.9249236141422958,24.0,16,2.0847460545465157,0.9170988674164894,False,False
LAST_OPPOSING,8,FIB_786,2.5,1.2,0.4,0.05,0.5,779,2.4808917197452227,43.90243902439025,418.0,0.5365853658536586,1.9565217391304348,9.0,8,2.187915530445247,1.1150442721824534,False,False
LAST_OPPOSING,3,CISD,2.5,0.0,0.3,0.0,0.25,2860,9.10828025477707,44.336569579288025,1534.5,0.5365384615384615,1.9912790697674418,12.5,12,1.8889209670133544,0.8755534829465943,False,False
LAST_OPPOSING,3,FIB_786,3.0,1.5,0.3,0.05,0.25,578,1.8407643312101911,38.4083044982699,310.0,0.5363321799307958,1.8707865168539326,19.0,12,2.3811019830297506,1.1959612888134459,False,False
LAST_OPPOSING,3,CISD,2.5,0.0,0.0,0.05,0.5,3641,11.595541401273886,44.37517710399547,1952.0,0.5361164515243065,1.9943963321446765,16.5,16,1.9046892656573617,0.8690469522379509,False,False
LAST_OPPOSING,3,FIB_786,3.0,1.5,0.4,0.05,0.5,422,1.3439490445859872,38.388625592417064,226.0,0.5355450236966824,1.8692307692307693,13.0,9,2.292901280836358,1.1659402331140594,False,False
LAST_OPPOSING,5,FIB_786,2.5,1.2,0.4,0.15,0.5,718,2.286624203821656,43.871866295264624,384.5,0.5355153203342619,1.9540942928039702,9.0,8,2.189015067465003,1.121013507724707,False,False
LAST_OPPOSING,5,FIB_786,2.5,1.5,0.0,0.0,0.25,928,2.9554140127388533,43.85775862068966,496.5,0.5350215517241379,1.9529750479846448,17.0,9,2.184886386580636,1.1284280856089681,False,False
LAST_OPPOSING,3,FIB_786,2.5,1.2,0.4,0.0,0.5,732,2.3312101910828025,43.85245901639344,391.5,0.5348360655737705,1.9525547445255473,9.5,8,2.1992409432497633,1.1173409275384112,False,False
EXTREME_OPEN,5,FIB_786,3.0,0.0,0.0,0.05,0.5,2951,9.398089171974522,38.3728813559322,1578.0,0.5347339884784819,1.867986798679868,16.0,14,2.404387474540132,1.2269744134146974,False,False
EXTREME_OPEN,5,FIB_786,2.5,1.2,0.4,0.15,0.25,723,2.3025477707006368,43.84508990318119,386.5,0.5345781466113416,1.9519704433497538,9.0,8,2.2469321109985136,1.1678696659997199,False,False
LAST_OPPOSING,5,FIB_705,2.5,0.0,0.0,0.05,0.25,3166,10.0828025477707,43.8507745810939,1691.5,0.5342703727100442,1.9524211711711712,13.0,13,2.1181263809537505,1.052589087982622,False,False
EXTREME_OPEN,5,FIB_705,2.5,0.0,0.0,0.0,0.25,3565,11.353503184713375,43.839461128262705,1904.0,0.5340813464235624,1.9515242378810596,17.5,12,2.1380170390914235,1.0726700184482434,False,False
EXTREME_OPEN,3,FIB_786,3.0,0.0,0.0,0.05,0.5,2861,9.111464968152866,38.35664335664335,1528.0,0.5340789933589654,1.8667044809982984,16.0,13,2.409346123607736,1.229608220519689,False,False
EXTREME_OPEN,3,FIB_786,2.5,1.5,0.3,0.15,0.25,559,1.7802547770700636,43.82826475849731,298.5,0.5339892665474061,1.9506369426751593,14.0,12,2.234065892409289,1.1522679458250062,False,False
LAST_OPPOSING,3,FIB_786,3.0,1.5,0.3,0.15,0.25,545,1.7356687898089171,38.34862385321101,291.0,0.5339449541284403,1.8660714285714286,17.0,11,2.365308140197402,1.1959337918943884,False,False
EXTREME_OPEN,3,FIB_705,2.5,0.0,0.0,0.0,0.25,3456,11.006369426751592,43.8332368268674,1845.0,0.5338541666666666,1.9510309278350515,18.5,12,2.1429738183975697,1.0748896179893719,False,False
LAST_OPPOSING,3,FIB_786,3.0,1.2,0.4,0.05,0.5,725,2.3089171974522293,38.3448275862069,387.0,0.5337931034482759,1.8657718120805369,12.0,9,2.3343457047340084,1.1958036502921592,False,False
EXTREME_OPEN,8,FIB_786,2.5,1.2,0.4,0.0,0.25,792,2.522292993630573,43.813131313131315,422.5,0.5334595959595959,1.949438202247191,9.0,9,2.2505596813598423,1.1647766331646565,False,False
LAST_OPPOSING,8,FIB_786,2.5,1.5,0.3,0.05,0.25,630,2.0063694267515926,43.80952380952381,336.0,0.5333333333333333,1.9491525423728813,11.5,8,2.2027110749617704,1.1302987305264034,False,False
EXTREME_OPEN,5,FIB_786,3.0,1.5,0.4,0.05,0.25,454,1.4458598726114649,38.32599118942731,242.0,0.5330396475770925,1.8642857142857143,13.0,10,2.370549226052467,1.2208191713348517,False,False
LAST_OPPOSING,3,FIB_786,3.0,1.5,0.3,0.0,0.25,582,1.8535031847133758,38.31615120274915,310.0,0.5326460481099656,1.8635097493036212,19.0,12,2.376443431126032,1.1973941836268378,False,False
EXTREME_OPEN,8,FIB_786,3.0,0.0,0.0,0.05,0.5,2984,9.503184713375797,38.317130405631914,1589.0,0.5325067024128687,1.8635869565217391,17.0,14,2.399572833985606,1.2265199646325073,False,False
EXTREME_OPEN,3,FIB_786,2.5,1.5,0.3,0.0,0.25,603,1.9203821656050954,43.78109452736319,321.0,0.5323383084577115,1.9469026548672566,16.0,10,2.241139955457291,1.156517593717909,False,False
EXTREME_OPEN,5,FIB_786,2.5,1.5,0.3,0.05,0.25,619,1.9713375796178343,43.780290791599356,329.5,0.5323101777059773,1.9468390804597702,14.5,10,2.2375257136135005,1.1529150353546118,False,False
LAST_OPPOSING,5,FIB_786,3.0,1.2,0.4,0.15,0.5,718,2.286624203821656,38.3008356545961,382.0,0.532033426183844,1.8623024830699775,13.0,10,2.322985252414262,1.199354998455365,False,False
LAST_OPPOSING,5,FIB_786,3.0,1.2,0.4,0.05,0.5,765,2.4363057324840764,38.30065359477125,407.0,0.5320261437908497,1.8622881355932204,11.0,8,2.328917816539123,1.1945511426187159,False,False
LAST_OPPOSING,3,FIB_786,3.0,1.2,0.4,0.15,0.5,679,2.162420382165605,38.291605301914586,361.0,0.5316642120765832,1.8615751789976134,14.0,9,2.327030984713891,1.200808792634486,False,False
LAST_OPPOSING,8,FIB_705,2.5,0.0,0.0,0.0,0.25,3481,11.085987261146498,43.77336784584412,1850.0,0.5314564780235564,1.9462915601023019,16.5,12,2.119356188638896,1.0653593700898087,False,False
LAST_OPPOSING,8,FIB_786,3.0,0.0,0.0,0.05,0.5,2895,9.219745222929935,38.28610919143055,1538.0,0.5312607944732297,1.8611422172452408,13.0,12,2.378992367469292,1.2158432620979194,False,False
LAST_OPPOSING,3,FIB_786,2.5,1.2,0.4,0.15,0.5,679,2.162420382165605,43.74079528718704,360.5,0.5309278350515464,1.943717277486911,9.5,8,2.1941664621545343,1.123304576308824,False,False
LAST_OPPOSING,8,CISD,3.0,0.0,0.0,0.15,0.5,3076,9.796178343949045,38.966814916182,1633.0,0.5308842652795839,1.9153587443946187,16.0,16,2.07903546749043,0.9113172328066094,False,False
EXTREME_OPEN,8,FIB_705,2.5,0.0,0.0,0.0,0.25,3601,11.468152866242038,43.734370658516255,1910.0,0.5304082199389059,1.94320987654321,17.5,12,2.132778354115224,1.073354260025931,False,False
EXTREME_OPEN,3,FIB_705,2.5,0.0,0.0,0.05,0.25,3164,10.07643312101911,43.72431236168195,1677.5,0.5301833122629582,1.9424157303370786,17.0,14,2.137918618830486,1.0642432679311906,False,False
LAST_OPPOSING,8,FIB_786,2.5,1.2,0.4,0.0,0.5,787,2.5063694267515926,43.710292249047015,417.0,0.5298602287166455,1.9413092550790068,9.0,9,2.185603114193155,1.118666172470443,False,False
LAST_OPPOSING,8,FIB_786,2.5,1.5,0.0,0.15,0.25,842,2.6815286624203822,43.705463182897866,446.0,0.5296912114014252,1.9409282700421941,14.5,10,2.1726150033198497,1.120494747713204,False,False
LAST_OPPOSING,3,FIB_786,2.5,1.5,0.4,0.15,0.25,405,1.2898089171974523,43.7037037037037,214.5,0.5296296296296297,1.9407894736842106,13.5,9,2.2259324970589747,1.1243907989412287,False,False
LAST_OPPOSING,8,CISD,2.5,0.0,0.0,0.0,0.5,4145,13.200636942675159,44.22261043174445,2195.0,0.5295536791314838,1.9821029082774049,22.0,16,1.892515991879577,0.871389418649743,False,False
LAST_OPPOSING,3,CISD,2.5,0.0,0.3,0.05,0.25,2728,8.687898089171975,44.13428894756696,1444.0,0.5293255131964809,1.975016880486158,12.0,12,1.887559454672698,0.8711726902773669,False,False
LAST_OPPOSING,5,FIB_786,3.0,1.5,0.4,0.15,0.5,429,1.3662420382165605,38.22843822843823,227.0,0.5291375291375291,1.8566037735849057,11.0,10,2.286767255144051,1.1614360371865484,False,False
LAST_OPPOSING,3,FIB_786,3.0,1.5,0.0,0.05,0.25,824,2.624203821656051,38.228155339805824,436.0,0.529126213592233,1.856581532416503,24.0,13,2.3608853422441527,1.2114253277754923,False,False
LAST_OPPOSING,8,CISD,2.5,0.0,0.0,0.05,0.25,3904,12.433121019108281,44.19713831478537,2064.0,0.5286885245901639,1.98005698005698,18.0,16,1.9105746673063395,0.8764182245854005,False,False
EXTREME_OPEN,3,FIB_786,3.0,1.5,0.4,0.05,0.25,437,1.39171974522293,38.215102974828376,231.0,0.528604118993135,1.8555555555555556,15.0,14,2.3691007896357656,1.2307046482024504,False,False
LAST_OPPOSING,3,FIB_786,3.0,1.5,0.4,0.0,0.5,424,1.3503184713375795,38.20754716981132,224.0,0.5283018867924528,1.8549618320610688,13.0,9,2.288270622905235,1.169536996270425,False,False
EXTREME_OPEN,8,FIB_786,2.5,1.2,0.4,0.15,0.25,733,2.3343949044585988,43.656207366984994,387.0,0.5279672578444747,1.937046004842615,9.0,8,2.2412824058275667,1.1690933582858245,False,False
LAST_OPPOSING,8,CISD,3.0,0.0,0.0,0.05,0.25,3767,11.996815286624203,38.83630289532294,1988.0,0.527740907884258,1.9048702776513426,20.0,16,2.0951496130455913,0.9248454839280257,False,False
EXTREME_OPEN,5,FIB_705,2.5,0.0,0.0,0.05,0.25,3270,10.414012738853502,43.652493117161214,1725.5,0.5276758409785933,1.9367535287730728,17.0,14,2.131011829146323,1.06287836412943,False,False
EXTREME_OPEN,3,FIB_786,3.0,1.2,0.3,0.15,0.25,904,2.878980891719745,38.205980066445186,477.0,0.5276548672566371,1.8548387096774193,13.0,12,2.418514987830719,1.2519501206971704,False,False
LAST_OPPOSING,5,CISD,2.5,0.0,0.0,0.05,0.5,3843,12.238853503184714,44.160387513455326,2027.5,0.5275826177465521,1.9771084337349398,18.0,16,1.8971203063878188,0.8677775002008428,False,False
EXTREME_OPEN,5,FIB_786,2.5,1.5,0.3,0.15,0.25,582,1.8535031847133758,43.6426116838488,307.0,0.5274914089347079,1.9359756097560976,12.5,12,2.2277213134932943,1.1516899329125385,False,False
LAST_OPPOSING,8,FIB_786,2.5,1.5,0.3,0.0,0.25,637,2.0286624203821657,43.64207221350079,336.0,0.5274725274725275,1.935933147632312,11.5,8,2.199929984491212,1.133662977162098,False,False
LAST_OPPOSING,3,FIB_786,2.5,1.2,0.3,0.15,0.5,883,2.8121019108280256,43.65079365079365,465.5,0.5271800679501699,1.9366197183098592,10.0,9,2.2022395672040833,1.1176550215878138,False,False
EXTREME_OPEN,3,FIB_786,2.5,1.5,0.0,0.0,0.25,887,2.8248407643312103,43.63021420518602,467.5,0.5270574971815107,1.935,22.5,13,2.2141445788591043,1.1611112630718745,False,False
LAST_OPPOSING,5,FIB_786,2.5,1.5,0.4,0.05,0.5,447,1.4235668789808917,43.624161073825505,235.5,0.5268456375838926,1.9345238095238095,8.5,7,2.1749540992680068,1.0899283379330755,False,False
LAST_OPPOSING,8,CISD,3.0,0.0,0.0,0.0,0.5,3986,12.694267515923567,38.81578947368421,2100.0,0.5268439538384345,1.903225806451613,24.0,16,2.076760295353979,0.9193306023851902,False,False
LAST_OPPOSING,5,FIB_786,3.0,1.2,0.4,0.0,0.5,773,2.461783439490446,38.16300129366106,407.0,0.5265200517464425,1.8514644351464435,11.0,9,2.3251042461909375,1.19741580052707,False,False
EXTREME_OPEN,3,FIB_786,2.5,1.5,0.4,0.05,0.25,438,1.394904458598726,43.60730593607306,230.5,0.526255707762557,1.9331983805668016,12.0,7,2.2222759341960168,1.1543177371051627,False,False
LAST_OPPOSING,8,FIB_786,2.5,1.2,0.4,0.15,0.5,732,2.3312101910828025,43.5792349726776,384.5,0.5252732240437158,1.930992736077482,9.0,8,2.1796522209726055,1.1247899659250493,False,False
EXTREME_OPEN,5,FIB_786,3.0,1.5,0.4,0.0,0.25,459,1.4617834394904459,38.12636165577342,241.0,0.5250544662309368,1.8485915492957747,13.0,10,2.365540809935944,1.2250041641134073,False,False
LAST_OPPOSING,8,FIB_705,2.5,0.0,0.0,0.05,0.25,3220,10.254777070063694,43.58097606465651,1690.0,0.5248447204968945,1.9311294765840221,14.5,13,2.109425068559649,1.055743654961628,False,False
LAST_OPPOSING,3,FIB_786,3.0,1.5,0.4,0.15,0.5,404,1.286624203821656,38.11881188118812,212.0,0.5247524752475248,1.848,12.0,9,2.284288973994025,1.168065027521109,False,False
LAST_OPPOSING,8,FIB_786,2.5,1.5,0.0,0.05,0.25,932,2.968152866242038,43.56223175965665,489.0,0.5246781115879828,1.929657794676806,17.0,9,2.1753001401861347,1.1288802618457174,False,False
LAST_OPPOSING,3,FIB_786,3.0,1.2,0.4,0.0,0.5,732,2.3312101910828025,38.114754098360656,384.0,0.5245901639344263,1.8476821192052981,12.0,9,2.329094709331583,1.1993721640472839,False,False
LAST_OPPOSING,5,FIB_786,2.5,1.5,0.4,0.0,0.5,450,1.4331210191082802,43.55555555555555,236.0,0.5244444444444445,1.9291338582677164,8.5,7,2.173363660725064,1.0929841937420512,False,False
EXTREME_OPEN,5,FIB_786,2.5,1.5,0.3,0.0,0.25,627,1.9968152866242037,43.54066985645933,328.5,0.5239234449760766,1.9279661016949152,15.5,10,2.2326162444982356,1.1568652210330874,False,False
LAST_OPPOSING,3,CISD,3.0,0.0,0.0,0.05,0.5,3513,11.187898089171975,38.70679380214541,1840.0,0.5237688585254768,1.894506562955761,17.0,17,2.0895684109876935,0.9193091732617164,False,False
EXTREME_OPEN,8,FIB_705,2.5,0.0,0.0,0.05,0.25,3306,10.528662420382165,43.54009077155824,1731.5,0.5237447065940714,1.9279206859592712,17.0,14,2.125381969182236,1.0637302859312237,False,False
LAST_OPPOSING,5,CISD,2.5,0.0,0.3,0.0,0.25,2972,9.464968152866241,43.99722414989591,1556.0,0.5235531628532974,1.9640644361833952,12.5,12,1.8805290119500562,0.8759183003349652,False,False
EXTREME_OPEN,5,FIB_786,2.5,1.5,0.0,0.05,0.25,903,2.875796178343949,43.521594684385384,472.5,0.5232558139534884,1.9264705882352942,21.0,12,2.21626583501543,1.1596516960672074,False,False
EXTREME_OPEN,5,FIB_786,2.5,1.5,0.4,0.05,0.25,455,1.4490445859872612,43.51648351648352,238.0,0.5230769230769231,1.9260700389105059,12.0,7,2.2177417653075153,1.14730800301893,False,False
LAST_OPPOSING,3,FIB_786,3.0,1.5,0.0,0.0,0.25,841,2.678343949044586,38.049940546967896,439.0,0.5219976218787158,1.8426103646833014,25.0,14,2.3496757555633447,1.2151040918138152,False,False
LAST_OPPOSING,5,CISD,4.0,0.0,0.0,0.0,0.25,3708,11.80891719745223,31.233671988388966,1935.0,0.5218446601941747,1.81680033769523,26.0,20,2.396478250160609,0.9994442736890602,False,False
LAST_OPPOSING,5,FIB_786,3.0,1.5,0.3,0.05,0.25,618,1.9681528662420382,38.02588996763754,322.0,0.5210355987055016,1.8407310704960835,14.0,8,2.3679778994184786,1.2058588376015609,False,False
LAST_OPPOSING,8,FIB_786,2.5,1.5,0.3,0.15,0.25,596,1.8980891719745223,43.45637583892618,310.5,0.5209731543624161,1.9213649851632046,10.5,8,2.1909993104077023,1.1342827131301685,False,False
EXTREME_OPEN,3,FIB_786,2.5,1.2,0.4,0.05,0.5,741,2.359872611464968,43.45479082321187,386.0,0.5209176788124157,1.9212410501193318,8.5,8,2.206397592312962,1.139532033455301,False,False
LAST_OPPOSING,5,FIB_786,3.0,1.5,0.3,0.15,0.25,584,1.8598726114649682,38.013698630136986,304.0,0.5205479452054794,1.839779005524862,13.0,8,2.355264230297372,1.205360321830663,False,False
EXTREME_OPEN,3,FIB_786,3.0,1.5,0.4,0.0,0.25,442,1.4076433121019107,38.009049773755656,230.0,0.5203619909502263,1.8394160583941606,15.0,14,2.3639161271574847,1.2349387755803218,False,False
LAST_OPPOSING,8,FIB_786,3.0,1.2,0.4,0.05,0.5,779,2.4808917197452227,37.997432605905004,405.0,0.5198973042362003,1.8385093167701863,12.0,8,2.318296690385068,1.198120763912766,False,False
EXTREME_OPEN,8,FIB_786,3.0,1.5,0.4,0.05,0.25,458,1.4585987261146496,37.99126637554585,238.0,0.519650655021834,1.8380281690140845,14.0,11,2.3632814799350492,1.225287730207136,False,False
LAST_OPPOSING,8,FIB_786,3.0,1.5,0.4,0.15,0.25,437,1.39171974522293,37.986270022883296,227.0,0.5194508009153318,1.8376383763837638,12.0,11,2.3405622833858026,1.198076193413352,False,False
LAST_OPPOSING,3,FIB_786,2.5,1.5,0.0,0.05,0.5,827,2.6337579617834397,43.409915356711004,429.5,0.5193470374848851,1.9177350427350428,16.5,12,2.1727505815166785,1.1022179751089463,False,False
LAST_OPPOSING,8,FIB_786,3.0,1.2,0.4,0.15,0.5,732,2.3312101910828025,37.97814207650273,380.0,0.5191256830601093,1.8370044052863437,14.0,11,2.3117956330477853,1.2030619397208733,False,False
EXTREME_OPEN,8,FIB_786,2.5,1.5,0.0,0.05,0.25,917,2.9203821656050954,43.402399127589966,476.0,0.5190839694656488,1.9171483622350673,22.0,12,2.2096066336488973,1.1600445946557667,False,False
LAST_OPPOSING,5,FIB_705,3.0,0.0,0.0,0.0,0.25,3408,10.853503184713375,38.0,1768.0,0.5187793427230047,1.8387096774193548,24.0,17,2.2951007450039764,1.1370108764667524,False,False
EXTREME_OPEN,8,FIB_786,2.5,1.5,0.3,0.05,0.25,627,1.9968152866242037,43.38118022328549,325.0,0.518341307814992,1.9154929577464788,15.5,10,2.226607868535137,1.159474493198964,False,False
LAST_OPPOSING,8,FIB_786,2.5,1.5,0.4,0.15,0.25,438,1.394904458598726,43.37899543378995,227.0,0.5182648401826484,1.9153225806451613,12.0,7,2.203276239070998,1.1229409498218763,False,False
LAST_OPPOSING,5,CISD,3.0,0.0,0.0,0.05,0.5,3703,11.792993630573248,38.58356940509915,1918.0,0.5179584120982986,1.8846863468634687,20.0,16,2.081139572417833,0.9178411155912237,False,False
EXTREME_OPEN,3,FIB_786,3.0,2.0,0.0,0.0,0.25,390,1.2420382165605095,37.94871794871795,202.0,0.517948717948718,1.834710743801653,24.0,24,2.377199129753735,1.213881083921787,False,False
LAST_OPPOSING,3,FIB_786,2.5,1.5,0.4,0.05,0.5,422,1.3439490445859872,43.3649289099526,218.5,0.5177725118483413,1.9142259414225942,11.0,9,2.1731525784131533,1.0975987632924962,False,False
EXTREME_OPEN,8,FIB_786,2.5,1.5,0.4,0.05,0.25,459,1.4617834394904459,43.35511982570806,237.5,0.5174291938997821,1.9134615384615385,13.0,7,2.2118215084909636,1.1498204893348303,False,False
LAST_OPPOSING,5,CISD,4.0,0.0,0.0,0.15,0.25,2869,9.136942675159236,31.17469879518072,1484.0,0.5172533983966539,1.811816192560175,21.0,18,2.3993965469526173,0.9917704971259598,False,False
EXTREME_OPEN,5,FIB_786,3.0,1.5,0.4,0.15,0.25,435,1.3853503184713376,37.93103448275862,225.0,0.5172413793103449,1.8333333333333333,12.0,9,2.3696152120471146,1.222891978722565,False,False
LAST_OPPOSING,3,CISD,4.0,0.0,0.0,0.0,0.25,3540,11.273885350318471,31.11718275652702,1831.0,0.5172316384180791,1.8069634200088145,19.0,19,2.399448950535562,1.0048019317678112,False,False
EXTREME_OPEN,3,FIB_786,2.5,1.5,0.4,0.0,0.25,443,1.410828025477707,43.340857787810386,229.0,0.5169300225733634,1.9123505976095618,12.0,7,2.2171011477532296,1.1594044613862138,False,False
LAST_OPPOSING,5,CISD,2.5,0.0,0.3,0.05,0.25,2836,9.031847133757962,43.8136826783115,1466.0,0.5169252468265162,1.9494818652849741,12.5,12,1.8791839096807534,0.8712549826957129,False,False
EXTREME_OPEN,3,FIB_786,3.0,1.2,0.4,0.05,0.5,741,2.359872611464968,37.92172739541161,383.0,0.5168690958164642,1.8326086956521739,13.0,10,2.357539585035432,1.2174509469338488,False,False
LAST_OPPOSING,3,FIB_786,3.0,1.5,0.0,0.15,0.5,741,2.359872611464968,37.92172739541161,383.0,0.5168690958164642,1.8326086956521739,20.0,10,2.3024532363753316,1.1785046271186608,False,False
LAST_OPPOSING,5,FIB_786,3.0,1.5,0.3,0.0,0.25,625,1.9904458598726114,37.92,323.0,0.5168,1.8324742268041236,14.0,8,2.3632924235769703,1.2084414045734193,False,False
LAST_OPPOSING,8,CISD,2.5,0.0,0.3,0.0,0.25,3006,9.573248407643312,43.803638860281495,1553.0,0.5166333998669328,1.948686621869273,12.5,12,1.8785754430065804,0.8782133175911994,False,False
LAST_OPPOSING,3,FIB_618,2.5,0.0,0.0,0.15,0.25,2543,8.098726114649681,43.34780892222661,1310.0,0.5151395988989382,1.9128919860627178,15.0,11,1.9995212609852946,0.9931092982932552,False,False
EXTREME_OPEN,5,FIB_786,3.0,1.2,0.4,0.05,0.5,771,2.4554140127388533,37.87289234760052,397.0,0.5149156939040207,1.8288100208768268,10.0,9,2.353666820577177,1.2110697356930888,False,False
LAST_OPPOSING,5,FIB_786,2.5,1.5,0.0,0.15,0.5,818,2.605095541401274,43.27628361858191,421.0,0.5146699266503667,1.9073275862068966,12.5,10,2.146705482308931,1.0959971914003035,False,False
LAST_OPPOSING,8,CISD,2.5,0.0,0.0,0.05,0.5,3890,12.388535031847134,43.788241553604685,2002.0,0.5146529562982005,1.947468054898249,18.0,16,1.8901662275816105,0.8710770410877798,False,False
LAST_OPPOSING,8,FIB_786,3.0,1.2,0.4,0.0,0.5,787,2.5063694267515926,37.86531130876747,405.0,0.5146124523506989,1.8282208588957056,12.0,9,2.314658925620246,1.200898176355975,False,False
EXTREME_OPEN,3,FIB_786,3.0,2.0,0.0,0.15,0.25,346,1.1019108280254777,37.861271676300575,178.0,0.5144508670520231,1.827906976744186,22.0,22,2.361893822023461,1.211206835285819,False,False
EXTREME_OPEN,5,FIB_786,2.5,1.5,0.4,0.0,0.25,460,1.464968152866242,43.26086956521739,236.5,0.5141304347826087,1.9061302681992338,13.0,7,2.212807505416837,1.1522829324253139,False,False
LAST_OPPOSING,3,CISD,3.0,0.0,0.3,0.0,0.25,2799,8.914012738853502,38.37857939754555,1439.0,0.5141121829224723,1.868436934218467,14.0,14,2.0723873691803294,0.9355991321763326,False,False
LAST_OPPOSING,3,FIB_786,2.5,1.5,0.0,0.0,0.5,844,2.6878980891719744,43.24644549763033,433.5,0.5136255924170616,1.9050104384133613,17.5,13,2.163749362229446,1.1053592497539602,False,False
EXTREME_OPEN,5,CISD,2.5,0.0,0.0,0.15,0.25,3106,9.89171974522293,43.77295492487479,1593.5,0.5130392788151964,1.9462589073634204,17.0,17,1.8668444495383394,0.8745446477719034,False,False
EXTREME_OPEN,5,FIB_786,2.5,1.5,0.0,0.0,0.25,923,2.9394904458598727,43.228602383531964,473.5,0.5130010834236186,1.9036259541984732,22.0,13,2.2054137961791342,1.1641975767630013,False,False
EXTREME_OPEN,3,FIB_705,3.0,0.0,0.0,0.0,0.25,3430,10.92356687898089,37.83941605839416,1759.0,0.5128279883381924,1.826209488022546,29.0,27,2.3082044453239967,1.1479677267364485,False,False
EXTREME_OPEN,8,FIB_786,2.5,1.5,0.3,0.15,0.25,590,1.8789808917197452,43.22033898305085,302.5,0.5127118644067796,1.9029850746268657,13.5,12,2.2162517310133407,1.1586773581463445,False,False
EXTREME_OPEN,5,FIB_705,3.0,0.0,0.0,0.0,0.25,3539,11.270700636942674,37.8324844368987,1814.0,0.5125741734953376,1.8256713700500682,28.0,18,2.304549957273522,1.1458993457180229,False,False
LAST_OPPOSING,5,FIB_618,2.5,0.0,0.0,0.15,0.25,2718,8.656050955414013,43.27420546932742,1392.5,0.5123252391464312,1.9071661237785016,13.5,11,1.9880556446397026,0.9905386524649044,False,False
EXTREME_OPEN,3,FIB_786,3.0,1.2,0.4,0.15,0.5,693,2.2070063694267517,37.8066378066378,355.0,0.5122655122655123,1.8236658932714618,15.0,9,2.3490206149864217,1.2226622122226019,False,False
LAST_OPPOSING,8,FIB_786,3.0,1.5,0.4,0.05,0.5,455,1.4490445859872612,37.8021978021978,233.0,0.512087912087912,1.823321554770318,11.0,8,2.2762272197581597,1.1667374003310933,False,False
EXTREME_OPEN,3,FIB_786,3.0,1.5,0.4,0.15,0.25,418,1.3312101910828025,37.79904306220095,214.0,0.5119617224880383,1.823076923076923,14.0,13,2.368062951395944,1.233311096226708,False,False
EXTREME_OPEN,3,FIB_786,2.5,1.5,0.4,0.15,0.25,419,1.3343949044585988,43.198090692124104,214.5,0.5119331742243437,1.9012605042016806,11.0,8,2.2209928992667303,1.1559509274040909,False,False
LAST_OPPOSING,3,FIB_705,3.0,0.0,0.0,0.0,0.25,3227,10.277070063694268,37.826086956521735,1652.0,0.5119305856832972,1.8251748251748252,26.0,19,2.3019159849291584,1.1431096277128379,False,False
EXTREME_OPEN,8,FIB_786,3.0,1.5,0.4,0.0,0.25,463,1.4745222929936306,37.79697624190065,237.0,0.5118790496760259,1.8229166666666667,14.0,11,2.358394818451471,1.2293883109652262,False,False
EXTREME_OPEN,5,FIB_786,2.5,1.2,0.4,0.05,0.5,771,2.4554140127388533,43.190661478599225,394.5,0.5116731517509727,1.9006849315068493,9.5,8,2.198351276055024,1.1358183355040736,False,False
LAST_OPPOSING,3,FIB_786,3.0,1.2,0.3,0.15,0.5,882,2.8089171974522293,37.79795686719637,451.0,0.5113378684807256,1.822992700729927,15.0,12,2.33725003536036,1.1989585120859585,False,False
LAST_OPPOSING,5,FIB_786,3.0,1.5,0.0,0.15,0.25,818,2.605095541401274,37.775061124694375,418.0,0.511002444987775,1.8212180746561886,20.0,11,2.3411949907912972,1.2109820466848702,False,False
LAST_OPPOSING,8,FIB_786,3.0,1.5,0.4,0.0,0.5,458,1.4585987261146496,37.77292576419214,234.0,0.5109170305676856,1.8210526315789475,11.0,8,2.2740012007498747,1.169236762616781,False,False
LAST_OPPOSING,3,FIB_786,2.5,1.5,0.4,0.0,0.5,424,1.3503184713375795,43.160377358490564,216.5,0.5106132075471698,1.8983402489626555,11.0,9,2.169086772851952,1.1015178918725483,False,False
EXTREME_OPEN,3,CISD,2.5,0.0,0.0,0.15,0.25,2972,9.464968152866241,43.65217391304348,1517.5,0.5105989232839838,1.9367283950617284,17.0,17,1.8722295106507139,0.8810486739002339,False,False
LAST_OPPOSING,8,FIB_705,3.0,0.0,0.0,0.0,0.25,3461,11.022292993630574,37.79322328410078,1767.0,0.5105460849465473,1.8226256983240223,24.0,18,2.285790304438614,1.139277505136698,False,False
EXTREME_OPEN,8,FIB_786,2.5,1.5,0.3,0.0,0.25,635,2.022292993630573,43.1496062992126,324.0,0.510236220472441,1.8975069252077563,15.5,10,2.2218977986538078,1.1632922739196714,False,False
LAST_OPPOSING,3,CISD,4.0,0.0,0.0,0.15,0.25,2702,8.605095541401274,30.993218986836858,1378.0,0.5099925980754997,1.7965317919075146,19.0,18,2.4050209878830935,0.9971550097799585,False,False
EXTREME_OPEN,3,FIB_786,2.5,1.2,0.4,0.0,0.5,751,2.3917197452229297,43.142476697736356,383.0,0.5099866844207723,1.8969555035128807,9.0,9,2.202460641156505,1.1441687043613111,False,False
EXTREME_OPEN,3,FIB_786,3.0,1.5,0.0,0.15,0.25,758,2.4140127388535033,37.73087071240106,386.0,0.5092348284960422,1.8177966101694916,22.0,16,2.375682066603133,1.2358040579493423,False,False
LAST_OPPOSING,8,CISD,2.5,0.0,0.3,0.05,0.25,2871,9.143312101910828,43.597122302158276,1462.0,0.5092302333681644,1.9323979591836735,12.5,12,1.8767470579715027,0.8739209045434184,False,False
LAST_OPPOSING,5,FIB_705,3.0,0.0,0.0,0.05,0.25,3148,10.02547770700637,37.75867558102515,1603.0,0.5092121982210928,1.8199488491048594,19.0,16,2.28394620385209,1.1288292887510296,False,False
EXTREME_OPEN,5,FIB_786,2.5,1.5,0.4,0.15,0.25,436,1.3885350318471337,43.11926605504588,222.0,0.5091743119266054,1.8951612903225807,12.0,8,2.2163111670408813,1.1485720438162061,False,False
LAST_OPPOSING,3,FIB_786,2.5,1.5,0.3,0.15,0.5,545,1.7356687898089171,43.11926605504588,277.5,0.5091743119266054,1.8951612903225807,12.5,10,2.1737447867895456,1.0908378720613445,False,False
EXTREME_OPEN,8,FIB_786,2.5,1.5,0.0,0.0,0.25,937,2.984076433121019,43.11632870864461,477.0,0.5090715048025614,1.8949343339587241,23.0,13,2.199058877172301,1.1645141676658486,False,False
EXTREME_OPEN,8,FIB_786,2.5,1.5,0.4,0.0,0.25,464,1.4777070063694266,43.103448275862064,236.0,0.5086206896551724,1.893939393939394,14.0,7,2.2069935811943484,1.1547254572127552,False,False
EXTREME_OPEN,8,FIB_705,3.0,0.0,0.0,0.0,0.25,3575,11.385350318471337,37.73109243697479,1818.0,0.5085314685314686,1.8178137651821862,28.0,18,2.2986207607794515,1.146441629513452,False,False
LAST_OPPOSING,8,CISD,4.0,0.0,0.0,0.0,0.25,3749,11.939490445859873,30.939385234128125,1904.0,0.507868765004001,1.7920133111480865,27.0,20,2.386814146130511,1.0022637020261773,False,False
LAST_OPPOSING,3,FIB_786,2.5,1.5,0.3,0.05,0.5,578,1.8407643312101911,43.0795847750865,293.5,0.5077854671280276,1.8920972644376899,14.5,11,2.1849658420736593,1.092481380968353,False,False
LAST_OPPOSING,3,CISD,2.5,0.0,0.3,0.0,0.5,2850,9.07643312101911,43.48610609888127,1446.5,0.5075438596491229,1.923690932311622,12.5,12,1.8693148663757861,0.8762520550824451,False,False
LAST_OPPOSING,3,FIB_786,3.0,1.5,0.3,0.15,0.5,544,1.732484076433121,37.68382352941176,276.0,0.5073529411764706,1.8141592920353982,17.0,11,2.2975100973159543,1.1696869044313118,False,False
EXTREME_OPEN,3,FIB_786,3.0,1.2,0.4,0.0,0.5,751,2.3917197452229297,37.68308921438083,381.0,0.507323568575233,1.814102564102564,13.0,10,2.351590090700247,1.2210500823740993,False,False
EXTREME_OPEN,3,FIB_705,2.5,1.2,0.4,0.05,0.25,836,2.662420382165605,43.0622009569378,424.0,0.507177033492823,1.8907563025210083,11.5,10,2.095779230889495,1.0765551934298536,False,False
EXTREME_OPEN,5,FIB_786,3.0,1.2,0.4,0.15,0.5,722,2.299363057324841,37.67313019390582,366.0,0.5069252077562327,1.8133333333333332,11.0,8,2.343460374645884,1.2166346395045136,False,False
LAST_OPPOSING,8,CISD,3.0,0.0,0.0,0.05,0.5,3747,11.933121019108281,38.29131652661065,1898.0,0.5065385641846811,1.8615524285065819,20.0,16,2.072316811733574,0.920347222408032,False,False
EXTREME_OPEN,3,FIB_786,3.0,2.0,0.0,0.05,0.25,385,1.2261146496815287,37.66233766233766,195.0,0.5064935064935064,1.8125,24.0,24,2.3735682777942646,1.2189221815666458,False,False
EXTREME_OPEN,3,FIB_705,3.0,0.0,0.0,0.05,0.25,3144,10.012738853503185,37.675159235668794,1592.0,0.5063613231552163,1.8134900357690342,24.0,23,2.3014626651135828,1.1387869181949093,False,False
LAST_OPPOSING,3,CISD,3.0,0.0,0.3,0.05,0.25,2671,8.506369426751592,38.182527301092044,1352.0,0.5061774616248595,1.8529968454258674,15.0,14,2.07034639624832,0.9294706002361045,False,False
EXTREME_OPEN,8,FIB_786,2.5,1.2,0.4,0.05,0.5,781,2.4872611464968153,43.02176696542894,395.0,0.5057618437900128,1.8876404494382022,9.5,8,2.1928010504725055,1.1367056129153248,False,False
EXTREME_OPEN,5,FIB_786,3.0,1.2,0.4,0.0,0.5,781,2.4872611464968153,37.64404609475032,395.0,0.5057618437900128,1.811088295687885,10.0,9,2.3479954472082385,1.2146123257417905,False,False
EXTREME_OPEN,8,FIB_786,3.0,1.2,0.4,0.05,0.5,781,2.4872611464968153,37.64404609475032,395.0,0.5057618437900128,1.811088295687885,10.0,10,2.346127919648664,1.212465316163186,False,False
EXTREME_OPEN,3,FIB_786,3.0,1.5,0.3,0.15,0.25,558,1.7770700636942676,37.634408602150536,282.0,0.5053763440860215,1.8103448275862069,18.0,16,2.3864805240744977,1.2391079851287667,False,False
EXTREME_OPEN,5,FIB_786,3.0,2.0,0.4,0.15,0.25,194,0.6178343949044586,37.628865979381445,98.0,0.5051546391752577,1.8099173553719008,18.0,12,2.385671822818735,1.2199228348940936,False,False
EXTREME_OPEN,5,FIB_786,3.0,2.0,0.4,0.15,0.5,194,0.6178343949044586,37.628865979381445,98.0,0.5051546391752577,1.8099173553719008,18.0,12,2.3314662351433477,1.194051427255137,False,False
EXTREME_OPEN,3,FIB_786,2.5,1.2,0.4,0.15,0.5,693,2.2070063694267517,43.001443001443,350.0,0.5050505050505051,1.8860759493670887,9.5,8,2.195615533231245,1.1500891121954382,False,False
LAST_OPPOSING,3,FIB_705,3.0,0.0,0.0,0.05,0.25,2973,9.468152866242038,37.64745534209639,1501.0,0.5048772283888329,1.8113513513513513,21.0,17,2.2927022339704632,1.1339663787023506,False,False
EXTREME_OPEN,5,FIB_618,2.5,0.0,0.0,0.15,0.25,2710,8.630573248407643,43.02626711061783,1367.5,0.5046125461254612,1.8879870129870129,15.0,10,1.9983720999357388,0.9995238916489055,False,False
LAST_OPPOSING,3,FIB_705,2.5,0.0,0.0,0.0,0.5,3236,10.305732484076433,42.99412310547479,1632.0,0.5043263288009888,1.8855127509495389,15.5,12,2.1002661146866135,1.0583326591237285,False,False
EXTREME_OPEN,3,FIB_618,2.5,0.0,0.0,0.15,0.25,2599,8.277070063694268,43.016975308641975,1310.5,0.5042323970757984,1.8872714962762356,16.5,11,2.0018539499507186,1.0036423194315651,False,False
LAST_OPPOSING,5,FIB_705,2.5,0.0,0.0,0.0,0.5,3417,10.882165605095542,42.9827131555816,1721.5,0.5038045068773778,1.8846351490236382,15.5,12,2.0922695553689583,1.0541223672075182,False,False
LAST_OPPOSING,3,FIB_786,2.5,1.5,0.3,0.0,0.5,582,1.8535031847133758,42.955326460481096,293.0,0.5034364261168385,1.8825301204819278,14.5,11,2.181308623349703,1.0943682942451336,False,False
EXTREME_OPEN,8,FIB_786,3.0,1.5,0.4,0.15,0.25,439,1.3980891719745223,37.58542141230068,221.0,0.5034168564920274,1.8065693430656935,13.0,10,2.3620414269314978,1.2275350510094793,False,False
EXTREME_OPEN,8,FIB_786,2.5,1.5,0.4,0.15,0.25,440,1.4012738853503184,42.95454545454545,221.5,0.5034090909090909,1.8824701195219125,13.0,8,2.2101482682096747,1.1511815325794088,False,False
EXTREME_OPEN,5,FIB_705,3.0,0.0,0.0,0.05,0.25,3250,10.35031847133758,37.584719654959954,1634.0,0.5027692307692307,1.8065153010858834,24.0,17,2.2957033343646938,1.1376156946360279,False,False
EXTREME_OPEN,5,FIB_705,2.5,1.2,0.4,0.05,0.25,869,2.767515923566879,42.9228998849252,436.5,0.502301495972382,1.8800403225806452,12.5,9,2.085421751360283,1.0729047553298556,False,False
EXTREME_OPEN,3,FIB_786,3.0,1.5,0.3,0.05,0.25,594,1.89171974522293,37.54208754208754,298.0,0.5016835016835017,1.803234501347709,20.0,18,2.3998592715434746,1.242793142722114,False,False
LAST_OPPOSING,8,CISD,4.0,0.0,0.0,0.15,0.25,2909,9.264331210191083,30.843552582683014,1459.0,0.5015469233413544,1.783987103707684,22.0,18,2.3888484339927474,0.9951893583539829,False,False
EXTREME_OPEN,5,FIB_786,2.5,1.2,0.4,0.0,0.5,781,2.4872611464968153,42.89372599231754,391.5,0.501280409731114,1.8778026905829597,9.0,9,2.1946685780320796,1.1403244518035947,False,False
EXTREME_OPEN,5,FIB_786,3.0,2.0,0.0,0.0,0.25,405,1.2898089171974523,37.53086419753087,203.0,0.5012345679012346,1.8023715415019763,21.0,19,2.3634067467658575,1.2248278978779432,False,False
LAST_OPPOSING,5,FIB_786,2.5,1.5,0.4,0.15,0.5,429,1.3662420382165605,42.89044289044289,215.0,0.5011655011655012,1.8775510204081634,11.0,7,2.1695596555762835,1.095962513798301,False,False
LAST_OPPOSING,8,FIB_786,3.0,1.5,0.4,0.15,0.5,437,1.39171974522293,37.52860411899314,219.0,0.5011441647597255,1.8021978021978022,12.0,11,2.2675784667519587,1.1687345764188612,False,False
LAST_OPPOSING,5,CISD,3.0,0.0,0.3,0.0,0.25,2908,9.261146496815286,38.069608898457126,1457.0,0.5010316368638239,1.8441483198146003,16.0,14,2.061124852086186,0.9366390857174571,False,False
EXTREME_OPEN,5,FIB_786,3.0,1.5,0.3,0.15,0.25,581,1.8503184713375795,37.52151462994836,291.0,0.5008605851979346,1.8016528925619835,16.0,12,2.3830701592939767,1.2373279137364825,False,False
EXTREME_OPEN,3,FIB_786,2.5,1.5,0.0,0.15,0.5,758,2.4140127388535033,42.87598944591029,379.5,0.5006596306068601,1.8764434180138567,17.5,11,2.1788749144016295,1.1296287755347487,False,False
EXTREME_OPEN,3,FIB_705,2.5,0.0,0.0,0.0,0.5,3445,10.971337579617835,42.86959047342434,1723.0,0.5001451378809869,1.8759532282663955,17.5,12,2.10489042448044,1.065680725527286,False,False
EXTREME_OPEN,3,FIB_705,2.5,1.2,0.4,0.0,0.25,847,2.6974522292993632,42.857142857142854,423.5,0.5,1.875,10.5,10,2.0912749079084123,1.0792527527450702,False,False
LAST_OPPOSING,8,FIB_786,2.5,1.5,0.4,0.05,0.5,455,1.4490445859872612,42.857142857142854,227.5,0.5,1.875,9.5,7,2.1584903733771585,1.0981954219738412,False,False
LAST_OPPOSING,8,FIB_705,3.0,0.0,0.0,0.05,0.25,3202,10.197452229299364,37.527386541471046,1601.0,0.5,1.8021042084168337,19.0,17,2.273660366195276,1.131543702074475,False,False
LAST_OPPOSING,5,FIB_786,3.0,1.5,0.0,0.05,0.25,904,2.878980891719745,37.5,452.0,0.5,1.8,24.0,10,2.338955828461244,1.2210499776446386,False,False
EXTREME_OPEN,8,CISD,2.5,0.0,0.0,0.15,0.25,3148,10.02547770700637,43.423661599471245,1573.0,0.4996823379923761,1.9188084112149533,16.5,15,1.8625934700666293,0.8752659047863683,False,False
EXTREME_OPEN,5,FIB_705,2.5,0.0,0.0,0.0,0.5,3552,11.312101910828025,42.84507042253521,1773.5,0.49929617117117114,1.874075899457861,17.5,12,2.1004801729031524,1.0638524310512658,False,False
LAST_OPPOSING,8,FIB_618,2.5,0.0,0.0,0.15,0.25,2768,8.815286624203821,42.9038112522686,1382.0,0.49927745664739887,1.8785759694850603,13.5,11,1.9791822123642975,0.9941513841528763,False,False
EXTREME_OPEN,8,FIB_618,2.5,0.0,0.0,0.15,0.25,2751,8.761146496815286,42.857142857142854,1372.0,0.49872773536895676,1.875,15.0,10,1.9914865401729704,1.0000928861863823,False,False
LAST_OPPOSING,3,CISD,2.5,0.0,0.3,0.05,0.5,2723,8.671974522292993,43.23507180650038,1358.0,0.4987146529562982,1.904127829560586,13.0,12,1.8668495701330738,0.8722309240599526,False,False
LAST_OPPOSING,5,FIB_705,3.0,0.0,0.0,0.0,0.5,3395,10.812101910828025,37.49630941836433,1693.0,0.49867452135493373,1.7997165800661312,21.0,17,2.2609852012953233,1.1204094648756908,False,False
LAST_OPPOSING,3,FIB_705,2.5,0.0,0.0,0.05,0.5,2986,9.509554140127388,42.828418230563,1489.0,0.4986604152712659,1.872801875732708,13.5,12,2.0932890803244315,1.0494629907140633,False,False
EXTREME_OPEN,8,FIB_705,3.0,0.0,0.0,0.05,0.25,3286,10.464968152866241,37.47714808043875,1638.0,0.4984783931832015,1.7982456140350878,24.0,17,2.289349591503591,1.1382964237923308,False,False
LAST_OPPOSING,5,FIB_786,2.5,1.5,0.3,0.15,0.5,584,1.8598726114649682,42.80821917808219,291.0,0.4982876712328767,1.8712574850299402,9.5,8,2.1599671039943282,1.1004311187065159,False,False
LAST_OPPOSING,8,FIB_786,2.5,1.5,0.4,0.0,0.5,458,1.4585987261146496,42.79475982532751,228.0,0.4978165938864629,1.8702290076335877,9.5,7,2.1570355564194035,1.1011437491832665,False,False
EXTREME_OPEN,5,FIB_786,3.0,1.5,0.4,0.05,0.5,454,1.4458598726114649,37.44493392070485,226.0,0.4977973568281938,1.795774647887324,13.0,10,2.302948039337141,1.1977507319555183,False,False
LAST_OPPOSING,5,CISD,4.0,0.0,0.0,0.0,0.5,3669,11.684713375796179,30.73529411764706,1825.0,0.49741073862087765,1.7749469214437368,25.0,19,2.3717082529113194,0.9915810885436056,False,False
LAST_OPPOSING,3,FIB_786,3.0,1.5,0.3,0.05,0.5,577,1.8375796178343948,37.43500866551127,287.0,0.49740034662045063,1.7950138504155124,19.0,12,2.312201798857982,1.1721936439443679,False,False
EXTREME_OPEN,8,FIB_786,3.0,1.2,0.4,0.15,0.5,732,2.3312101910828025,37.43169398907104,364.0,0.4972677595628415,1.794759825327511,10.0,9,2.335556252834606,1.2180476167026442,False,False
LAST_OPPOSING,3,FIB_786,3.0,1.5,0.0,0.05,0.5,823,2.621019108280255,37.424058323207774,409.0,0.49696233292831105,1.7941747572815534,24.0,13,2.3017947512740413,1.188711913793564,False,False
LAST_OPPOSING,3,FIB_618,2.5,0.0,0.0,0.15,0.5,2539,8.085987261146498,42.823250296559905,1261.5,0.4968491532099252,1.8724066390041494,15.0,13,1.9776522306861917,0.9869952062471677,False,False
EXTREME_OPEN,8,FIB_786,3.0,1.2,0.4,0.0,0.5,791,2.5191082802547773,37.420986093552465,393.0,0.4968394437420986,1.793939393939394,10.0,10,2.340623553540123,1.2159454767489444,False,False
LAST_OPPOSING,5,FIB_705,2.5,0.0,0.0,0.05,0.5,3162,10.070063694267516,42.76669832225387,1569.5,0.49636306135357366,1.8680862831858407,14.5,13,2.0837573406575136,1.0459607479791,False,False
LAST_OPPOSING,5,CISD,2.5,0.0,0.3,0.0,0.5,2961,9.429936305732484,43.19052594914664,1469.0,0.4961161769672408,1.900674432863274,12.5,12,1.8607179353187167,0.8756543615419436,False,False
LAST_OPPOSING,3,FIB_786,3.0,2.0,0.0,0.0,0.25,385,1.2261146496815287,37.4025974025974,191.0,0.4961038961038961,1.7925311203319503,18.0,18,2.3268322712954808,1.1804195871263647,False,False
EXTREME_OPEN,8,FIB_705,2.5,0.0,0.0,0.0,0.5,3588,11.426751592356688,42.74958170663692,1779.5,0.495958751393534,1.86678032148076,17.5,12,2.095122818559227,1.0643269519319511,False,False
EXTREME_OPEN,5,FIB_786,3.0,2.0,0.0,0.15,0.25,361,1.1496815286624205,37.396121883656505,179.0,0.49584487534626037,1.7920353982300885,19.0,15,2.3470563275798706,1.2235990053184582,False,False
LAST_OPPOSING,5,FIB_786,3.0,1.5,0.3,0.15,0.5,583,1.856687898089172,37.39279588336192,289.0,0.4957118353344768,1.7917808219178082,13.0,9,2.285327078536157,1.1780468421091872,False,False
EXTREME_OPEN,3,FIB_786,2.5,1.2,0.3,0.15,0.5,904,2.878980891719745,42.74640088593577,448.0,0.49557522123893805,1.8665377176015474,13.5,9,2.2033831586159467,1.1544540738910332,False,False
EXTREME_OPEN,8,FIB_786,2.5,1.2,0.4,0.0,0.5,791,2.5191082802547773,42.7307206068268,392.0,0.49557522123893805,1.8653421633554084,9.0,9,2.1892350771474804,1.1411435447178702,False,False
EXTREME_OPEN,5,FIB_705,2.5,1.2,0.4,0.0,0.25,880,2.8025477707006368,42.72727272727273,436.0,0.4954545454545455,1.8650793650793651,10.5,9,2.0812158089851063,1.0755467866470017,False,False
LAST_OPPOSING,5,FIB_786,2.5,1.5,0.3,0.05,0.5,618,1.9681528662420382,42.71844660194174,306.0,0.49514563106796117,1.8644067796610169,10.5,8,2.16877482927094,1.1022543616163576,False,False
EXTREME_OPEN,5,FIB_786,3.0,1.5,0.3,0.05,0.25,618,1.9681528662420382,37.37864077669903,306.0,0.49514563106796117,1.7906976744186047,18.0,14,2.393488768570222,1.241898081380109,False,False
LAST_OPPOSING,3,FIB_705,2.5,1.2,0.4,0.05,0.25,817,2.6019108280254777,42.71725826193391,404.5,0.49510403916768664,1.8643162393162394,16.0,9,2.055165005309829,1.0708404618316296,False,False
EXTREME_OPEN,3,FIB_786,3.0,1.5,0.3,0.0,0.25,602,1.9171974522292994,37.37541528239203,298.0,0.4950166112956811,1.790450928381963,20.0,18,2.3938094845953723,1.245712979202951,False,False
LAST_OPPOSING,8,FIB_705,2.5,0.0,0.0,0.0,0.5,3470,11.050955414012739,42.72937103289094,1717.5,0.49495677233429397,1.8652392947103276,16.5,12,2.0842862713275068,1.0567895511691505,False,False
EXTREME_OPEN,5,FIB_786,3.0,1.5,0.0,0.15,0.25,792,2.522292993630573,37.37373737373738,392.0,0.494949494949495,1.7903225806451613,21.0,11,2.3684004969525727,1.2397392667408142,False,False
LAST_OPPOSING,8,CISD,3.0,0.0,0.3,0.0,0.25,2941,9.36624203821656,37.912673056443026,1455.0,0.4947296837810269,1.8319039451114922,14.0,14,2.0575084216678863,0.9383852207735696,False,False
LAST_OPPOSING,5,FIB_786,4.0,0.0,0.0,0.0,0.25,3070,9.777070063694268,29.89892402999674,1518.0,0.4944625407166124,1.7060465116279069,21.0,17,2.792318718848547,1.4028008605880486,False,False
LAST_OPPOSING,8,FIB_786,3.0,1.5,0.3,0.05,0.25,629,2.0031847133757963,37.36089030206677,311.0,0.4944356120826709,1.7893401015228427,15.0,9,2.347355037149891,1.2180393643566512,False,False
LAST_OPPOSING,5,FIB_705,4.0,0.0,0.0,0.0,0.25,3357,10.69108280254777,29.931158335827597,1659.0,0.4941912421805183,1.7086715079026058,23.0,19,2.590643284512831,1.2456261540718991,False,False
EXTREME_OPEN,5,FIB_705,3.0,0.0,0.0,0.0,0.5,3524,11.222929936305732,37.368570616652455,1741.0,0.49404086265607267,1.7899274047186933,26.0,18,2.2661092258976665,1.128922009427975,False,False
EXTREME_OPEN,3,FIB_705,3.0,0.0,0.0,0.0,0.5,3417,10.882165605095542,37.36811254396248,1688.0,0.49400058530875035,1.7898923724847917,27.0,26,2.270390854508295,1.130853609855094,False,False
LAST_OPPOSING,3,FIB_786,3.0,1.5,0.3,0.0,0.5,581,1.8503184713375795,37.34939759036144,287.0,0.4939759036144578,1.7884615384615385,19.0,12,2.3076623063889974,1.1735350113715317,False,False
LAST_OPPOSING,5,FIB_618,2.5,0.0,0.0,0.15,0.5,2714,8.643312101910828,42.74611398963731,1340.5,0.4939204126750184,1.8665158371040724,13.5,13,1.9663746688842616,0.9841641674944263,False,False
EXTREME_OPEN,3,CISD,2.5,0.0,0.0,0.15,0.5,2966,9.445859872611464,43.15092366678285,1464.0,0.4935940660822657,1.897608828939301,17.0,17,1.8490379377410504,0.8776289700903269,False,False
LAST_OPPOSING,5,CISD,3.0,0.0,0.3,0.05,0.25,2776,8.840764331210192,37.885628291948834,1370.0,0.4935158501440922,1.8298001211387038,15.0,14,2.0590446882021474,0.9304013933773676,False,False
LAST_OPPOSING,5,FIB_786,3.0,1.5,0.0,0.0,0.25,924,2.9426751592356686,37.33766233766234,456.0,0.4935064935064935,1.7875647668393781,25.0,10,2.3289590362763932,1.2250590662371652,False,False
EXTREME_OPEN,3,CISD,3.0,0.0,0.0,0.15,0.25,2892,9.210191082802547,37.93978962640551,1427.0,0.4934301521438451,1.8340151957919346,18.0,18,2.0444484158066007,0.9328414587542542,False,False
EXTREME_OPEN,5,CISD,2.5,0.0,0.0,0.15,0.5,3100,9.872611464968152,43.19170291067246,1529.5,0.49338709677419357,1.9007656065959952,17.0,17,1.8445490277852308,0.871998409995435,False,False
LAST_OPPOSING,5,FIB_786,2.5,1.5,0.0,0.05,0.5,907,2.888535031847134,42.668136714443214,447.5,0.4933847850055127,1.8605769230769231,16.0,9,2.145394440906056,1.1104288680544525,False,False
LAST_OPPOSING,3,CISD,4.0,0.0,0.0,0.0,0.5,3504,11.159235668789808,30.627306273062732,1728.0,0.4931506849315068,1.7659574468085106,24.0,18,2.373680977002121,0.9961242648242009,False,False
EXTREME_OPEN,5,FIB_786,2.5,1.2,0.4,0.15,0.5,722,2.299363057324841,42.65927977839335,356.0,0.4930747922437673,1.8599033816425121,9.0,8,2.1870332516475464,1.1465874470156614,False,False
EXTREME_OPEN,5,CISD,3.0,0.0,0.0,0.15,0.25,3020,9.617834394904458,37.96586555207245,1489.0,0.49304635761589405,1.8360471645143177,20.0,20,2.03577501079987,0.9277871969938167,False,False
LAST_OPPOSING,5,FIB_618,3.0,0.0,0.0,0.15,0.25,2692,8.573248407643312,37.41114852225964,1327.0,0.49294205052005946,1.7931858936043037,16.0,15,2.1585286839453697,1.0587761326663516,False,False
LAST_OPPOSING,3,FIB_786,4.0,0.0,0.0,0.0,0.25,2913,9.277070063694268,29.86254295532646,1435.0,0.49261929282526606,1.7030867221950023,22.0,17,2.8016866662840805,1.4081707017378842,False,False
EXTREME_OPEN,5,FIB_786,3.0,2.0,0.4,0.05,0.25,201,0.6401273885350318,37.3134328358209,99.0,0.4925373134328358,1.7857142857142858,16.0,13,2.368654954370504,1.220858354473631,False,False
EXTREME_OPEN,5,FIB_786,3.0,2.0,0.4,0.05,0.5,201,0.6401273885350318,37.3134328358209,99.0,0.4925373134328358,1.7857142857142858,16.0,13,2.3161172126175598,1.1945624469316454,False,False
LAST_OPPOSING,8,FIB_786,3.0,1.5,0.3,0.15,0.25,595,1.894904458598726,37.3109243697479,293.0,0.492436974789916,1.7855227882037534,14.0,8,2.3336979613787006,1.2182460949439935,False,False
LAST_OPPOSING,3,FIB_618,3.0,0.0,0.0,0.15,0.25,2519,8.022292993630574,37.38019169329074,1240.0,0.49225883287018657,1.7908163265306123,20.0,13,2.1715642002483984,1.0623001778984411,False,False
EXTREME_OPEN,3,FIB_705,2.5,0.0,0.0,0.05,0.5,3160,10.063694267515924,42.64007597340931,1555.5,0.492246835443038,1.8584437086092715,17.0,14,2.098500522354881,1.0587007735238432,False,False
LAST_OPPOSING,5,CISD,4.0,0.0,0.0,0.15,0.5,2849,9.073248407643312,30.649449297379416,1402.0,0.49210249210249213,1.7677984665936473,19.0,18,2.3742734556194534,0.9876534319222448,False,False
EXTREME_OPEN,3,FIB_786,3.0,1.5,0.4,0.05,0.5,437,1.39171974522293,37.29977116704806,215.0,0.4919908466819222,1.7846715328467153,15.0,14,2.297572154525813,1.2082135850820268,False,False
EXTREME_OPEN,3,FIB_786,3.0,2.0,0.4,0.15,0.25,185,0.589171974522293,37.2972972972973,91.0,0.4918918918918919,1.7844827586206897,21.0,21,2.3862044616478713,1.224406778364753,False,False
EXTREME_OPEN,3,FIB_786,3.0,2.0,0.4,0.15,0.5,185,0.589171974522293,37.2972972972973,91.0,0.4918918918918919,1.7844827586206897,21.0,21,2.3214564175276635,1.199635522830859,False,False
EXTREME_OPEN,3,FIB_705,2.5,1.2,0.4,0.15,0.25,779,2.4808917197452227,42.61874197689345,383.0,0.49165596919127086,1.8568232662192394,10.0,9,2.0747867129101563,1.0787287297493988,False,False
EXTREME_OPEN,8,FIB_705,2.5,1.2,0.4,0.05,0.25,880,2.8025477707006368,42.61363636363637,432.5,0.4914772727272727,1.8564356435643565,12.5,9,2.078211250140415,1.075305004446872,False,False
LAST_OPPOSING,3,FIB_786,2.5,2.0,0.0,0.15,0.25,352,1.1210191082802548,42.61363636363637,173.0,0.4914772727272727,1.8564356435643565,13.5,9,2.202416295330802,1.1163992049872327,False,False
LAST_OPPOSING,3,FIB_705,3.0,0.0,0.0,0.0,0.5,3215,10.238853503184714,37.31296758104738,1580.0,0.49144634525660963,1.7856787667826952,23.0,18,2.2679483746282276,1.1266164921658068,False,False
LAST_OPPOSING,3,CISD,3.0,0.0,0.3,0.0,0.5,2786,8.872611464968152,37.780269058295964,1368.0,0.4910265613783202,1.8216216216216217,15.0,14,2.0466793196160036,0.9299701257202185,False,False
EXTREME_OPEN,3,FIB_705,4.0,0.0,0.0,0.0,0.25,3387,10.786624203821656,29.848978383180334,1663.0,0.49099498080897547,1.7019839594765724,28.0,27,2.598811518208518,1.2572043971066724,False,False
EXTREME_OPEN,3,FIB_786,3.0,1.5,0.0,0.05,0.25,864,2.751592356687898,37.26851851851852,424.0,0.49074074074074076,1.7822878228782288,26.0,18,2.3748523581205423,1.2532710565759702,False,False
LAST_OPPOSING,8,FIB_786,3.0,1.5,0.3,0.0,0.25,636,2.0254777070063694,37.264150943396224,312.0,0.49056603773584906,1.781954887218045,15.0,9,2.3429775806010507,1.2204432018882956,False,False
LAST_OPPOSING,3,FIB_786,3.0,1.5,0.0,0.0,0.5,840,2.6751592356687897,37.26190476190476,412.0,0.49047619047619045,1.7817836812144212,25.0,14,2.2924899884275,1.1920952995232899,False,False
LAST_OPPOSING,5,CISD,4.0,0.0,0.0,0.05,0.25,3490,11.114649681528663,30.56498919419574,1711.0,0.49025787965616047,1.760782570031125,28.0,18,2.381816420081249,0.9980717225919022,False,False
EXTREME_OPEN,5,FIB_786,3.0,1.5,0.4,0.0,0.5,459,1.4617834394904459,37.254901960784316,225.0,0.49019607843137253,1.78125,13.0,10,2.2979770103790993,1.2015913353300711,False,False
LAST_OPPOSING,3,FIB_786,2.5,1.5,0.4,0.15,0.5,404,1.286624203821656,42.57425742574257,198.0,0.4900990099009901,1.853448275862069,13.5,9,2.1673440543558846,1.1043480927545044,False,False
EXTREME_OPEN,5,FIB_786,3.0,2.0,0.0,0.05,0.25,400,1.2738853503184713,37.25,196.0,0.49,1.7808764940239044,21.0,19,2.3597396469675185,1.2298167895355716,False,False
EXTREME_OPEN,5,FIB_705,2.5,0.0,0.0,0.05,0.5,3266,10.401273885350319,42.57274119448699,1600.0,0.4898958971218616,1.8533333333333333,17.0,14,2.092883958063577,1.0570633109338992,False,False
LAST_OPPOSING,8,FIB_786,2.5,1.5,0.0,0.15,0.5,841,2.678343949044586,42.568370986920335,412.0,0.48989298454221164,1.8530020703933747,14.5,10,2.126863066938827,1.1032698962818082,False,False
EXTREME_OPEN,5,FIB_786,3.0,1.5,0.4,0.15,0.5,435,1.3853503184713376,37.24137931034483,213.0,0.4896551724137931,1.7802197802197801,12.0,9,2.301989657149888,1.1982122785377065,False,False
LAST_OPPOSING,5,FIB_786,2.5,1.5,0.3,0.0,0.5,625,1.9904458598726114,42.559999999999995,306.0,0.4896,1.8523676880222841,10.5,8,2.165654943061256,1.1055175173154035,False,False
LAST_OPPOSING,5,FIB_705,3.0,0.0,0.0,0.05,0.5,3144,10.012738853503185,37.264902773350336,1539.0,0.48950381679389315,1.7820121951219512,19.0,16,2.25041283892282,1.1129184479271061,False,False
LAST_OPPOSING,8,CISD,2.5,0.0,0.3,0.0,0.5,2995,9.538216560509554,43.00482425913164,1466.0,0.4894824707846411,1.8863361547762998,12.5,12,1.8586108829920676,0.8778016393464679,False,False
EXTREME_OPEN,5,FIB_705,4.0,0.0,0.0,0.0,0.25,3492,11.121019108280255,29.819017523700087,1709.0,0.48940435280641464,1.699549733933688,25.0,18,2.5940530686755205,1.2545055522554969,False,False
EXTREME_OPEN,5,FIB_786,2.5,1.5,0.0,0.15,0.5,792,2.522292993630573,42.55050505050505,387.5,0.48926767676767674,1.8516483516483517,17.0,10,2.171413795764235,1.130950051780098,False,False
LAST_OPPOSING,3,FIB_705,2.5,1.2,0.4,0.0,0.25,825,2.627388535031847,42.54545454545455,403.5,0.4890909090909091,1.8512658227848102,16.0,9,2.0525852290953943,1.0730260777959506,False,False
EXTREME_OPEN,8,FIB_705,3.0,0.0,0.0,0.0,0.5,3560,11.337579617834395,37.24331926863572,1741.0,0.48904494382022473,1.7803675481846706,26.0,18,2.260347478505085,1.1295963417475818,False,False
EXTREME_OPEN,5,FIB_786,3.0,1.5,0.3,0.0,0.25,626,1.9936305732484076,37.22044728434505,306.0,0.48881789137380194,1.7786259541984732,18.0,14,2.387752334514357,1.2447174137318664,False,False
LAST_OPPOSING,8,FIB_786,3.0,1.5,0.0,0.15,0.25,841,2.678343949044586,37.21759809750297,411.0,0.4887039239001189,1.7784090909090908,21.0,11,2.3204821200633003,1.2162472119704226,False,False
LAST_OPPOSING,8,FIB_705,3.0,0.0,0.0,0.0,0.5,3448,10.980891719745223,37.23837209302325,1684.0,0.48839907192575405,1.779990736452061,21.0,18,2.251874988247573,1.122984861038556,False,False
LAST_OPPOSING,5,FIB_618,2.5,0.0,0.0,0.05,0.25,3472,11.05732484076433,42.55565192252096,1693.0,0.4876152073732719,1.852038248616004,19.5,14,1.9832314392922776,1.0037611613684865,False,False
LAST_OPPOSING,5,FIB_705,4.0,0.0,0.0,0.05,0.25,3105,9.888535031847134,29.79618246522161,1514.0,0.48760064412238324,1.6976958525345622,22.0,18,2.580065353775206,1.2344717922359598,False,False
LAST_OPPOSING,5,FIB_786,2.5,1.5,0.0,0.0,0.5,927,2.9522292993630574,42.502696871628906,452.0,0.48759439050701187,1.848030018761726,17.0,9,2.1378992681359708,1.1141694374270663,False,False
LAST_OPPOSING,5,CISD,2.5,0.0,0.3,0.05,0.5,2831,9.01592356687898,42.94567991250456,1380.0,0.4874602613917344,1.8817891373801916,13.0,12,1.8581404914402941,0.8714363668555771,False,False
EXTREME_OPEN,3,FIB_786,3.0,2.0,0.0,0.0,0.5,390,1.2420382165605095,37.17948717948718,190.0,0.48717948717948717,1.7755102040816326,26.0,24,2.3268356230435536,1.1993266019300735,False,False
LAST_OPPOSING,3,CISD,4.0,0.0,0.0,0.05,0.25,3320,10.573248407643312,30.472797927461137,1617.0,0.48704819277108435,1.7531439217512808,31.0,17,2.3870990351858206,1.0026593684093568,False,False
EXTREME_OPEN,8,FIB_786,2.5,1.2,0.4,0.15,0.5,732,2.3312101910828025,42.48633879781421,356.5,0.4870218579234973,1.8467933491686461,9.0,8,2.18126611239089,1.1473869996701305,False,False
LAST_OPPOSING,8,FIB_786,4.0,0.0,0.0,0.0,0.25,3119,9.933121019108281,29.74967907573813,1519.0,0.48701506893235014,1.6939241662859754,21.0,17,2.7804477756155013,1.4034220399250923,False,False
EXTREME_OPEN,5,FIB_786,4.0,1.2,0.4,0.05,0.25,770,2.4522292993630574,29.740259740259738,375.0,0.487012987012987,1.6931608133086875,16.0,16,2.736912057398292,1.3842493575464823,False,False
EXTREME_OPEN,8,FIB_786,3.0,1.5,0.0,0.15,0.25,807,2.570063694267516,37.174721189591075,393.0,0.48698884758364314,1.7751479289940828,22.0,12,2.3596918099223285,1.2418409601403886,False,False
EXTREME_OPEN,3,FIB_786,4.0,1.2,0.4,0.05,0.25,740,2.356687898089172,29.72972972972973,360.0,0.4864864864864865,1.6923076923076923,20.0,16,2.740232103311262,1.3930451146541218,False,False
LAST_OPPOSING,8,CISD,3.0,0.0,0.3,0.05,0.25,2810,8.949044585987261,37.70918557084418,1367.0,0.4864768683274021,1.8161194029850747,15.0,14,2.054803889724961,0.9324934103130816,False,False
LAST_OPPOSING,8,FIB_705,2.5,0.0,0.0,0.05,0.5,3216,10.242038216560509,42.48366013071895,1564.5,0.4864738805970149,1.8465909090909092,17.0,13,2.0749353061408953,1.0491185218083958,False,False
EXTREME_OPEN,8,FIB_705,2.5,0.0,0.0,0.05,0.5,3302,10.51592356687898,42.47197818842775,1606.0,0.4863718958207147,1.8457082675092154,17.0,14,2.0871453985082224,1.0576529503173406,False,False
EXTREME_OPEN,3,FIB_786,4.0,0.0,0.0,0.0,0.25,3113,9.914012738853502,29.73320475731276,1514.0,0.4863475746867973,1.6925892040256176,21.0,19,2.8064422249237713,1.4207259724476966,False,False
LAST_OPPOSING,3,FIB_705,2.5,2.0,0.4,0.0,0.25,219,0.697452229299363,42.465753424657535,106.5,0.4863013698630137,1.8452380952380953,9.0,9,2.0177222961379866,1.0234302418505339,False,False
LAST_OPPOSING,3,FIB_705,2.5,2.0,0.4,0.05,0.25,219,0.697452229299363,42.465753424657535,106.5,0.4863013698630137,1.8452380952380953,9.0,9,2.0177222961379866,1.0234302418505339,False,False
LAST_OPPOSING,3,FIB_618,2.5,0.0,0.0,0.05,0.25,3281,10.449044585987261,42.50764525993883,1595.0,0.48613227674489484,1.8484042553191489,21.0,13,1.9916049773437214,1.0063364114978617,False,False
EXTREME_OPEN,5,FIB_618,3.0,0.0,0.0,0.15,0.25,2685,8.550955414012739,37.21452639460876,1305.0,0.4860335195530726,1.778175313059034,21.0,14,2.170026161161073,1.0654223177066442,False,False
LAST_OPPOSING,3,FIB_705,2.5,2.0,0.4,0.15,0.25,212,0.6751592356687898,42.45283018867924,103.0,0.4858490566037736,1.8442622950819672,8.0,8,2.024395810332074,1.0226896408235673,False,False
EXTREME_OPEN,5,CISD,2.5,0.0,0.0,0.0,0.25,4192,13.35031847133758,42.91348286911511,2036.5,0.4858062977099237,1.8793177892918826,19.5,17,1.840758147813598,0.8946064612608706,False,False
LAST_OPPOSING,5,FIB_786,3.0,1.5,0.0,0.15,0.5,816,2.5987261146496814,37.13235294117647,396.0,0.4852941176470588,1.7719298245614035,20.0,11,2.279542215817807,1.1883893857377197,False,False
LAST_OPPOSING,3,CISD,4.0,0.0,0.0,0.15,0.5,2682,8.54140127388535,30.475040257648956,1301.0,0.48508575689783745,1.753329473074696,24.0,24,2.378025372346299,0.9933317726291184,False,False
LAST_OPPOSING,5,FIB_618,2.5,0.0,0.0,0.0,0.25,3748,11.936305732484076,42.485936244307524,1818.0,0.4850586979722519,1.8467629250116442,21.0,15,1.987221770291548,1.0141406761179845,False,False
EXTREME_OPEN,5,FIB_618,2.5,0.0,0.0,0.15,0.5,2706,8.617834394904458,42.460170433493886,1312.0,0.48484848484848486,1.8448164842240824,15.0,10,1.9766020771777253,0.9943106599838174,False,False
EXTREME_OPEN,8,FIB_705,2.5,1.2,0.4,0.0,0.25,891,2.837579617834395,42.42424242424242,432.0,0.48484848484848486,1.8421052631578947,10.5,9,2.074146251513325,1.0778847853882876,False,False
LAST_OPPOSING,3,FIB_786,4.0,1.2,0.4,0.05,0.25,724,2.305732484076433,29.696132596685082,351.0,0.48480662983425415,1.6895874263261297,19.0,17,2.7224491948457987,1.376545470139029,False,False
EXTREME_OPEN,8,FIB_786,3.0,1.5,0.4,0.05,0.5,458,1.4585987261146496,37.117903930131,222.0,0.4847161572052402,1.7708333333333333,14.0,11,2.295700862386701,1.2017173859606376,False,False
LAST_OPPOSING,5,FIB_786,3.0,1.5,0.3,0.05,0.5,617,1.964968152866242,37.11507293354943,299.0,0.4846029173419773,1.7706185567010309,14.0,9,2.2970880707070274,1.1806178115444916,False,False
EXTREME_OPEN,5,FIB_705,2.5,1.2,0.4,0.15,0.25,811,2.582802547770701,42.41676942046856,393.0,0.4845869297163995,1.8415417558886509,10.5,9,2.0639454988844075,1.0752647134600384,False,False
EXTREME_OPEN,3,FIB_618,3.0,0.0,0.0,0.15,0.25,2577,8.207006369426752,37.16848673946958,1248.0,0.4842840512223516,1.7746741154562384,23.0,14,2.174665776320855,1.0695403560687842,False,False
EXTREME_OPEN,3,FIB_786,3.0,1.5,0.4,0.0,0.5,442,1.4076433121019107,37.10407239819005,214.0,0.4841628959276018,1.7697841726618706,15.0,14,2.292470745322908,1.2120835459039438,False,False
EXTREME_OPEN,8,FIB_705,4.0,0.0,0.0,0.0,0.25,3528,11.235668789808917,29.712823429058854,1708.0,0.48412698412698413,1.690938511326861,25.0,18,2.587322185964275,1.254724662664381,False,False
LAST_OPPOSING,3,FIB_705,3.0,0.0,0.0,0.05,0.5,2969,9.455414012738853,37.12453594330071,1437.0,0.484001347254968,1.7713365539452497,21.0,17,2.258999527061393,1.1185037852236124,False,False
EXTREME_OPEN,3,FIB_618,2.5,0.0,0.0,0.15,0.5,2595,8.264331210191083,42.426584234930445,1255.0,0.4836223506743738,1.842281879194631,16.5,11,1.98002817769749,0.9989545220611155,False,False
LAST_OPPOSING,8,CISD,4.0,0.0,0.0,0.0,0.5,3710,11.815286624203821,30.442374854481958,1794.0,0.48355795148247976,1.7506276150627615,26.0,19,2.3624685694325955,0.9941922983462709,False,False
EXTREME_OPEN,3,FIB_786,3.0,1.2,0.3,0.15,0.5,904,2.878980891719745,37.098560354374314,437.0,0.4834070796460177,1.7693661971830985,13.0,12,2.361980728765133,1.2308131562641556,False,False
EXTREME_OPEN,3,FIB_705,3.0,0.0,0.0,0.05,0.5,3139,9.996815286624203,37.09728867623605,1517.0,0.4832749283211214,1.7692697768762677,26.0,23,2.2623978276461254,1.124385235482248,False,False
EXTREME_OPEN,8,FIB_786,2.5,1.5,0.0,0.15,0.5,807,2.570063694267516,42.37918215613383,390.0,0.483271375464684,1.8387096774193548,18.0,10,2.1643181752818172,1.1329199805425187,False,False
EXTREME_OPEN,3,FIB_786,3.0,1.5,0.4,0.15,0.5,418,1.3312101910828025,37.08133971291866,202.0,0.48325358851674644,1.768060836501901,14.0,13,2.296330436672057,1.2091694869304854,False,False
LAST_OPPOSING,3,FIB_786,2.5,2.0,0.0,0.0,0.25,387,1.232484076433121,42.377260981912144,187.0,0.48320413436692505,1.8385650224215246,15.5,13,2.2032866737084036,1.1139994079787174,False,False
LAST_OPPOSING,8,FIB_786,3.0,1.5,0.0,0.05,0.25,928,2.9554140127388533,37.06896551724138,448.0,0.4827586206896552,1.7671232876712328,25.0,10,2.322010662754972,1.2244116274520462,False,False
EXTREME_OPEN,5,FIB_786,4.0,0.0,0.0,0.0,0.25,3205,10.207006369426752,29.659694036840463,1547.0,0.4826833073322933,1.6866400355082112,22.0,19,2.802938190594901,1.4189372661665023,False,False
LAST_OPPOSING,3,FIB_618,2.5,0.0,0.0,0.0,0.25,3551,11.30891719745223,42.3968343697004,1712.0,0.4821177133201915,1.8400392541707555,22.5,14,1.9944111169793133,1.017353415473701,False,False
EXTREME_OPEN,5,FIB_705,3.0,0.0,0.0,0.05,0.5,3245,10.334394904458598,37.05646405430423,1563.0,0.48166409861325116,1.7661764705882352,24.0,17,2.2565613799008024,1.1226441368413795,False,False
LAST_OPPOSING,3,FIB_705,2.5,1.2,0.4,0.15,0.25,763,2.429936305732484,42.33289646133683,367.5,0.481651376146789,1.8352272727272727,15.5,9,2.035574725433461,1.0722964767486391,False,False
LAST_OPPOSING,3,FIB_705,4.0,0.0,0.0,0.0,0.25,3181,10.130573248407643,29.67171717171717,1532.0,0.4816095567431625,1.6876122082585279,26.0,19,2.5951958525879997,1.2538277395845594,False,False
LAST_OPPOSING,3,FIB_786,2.5,2.0,0.0,0.15,0.5,352,1.1210191082802548,42.32954545454545,169.5,0.4815340909090909,1.8349753694581281,13.5,9,2.1520865404108322,1.0914145573094778,False,False
EXTREME_OPEN,3,FIB_705,4.0,0.0,0.0,0.05,0.25,3107,9.894904458598726,29.654727331397225,1496.0,0.48149340199549406,1.6862385321100917,26.0,23,2.5909778093055014,1.2468227745879146,False,False
EXTREME_OPEN,8,FIB_786,4.0,0.0,0.0,0.0,0.25,3238,10.312101910828025,29.6353522867738,1559.0,0.4814700432365658,1.6846728151075978,19.0,19,2.7966910092255355,1.4181758570266294,False,False
LAST_OPPOSING,5,FIB_705,2.5,1.2,0.4,0.05,0.25,863,2.748407643312102,42.343387470997676,415.5,0.48146002317497105,1.836016096579477,14.5,9,2.0465245309208724,1.0703014354447828,False,False
LAST_OPPOSING,8,FIB_618,2.5,0.0,0.0,0.15,0.5,2764,8.802547770700636,42.38458742275536,1330.0,0.48118668596237335,1.839116719242902,13.5,13,1.9573735287946536,0.9875000309322385,False,False
EXTREME_OPEN,3,CISD,2.5,0.0,0.0,0.0,0.25,4059,12.926751592356688,42.72658035034272,1951.5,0.48078344419807834,1.8650265957446808,20.0,16,1.8417272716864515,0.9010952395515369,False,False
EXTREME_OPEN,8,FIB_786,3.0,2.0,0.0,0.0,0.25,416,1.3248407643312101,37.019230769230774,200.0,0.4807692307692308,1.7633587786259541,22.0,20,2.343738930123001,1.2304438988119346,False,False
LAST_OPPOSING,5,FIB_786,3.0,1.5,0.3,0.0,0.5,624,1.9872611464968153,37.019230769230774,300.0,0.4807692307692308,1.7633587786259541,14.0,9,2.2925237733174364,1.1830071194970664,False,False
EXTREME_OPEN,5,FIB_786,4.0,1.2,0.4,0.0,0.25,780,2.484076433121019,29.615384615384617,375.0,0.4807692307692308,1.6830601092896176,16.0,16,2.729423232941581,1.3864873888870453,False,False
LAST_OPPOSING,3,FIB_786,3.0,2.0,0.4,0.15,0.25,181,0.5764331210191083,37.01657458563536,87.0,0.48066298342541436,1.763157894736842,14.0,11,2.3609599006686355,1.1988794738043367,False,False
LAST_OPPOSING,3,FIB_786,3.0,2.0,0.4,0.15,0.5,181,0.5764331210191083,37.01657458563536,87.0,0.48066298342541436,1.763157894736842,14.0,11,2.296956322050496,1.16986293587826,False,False
EXTREME_OPEN,8,CISD,3.0,0.0,0.0,0.15,0.25,3061,9.748407643312103,37.67666321957945,1471.0,0.48056190787324404,1.8136061946902655,20.0,20,2.0302562819569387,0.9278582922402351,False,False
EXTREME_OPEN,8,FIB_786,3.0,1.5,0.3,0.15,0.25,589,1.875796178343949,37.011884550084886,283.0,0.48047538200339557,1.7628032345013478,17.0,13,2.3694711025374784,1.2451800197791403,False,False
EXTREME_OPEN,8,CISD,2.5,0.0,0.0,0.15,0.5,3142,10.006369426751592,42.8476821192053,1509.0,0.4802673456397199,1.8742757821552722,16.5,15,1.8402026014510324,0.8727922082841985,False,False
LAST_OPPOSING,8,CISD,2.5,0.0,0.3,0.05,0.5,2866,9.127388535031848,42.73873873873874,1376.0,0.4801116538729937,1.8659534298300817,13.5,12,1.855564526185767,0.8739302666886112,False,False
LAST_OPPOSING,3,CISD,3.0,0.0,0.3,0.05,0.5,2664,8.48407643312102,37.50488854125929,1279.0,0.4801051051051051,1.800375469336671,17.0,14,2.0436967474591725,0.9264116851896677,False,False
EXTREME_OPEN,3,FIB_786,4.0,1.2,0.4,0.0,0.25,750,2.388535031847134,29.599999999999998,360.0,0.48,1.6818181818181819,20.0,16,2.7323994585974423,1.3952553904868719,False,False
EXTREME_OPEN,3,FIB_786,3.0,2.0,0.0,0.15,0.5,346,1.1019108280254777,36.99421965317919,166.0,0.4797687861271676,1.761467889908257,26.0,22,2.3091389670981544,1.1984996389253146,False,False
LAST_OPPOSING,8,FIB_705,4.0,0.0,0.0,0.0,0.25,3410,10.859872611464969,29.640542133176197,1636.0,0.4797653958944281,1.6850921273031825,25.0,20,2.578781414446949,1.2487135200665083,False,False
EXTREME_OPEN,3,FIB_786,3.0,1.5,0.0,0.0,0.25,884,2.8152866242038215,36.990950226244344,424.0,0.4796380090497738,1.7612208258527828,27.0,19,2.3618317489616625,1.2578223562349862,False,False
LAST_OPPOSING,5,FIB_618,2.5,0.0,0.3,0.0,0.25,2583,8.226114649681529,42.33463035019455,1238.0,0.47928765001935736,1.835357624831309,16.0,11,1.9980646375680664,1.0150000322777515,False,False
LAST_OPPOSING,5,CISD,3.0,0.0,0.3,0.0,0.5,2894,9.21656050955414,37.50450775333574,1387.0,0.47926744989633724,1.800346220427005,16.0,14,2.035207534469897,0.9302482639033339,False,False
EXTREME_OPEN,8,FIB_618,2.5,0.0,0.0,0.15,0.5,2747,8.748407643312103,42.2992700729927,1316.5,0.4792500910083728,1.8327008222643897,15.0,10,1.9696121177025026,0.9948888420409758,False,False
EXTREME_OPEN,3,FIB_786,3.0,2.0,0.4,0.05,0.25,192,0.6114649681528662,36.97916666666667,92.0,0.4791666666666667,1.7603305785123966,19.0,18,2.3683705083671507,1.22522267331888,False,False
EXTREME_OPEN,3,FIB_786,3.0,2.0,0.4,0.05,0.5,192,0.6114649681528662,36.97916666666667,92.0,0.4791666666666667,1.7603305785123966,19.0,18,2.3057528508382177,1.1999669097368384,False,False
LAST_OPPOSING,5,FIB_786,4.0,1.2,0.4,0.05,0.25,764,2.43312101910828,29.581151832460733,366.0,0.4790575916230366,1.6802973977695168,23.0,17,2.7123124633418136,1.3734683600804756,False,False
LAST_OPPOSING,5,FIB_705,2.5,1.2,0.4,0.0,0.25,872,2.7770700636942673,42.25028702640643,417.0,0.4782110091743119,1.8290258449304175,14.5,9,2.0452323241031127,1.0721338689704112,False,False
LAST_OPPOSING,8,FIB_705,3.0,0.0,0.0,0.05,0.5,3198,10.184713375796179,36.97900344719523,1529.0,0.4781113195747342,1.7603182496270513,19.0,17,2.2403630735561917,1.1159446326165785,False,False
LAST_OPPOSING,3,FIB_705,4.0,0.0,0.0,0.05,0.25,2934,9.343949044585987,29.59288402326377,1402.0,0.4778459441036128,1.6812439261418852,28.0,18,2.587749548003205,1.241835748310264,False,False
EXTREME_OPEN,5,FIB_786,3.0,2.0,0.4,0.0,0.25,203,0.6464968152866242,36.94581280788177,97.0,0.47783251231527096,1.7578125,16.0,13,2.3626395771530113,1.2275343453003567,False,False
EXTREME_OPEN,5,FIB_786,3.0,2.0,0.4,0.0,0.5,203,0.6464968152866242,36.94581280788177,97.0,0.47783251231527096,1.7578125,16.0,13,2.3100341586108795,1.2008383773173783,False,False
EXTREME_OPEN,8,CISD,2.5,0.0,0.0,0.0,0.25,4228,13.464968152866241,42.710120068610635,2019.5,0.4776490066225166,1.8637724550898203,21.5,18,1.8388354793124513,0.8944981480148908,False,False
LAST_OPPOSING,3,FIB_786,4.0,1.2,0.4,0.0,0.25,731,2.328025477707006,29.548563611491108,349.0,0.4774281805745554,1.6776699029126214,19.0,17,2.71512586950231,1.3791686582536031,False,False
EXTREME_OPEN,8,FIB_786,3.0,1.5,0.4,0.0,0.5,463,1.4745222929936306,36.933045356371494,221.0,0.4773218142548596,1.7568493150684932,14.0,11,2.2908510429331614,1.2054819727401067,False,False
LAST_OPPOSING,3,FIB_786,3.0,2.0,0.0,0.15,0.25,352,1.1210191082802548,36.93181818181818,168.0,0.4772727272727273,1.7567567567567568,16.0,14,2.3242956257505116,1.1894419034992323,False,False
EXTREME_OPEN,3,FIB_786,2.5,2.0,0.0,0.15,0.25,346,1.1019108280254777,42.19653179190752,165.0,0.476878612716763,1.825,22.0,22,2.2193193085251885,1.1572603580658876,False,False
EXTREME_OPEN,3,FIB_786,2.5,2.0,0.0,0.15,0.5,346,1.1019108280254777,42.19653179190752,165.0,0.476878612716763,1.825,22.0,22,2.175504169459406,1.1323350044396336,False,False
LAST_OPPOSING,5,FIB_786,4.0,1.2,0.4,0.0,0.25,772,2.4585987261146496,29.533678756476682,368.0,0.47668393782383417,1.6764705882352942,23.0,17,2.707713044066732,1.3752495563434084,False,False
LAST_OPPOSING,8,CISD,4.0,0.0,0.0,0.15,0.5,2889,9.200636942675159,30.322338830584705,1377.0,0.4766355140186916,1.7407208176438946,20.0,18,2.3643081968905677,0.9907263531111541,False,False
LAST_OPPOSING,3,FIB_786,3.0,2.0,0.0,0.05,0.25,382,1.21656050955414,36.910994764397905,182.0,0.47643979057591623,1.7551867219917012,18.0,18,2.319886126960476,1.188541602011287,False,False
EXTREME_OPEN,8,FIB_705,3.0,0.0,0.0,0.05,0.5,3281,10.449044585987261,36.92401586817211,1563.0,0.4763791526973484,1.7561683599419449,24.0,17,2.250414443521131,1.1234446935225495,False,False
EXTREME_OPEN,8,FIB_786,3.0,1.5,0.4,0.15,0.5,439,1.3980891719745223,36.90205011389522,209.0,0.4760820045558087,1.7545126353790614,13.0,10,2.2944375534720916,1.2023464046151915,False,False
EXTREME_OPEN,8,FIB_786,3.0,1.5,0.3,0.05,0.25,626,1.9936305732484076,36.90095846645367,298.0,0.476038338658147,1.7544303797468355,19.0,15,2.380560344762255,1.2492276806101035,False,False
LAST_OPPOSING,3,FIB_786,3.0,2.0,0.4,0.0,0.25,187,0.5955414012738853,36.898395721925134,89.0,0.47593582887700536,1.7542372881355932,14.0,12,2.3520618380538774,1.200440101439844,False,False
LAST_OPPOSING,3,FIB_786,3.0,2.0,0.4,0.0,0.5,187,0.5955414012738853,36.898395721925134,89.0,0.47593582887700536,1.7542372881355932,14.0,12,2.2900369145421626,1.1711878167958925,False,False
LAST_OPPOSING,3,FIB_786,3.0,2.0,0.4,0.05,0.25,187,0.5955414012738853,36.898395721925134,89.0,0.47593582887700536,1.7542372881355932,14.0,12,2.3520618380538774,1.200440101439844,False,False
LAST_OPPOSING,3,FIB_786,3.0,2.0,0.4,0.05,0.5,187,0.5955414012738853,36.898395721925134,89.0,0.47593582887700536,1.7542372881355932,14.0,12,2.2900369145421626,1.1711878167958925,False,False
LAST_OPPOSING,8,CISD,4.0,0.0,0.0,0.05,0.25,3531,11.245222929936306,30.259541984732824,1680.0,0.47578589634664403,1.7355516637478108,29.0,18,2.3717306577074018,1.001198014083288,False,False
EXTREME_OPEN,5,FIB_786,3.0,1.5,0.0,0.05,0.25,900,2.8662420382165603,36.888888888888886,428.0,0.47555555555555556,1.7535211267605635,25.0,13,2.3653645988781347,1.2571796079978392,False,False
EXTREME_OPEN,8,FIB_618,3.0,0.0,0.0,0.15,0.25,2726,8.681528662420382,36.94690265486726,1296.0,0.47542186353631694,1.7578947368421052,21.0,13,2.161658293708653,1.0668445018888035,False,False
LAST_OPPOSING,8,FIB_618,3.0,0.0,0.0,0.15,0.25,2741,8.729299363057326,36.97170158030136,1303.0,0.47537395111273256,1.7597667638483965,17.0,15,2.1474941805548595,1.0633956599315515,False,False
EXTREME_OPEN,3,FIB_786,3.0,2.0,0.0,0.05,0.5,385,1.2261146496815287,36.883116883116884,183.0,0.4753246753246753,1.7530864197530864,26.0,24,2.3221310839959655,1.2045434207961707,False,False
EXTREME_OPEN,5,FIB_705,4.0,0.0,0.0,0.05,0.25,3209,10.219745222929935,29.531249999999996,1525.0,0.47522592708008726,1.6762749445676275,23.0,18,2.5829475317018225,1.2451096637870913,False,False
LAST_OPPOSING,8,FIB_618,2.5,0.0,0.0,0.05,0.25,3528,11.235668789808917,42.20261809903244,1676.5,0.4751984126984127,1.8254554406696208,19.5,14,1.9748767833370342,1.0074505533735967,False,False
LAST_OPPOSING,8,FIB_618,2.5,0.0,0.0,0.0,0.25,3803,12.111464968152866,42.196989701610775,1806.0,0.47488824612148306,1.8250342622201918,21.0,15,1.980183990029185,1.017057892957769,False,False
EXTREME_OPEN,8,FIB_786,3.0,2.0,0.4,0.15,0.25,198,0.6305732484076433,36.868686868686865,94.0,0.47474747474747475,1.752,19.0,13,2.368555064693269,1.2302773061530292,False,False
EXTREME_OPEN,8,FIB_786,3.0,2.0,0.4,0.15,0.5,198,0.6305732484076433,36.868686868686865,94.0,0.47474747474747475,1.752,19.0,13,2.3141264380396795,1.2033015522710273,False,False
EXTREME_OPEN,5,CISD,2.5,0.0,0.0,0.05,0.25,3912,12.45859872611465,42.5891677675033,1857.0,0.4746932515337423,1.854578923147722,18.5,17,1.8448613516988615,0.8925738897469555,False,False
EXTREME_OPEN,8,FIB_786,4.0,1.2,0.4,0.05,0.25,780,2.484076433121019,29.48717948717949,370.0,0.47435897435897434,1.6727272727272726,17.0,16,2.726117589273062,1.386031631550983,False,False
LAST_OPPOSING,3,FIB_786,2.5,2.0,0.0,0.0,0.5,387,1.232484076433121,42.11886304909561,183.5,0.47416020671834624,1.8191964285714286,15.5,13,2.1531566934002955,1.0888633173089886,False,False
EXTREME_OPEN,3,FIB_786,2.5,1.5,0.3,0.15,0.5,558,1.7770700636942676,42.11469534050179,264.5,0.47401433691756273,1.8188854489164086,14.0,12,2.1847814637027727,1.1424268704443374,False,False
LAST_OPPOSING,5,CISD,4.0,0.0,0.0,0.05,0.5,3456,11.006369426751592,30.23110555902561,1638.0,0.4739583333333333,1.7332139659803043,20.0,17,2.3609059121053275,0.9910655176277295,False,False
EXTREME_OPEN,3,FIB_786,2.5,1.5,0.4,0.05,0.5,437,1.39171974522293,42.10526315789473,207.0,0.47368421052631576,1.8181818181818181,12.0,7,2.174281777066903,1.1441143393901168,False,False
LAST_OPPOSING,8,FIB_786,2.5,1.5,0.0,0.05,0.5,931,2.964968152866242,42.10526315789473,441.0,0.47368421052631576,1.8181818181818181,17.0,9,2.1280021321757108,1.115602608452203,False,False
LAST_OPPOSING,8,FIB_786,2.5,1.5,0.4,0.15,0.5,437,1.39171974522293,42.10526315789473,207.0,0.47368421052631576,1.8181818181818181,12.0,7,2.1525165440641505,1.104459653001108,False,False
EXTREME_OPEN,8,FIB_705,2.5,1.2,0.4,0.15,0.25,822,2.6178343949044587,42.092457420924575,389.0,0.4732360097323601,1.8172268907563025,10.5,9,2.0565136226115985,1.0778027422721337,False,False
LAST_OPPOSING,8,CISD,3.0,0.0,0.3,0.0,0.5,2927,9.321656050955413,37.35283624687835,1385.0,0.47318073112401776,1.7887243735763099,15.0,14,2.0315087282913242,0.9319200474711179,False,False
EXTREME_OPEN,8,FIB_786,3.0,2.0,0.0,0.15,0.25,372,1.1847133757961783,36.82795698924731,176.0,0.4731182795698925,1.748936170212766,20.0,16,2.3255456901809937,1.229915602648283,False,False
EXTREME_OPEN,3,CISD,2.5,0.0,0.0,0.05,0.25,3773,12.01592356687898,42.50204862059547,1785.0,0.47309833024118736,1.847980997624703,17.5,17,1.8488558079636364,0.8977717262083424,False,False
LAST_OPPOSING,3,CISD,4.0,0.0,0.0,0.05,0.5,3287,10.468152866242038,30.176933158584536,1553.0,0.4724672954061454,1.728765837634913,19.0,17,2.365247026375913,0.9948033636177407,False,False
EXTREME_OPEN,5,FIB_786,2.5,1.5,0.4,0.05,0.5,454,1.4458598726114649,42.070484581497794,214.5,0.4724669603524229,1.8155893536121672,12.0,7,2.171298881709004,1.1360516782829087,False,False
LAST_OPPOSING,5,FIB_705,2.5,2.0,0.4,0.0,0.25,236,0.7515923566878981,42.12765957446808,111.5,0.4724576271186441,1.8198529411764706,10.0,10,1.9996537206692775,1.0220115480084502,False,False
LAST_OPPOSING,5,FIB_705,2.5,2.0,0.4,0.05,0.25,236,0.7515923566878981,42.12765957446808,111.5,0.4724576271186441,1.8198529411764706,10.0,10,1.9996537206692775,1.0220115480084502,False,False
EXTREME_OPEN,3,FIB_786,3.0,1.5,0.0,0.15,0.5,758,2.4140127388535033,36.80738786279684,358.0,0.47229551451187335,1.7473903966597077,22.0,16,2.310918149269207,1.2149078231044523,False,False
EXTREME_OPEN,5,CISD,3.0,0.0,0.0,0.0,0.25,4038,12.859872611464969,37.360642986777286,1907.0,0.47226349678058444,1.7893211920529801,19.0,17,2.016405112732658,0.9441950562426067,False,False
LAST_OPPOSING,8,FIB_705,4.0,0.0,0.0,0.05,0.25,3159,10.060509554140127,29.475357710651828,1490.0,0.4716682494460272,1.6717763751127142,21.0,19,2.5669322503225516,1.238088943930007,False,False
LAST_OPPOSING,5,FIB_705,2.5,2.0,0.4,0.15,0.25,229,0.7292993630573248,42.10526315789473,108.0,0.47161572052401746,1.8181818181818181,9.0,9,2.0052795066119216,1.02128255990971,False,False
EXTREME_OPEN,5,FIB_786,3.0,2.0,0.0,0.0,0.5,405,1.2898089171974523,36.79012345679013,191.0,0.47160493827160493,1.74609375,23.0,19,2.3177730484965338,1.2085321978060735,False,False
LAST_OPPOSING,8,FIB_618,2.5,0.0,0.3,0.0,0.25,2614,8.32484076433121,42.11538461538461,1232.5,0.47149961744452945,1.818936877076412,16.0,11,1.99178882511775,1.017410437826037,False,False
LAST_OPPOSING,5,FIB_786,4.0,0.0,0.0,0.05,0.25,2832,9.019108280254777,29.43462897526502,1335.0,0.4713983050847458,1.6685027541311968,19.0,16,2.7674262094416164,1.3918753784362201,False,False
EXTREME_OPEN,3,FIB_786,2.5,1.5,0.0,0.05,0.5,866,2.7579617834394905,42.032332563510394,408.0,0.47113163972286376,1.8127490039840637,21.5,12,2.176957143940841,1.1501508051798455,False,False
LAST_OPPOSING,3,FIB_786,4.0,0.0,0.0,0.05,0.25,2680,8.535031847133759,29.424943988050785,1262.0,0.4708955223880597,1.6677248677248677,20.0,16,2.778030935076512,1.3963350961214012,False,False
LAST_OPPOSING,8,FIB_786,2.5,1.5,0.3,0.15,0.5,595,1.894904458598726,42.016806722689076,280.0,0.47058823529411764,1.8115942028985508,10.5,8,2.140951240200508,1.114309775563931,False,False
EXTREME_OPEN,8,FIB_786,3.0,1.5,0.0,0.05,0.25,914,2.910828025477707,36.76148796498906,430.0,0.47045951859956237,1.7439446366782008,26.0,14,2.3577417723002254,1.2573790726110248,False,False
EXTREME_OPEN,5,FIB_618,2.5,0.0,0.3,0.05,0.25,2513,8.003184713375797,42.04228161148784,1182.0,0.4703541583764425,1.8134893324156918,15.0,13,2.0024029568130772,1.0138504871320804,False,False
EXTREME_OPEN,3,FIB_618,2.5,0.0,0.3,0.0,0.25,2579,8.213375796178344,42.045896538311936,1212.5,0.47014346645986815,1.813758389261745,16.5,12,2.005437376238407,1.0260491518322876,False,False
EXTREME_OPEN,8,FIB_786,3.0,1.5,0.3,0.0,0.25,634,2.0191082802547773,36.75078864353312,298.0,0.47003154574132494,1.743142144638404,19.0,15,2.3750594294176053,1.2519189507336999,False,False
LAST_OPPOSING,5,FIB_786,4.0,1.5,0.4,0.0,0.25,449,1.429936305732484,29.398663697104677,211.0,0.46993318485523383,1.665615141955836,12.0,12,2.6557073241711566,1.3497772477887104,False,False
EXTREME_OPEN,5,FIB_786,2.5,1.5,0.3,0.15,0.5,581,1.8503184713375795,41.996557659208264,273.0,0.46987951807228917,1.8100890207715135,12.5,12,2.1793752223392553,1.1405054339172125,False,False
EXTREME_OPEN,5,FIB_618,2.5,0.0,0.3,0.0,0.25,2656,8.45859872611465,42.031722054380666,1247.5,0.46969126506024095,1.8127035830618892,16.5,12,2.002608253909303,1.0236810163878967,False,False
LAST_OPPOSING,5,FIB_705,2.5,1.2,0.4,0.15,0.25,808,2.573248407643312,42.00743494423792,379.5,0.46967821782178215,1.810897435897436,14.0,9,2.029005684248461,1.071604420701978,False,False
EXTREME_OPEN,8,FIB_705,4.0,0.0,0.0,0.05,0.25,3245,10.334394904458598,29.419035846724352,1524.0,0.46964560862865945,1.6672504378283712,24.0,18,2.575752846070321,1.2454521209542424,False,False
EXTREME_OPEN,8,FIB_786,3.0,2.0,0.0,0.05,0.25,411,1.3089171974522293,36.73965936739659,193.0,0.46958637469586373,1.7423076923076923,22.0,20,2.3399307087056056,1.2353675890010376,False,False
EXTREME_OPEN,3,FIB_786,3.0,1.5,0.3,0.15,0.5,558,1.7770700636942676,36.73835125448029,262.0,0.46953405017921146,1.7422096317280453,18.0,16,2.3167002944025623,1.2171048977796504,False,False
EXTREME_OPEN,3,FIB_705,2.5,1.2,0.4,0.05,0.5,836,2.662420382165605,41.985645933014354,392.5,0.4694976076555024,1.809278350515464,11.5,10,2.0557583680034384,1.0677464930392135,False,False
LAST_OPPOSING,8,FIB_786,2.5,1.5,0.3,0.05,0.5,629,2.0031847133757963,41.971383147853736,295.0,0.46899841017488075,1.8082191780821917,11.5,8,2.1506328198347466,1.115350935794663,False,False
EXTREME_OPEN,5,FIB_705,2.5,2.0,0.4,0.15,0.25,224,0.7133757961783439,41.964285714285715,105.0,0.46875,1.8076923076923077,8.0,8,2.0332876546757768,1.0641360564552311,False,False
EXTREME_OPEN,3,CISD,3.0,0.0,0.0,0.0,0.25,3915,12.468152866242038,37.23659642571352,1835.0,0.46871008939974457,1.7798555036124097,23.0,23,2.0199986042717812,0.9500920701313301,False,False
LAST_OPPOSING,5,FIB_786,4.0,1.5,0.4,0.05,0.25,446,1.4203821656050954,29.372197309417043,209.0,0.46860986547085204,1.6634920634920636,12.0,12,2.657470097110016,1.3480948527815593,False,False
EXTREME_OPEN,3,FIB_786,4.0,0.0,0.0,0.05,0.25,2847,9.066878980891719,29.37456078706957,1334.0,0.4685634000702494,1.663681592039801,19.0,18,2.785580129734563,1.4090615145363323,False,False
LAST_OPPOSING,5,CISD,3.0,0.0,0.3,0.05,0.5,2769,8.818471337579618,37.231233496793664,1297.0,0.4684001444564825,1.7794471153846154,17.0,14,2.031990420884695,0.9265654661022592,False,False
EXTREME_OPEN,8,FIB_786,4.0,1.2,0.4,0.0,0.25,790,2.515923566878981,29.367088607594937,370.0,0.46835443037974683,1.6630824372759856,17.0,16,2.718860198899666,1.3882187729504694,False,False
EXTREME_OPEN,8,FIB_618,2.5,0.0,0.3,0.0,0.25,2680,8.535031847133759,41.99101796407186,1255.0,0.46828358208955223,1.8096774193548386,16.5,12,1.9984338368558827,1.0238832321165365,False,False
LAST_OPPOSING,8,FIB_786,3.0,1.5,0.3,0.15,0.5,594,1.89171974522293,36.7003367003367,278.0,0.468013468013468,1.7393617021276595,14.0,9,2.263957720493593,1.1905115354976261,False,False
LAST_OPPOSING,5,FIB_786,3.0,1.5,0.0,0.05,0.5,902,2.872611464968153,36.69623059866962,422.0,0.4678492239467849,1.7390542907180386,24.0,10,2.277462227313648,1.1986748167258734,False,False
LAST_OPPOSING,3,FIB_786,4.0,1.2,0.4,0.15,0.25,678,2.159235668789809,29.35103244837758,317.0,0.46755162241887904,1.6617954070981211,23.0,17,2.7055245296972257,1.3816889508446482,False,False
EXTREME_OPEN,3,CISD,3.0,0.0,0.0,0.15,0.5,2879,9.168789808917197,37.27206418672502,1346.0,0.4675234456408475,1.7825581395348837,18.0,18,2.0210946709888264,0.9295831915233544,False,False
LAST_OPPOSING,3,FIB_786,2.5,2.0,0.0,0.05,0.25,384,1.2229299363057324,41.92708333333333,179.5,0.4674479166666667,1.804932735426009,15.5,13,2.1969692217477603,1.1215602130531896,False,False
LAST_OPPOSING,3,CISD,4.0,0.0,0.3,0.0,0.25,2670,8.503184713375797,29.99599519423308,1248.0,0.46741573033707867,1.7139588100686498,18.0,15,2.3425285243149476,1.007522094395337,False,False
EXTREME_OPEN,8,FIB_786,2.5,1.5,0.4,0.05,0.5,458,1.4585987261146496,41.92139737991266,214.0,0.4672489082969432,1.8045112781954886,13.0,7,2.1652014790609933,1.1380473661828787,False,False
EXTREME_OPEN,3,FIB_786,2.5,1.5,0.3,0.05,0.5,594,1.89171974522293,41.91919191919192,277.5,0.4671717171717172,1.8043478260869565,16.0,10,2.1948285397884613,1.1471835570880577,False,False
LAST_OPPOSING,8,FIB_705,2.5,1.2,0.4,0.05,0.25,881,2.805732484076433,41.93181818181818,411.5,0.46708286038592506,1.8052837573385518,14.5,9,2.037297697330023,1.0732401532897973,False,False
EXTREME_OPEN,3,FIB_786,4.0,1.2,0.4,0.15,0.25,692,2.2038216560509554,29.335260115606935,323.0,0.4667630057803468,1.6605316973415134,21.0,15,2.718716482519197,1.3984573515505052,False,False
EXTREME_OPEN,5,FIB_786,3.0,1.5,0.3,0.15,0.5,581,1.8503184713375795,36.660929432013766,271.0,0.4664371772805508,1.736413043478261,16.0,12,2.3171663120504205,1.2144281030247135,False,False
LAST_OPPOSING,5,FIB_618,3.0,0.0,0.0,0.15,0.5,2689,8.563694267515924,36.741573033707866,1254.0,0.46634436593529194,1.7424511545293073,17.0,15,2.131890781084674,1.0537825263108336,False,False
EXTREME_OPEN,8,CISD,2.5,0.0,0.0,0.05,0.25,3950,12.579617834394904,42.37732878509578,1841.5,0.46620253164556963,1.8385701275045538,20.5,18,1.8426288830443407,0.8924904793953038,False,False
EXTREME_OPEN,5,FIB_618,2.5,0.0,0.0,0.0,0.25,3874,12.337579617834395,41.92546583850932,1806.0,0.4661848218895199,1.804812834224599,25.0,15,1.9859040756708408,1.0255289335907798,False,False
EXTREME_OPEN,3,FIB_786,4.0,1.2,0.3,0.15,0.25,901,2.8694267515923566,29.333333333333332,420.0,0.46614872364039955,1.6603773584905661,23.0,15,2.7204267007513048,1.3939367096851007,False,False
EXTREME_OPEN,8,CISD,3.0,0.0,0.0,0.0,0.25,4074,12.97452229299363,37.2326719917547,1899.0,0.46612665684830634,1.7795566502463054,19.0,18,2.0142190778150404,0.943370325286829,False,False
EXTREME_OPEN,8,FIB_618,2.5,0.0,0.3,0.05,0.25,2537,8.079617834394904,41.920189648360335,1182.5,0.4661016949152542,1.804421768707483,16.5,13,1.9967554656699946,1.0148366257324635,False,False
EXTREME_OPEN,5,FIB_705,2.5,1.2,0.4,0.05,0.5,869,2.767515923566879,41.88722669735328,405.0,0.4660529344073648,1.801980198019802,12.5,9,2.0476722091057806,1.0635075320101188,False,False
LAST_OPPOSING,3,FIB_618,3.0,0.0,0.0,0.15,0.5,2516,8.012738853503185,36.70531787285086,1171.0,0.4654213036565978,1.7397346809854706,24.0,14,2.1437880068224593,1.0581621980071867,False,False
EXTREME_OPEN,5,FIB_786,3.0,1.5,0.0,0.0,0.25,920,2.929936305732484,36.630434782608695,428.0,0.4652173913043478,1.7341337907375642,26.0,14,2.35305974745248,1.2614678448132004,False,False
EXTREME_OPEN,5,FIB_618,2.5,0.0,0.0,0.05,0.25,3570,11.369426751592357,41.886580572711964,1660.0,0.4649859943977591,1.8019323671497585,21.0,12,1.9836412964409564,1.016051280139494,False,False
LAST_OPPOSING,3,FIB_705,2.5,1.5,0.4,0.05,0.25,485,1.5445859872611465,41.855670103092784,225.5,0.46494845360824744,1.799645390070922,13.5,10,2.0141970667413505,1.064439816629625,False,False
LAST_OPPOSING,3,FIB_786,3.0,2.0,0.0,0.0,0.5,385,1.2261146496815287,36.62337662337662,179.0,0.4649350649350649,1.7336065573770492,18.0,18,2.277270719859491,1.1639290135967124,False,False
EXTREME_OPEN,3,FIB_786,2.5,1.5,0.4,0.0,0.5,442,1.4076433121019107,41.8552036199095,205.5,0.4649321266968326,1.7996108949416343,12.0,7,2.1705750553918133,1.1487094048013087,False,False
EXTREME_OPEN,5,CISD,2.5,0.0,0.0,0.0,0.5,4165,13.264331210191083,42.2933730454207,1935.0,0.4645858343337335,1.832258064516129,19.5,17,1.8196274215776755,0.8914896891914491,False,False
EXTREME_OPEN,5,CISD,3.0,0.0,0.0,0.15,0.5,3005,9.570063694267516,37.23702664796634,1396.0,0.46455906821963394,1.7798882681564245,20.0,20,2.012393007519013,0.9246422646788198,False,False
LAST_OPPOSING,5,FIB_786,4.0,1.2,0.4,0.15,0.25,717,2.28343949044586,29.288702928870293,333.0,0.46443514644351463,1.6568047337278107,26.0,17,2.6974409605198035,1.3784669386112,False,False
EXTREME_OPEN,3,FIB_786,2.5,2.0,0.0,0.0,0.25,392,1.2484076433121019,41.83673469387755,182.0,0.4642857142857143,1.7982456140350878,24.0,24,2.238645966289644,1.159491212328967,False,False
EXTREME_OPEN,3,FIB_786,2.5,2.0,0.0,0.0,0.5,392,1.2484076433121019,41.83673469387755,182.0,0.4642857142857143,1.7982456140350878,24.0,24,2.1939073160085085,1.1343059481778792,False,False
LAST_OPPOSING,5,CISD,4.0,0.0,0.3,0.0,0.25,2775,8.837579617834395,29.938271604938272,1288.0,0.4641441441441441,1.7092511013215859,18.0,16,2.3324887646140695,1.0066329117057835,False,False
EXTREME_OPEN,5,FIB_786,2.5,1.5,0.4,0.0,0.5,459,1.4617834394904459,41.830065359477125,213.0,0.46405228758169936,1.797752808988764,13.0,7,2.1677619394353655,1.1405643846386446,False,False
LAST_OPPOSING,8,FIB_705,2.5,1.2,0.4,0.0,0.25,890,2.8343949044585988,41.84476940382452,413.0,0.4640449438202247,1.7988394584139265,14.5,9,2.0361249300909576,1.0750058089906318,False,False
EXTREME_OPEN,3,FIB_618,2.5,0.0,0.0,0.05,0.25,3448,10.980891719745223,41.86046511627907,1600.0,0.46403712296983757,1.8,22.5,13,1.9867850934762374,1.0190308156666383,False,False
EXTREME_OPEN,5,FIB_786,2.5,2.0,0.0,0.15,0.25,361,1.1496815286624205,41.82825484764543,167.5,0.46398891966759004,1.7976190476190477,19.5,15,2.205300091251578,1.1682943403372348,False,False
EXTREME_OPEN,5,FIB_786,2.5,2.0,0.0,0.15,0.5,361,1.1496815286624205,41.82825484764543,167.5,0.46398891966759004,1.7976190476190477,19.5,15,2.160460920151112,1.1419040038683956,False,False
EXTREME_OPEN,3,FIB_786,3.0,2.0,0.4,0.0,0.25,194,0.6178343949044586,36.597938144329895,90.0,0.4639175257731959,1.7317073170731707,19.0,18,2.362078999691149,1.2321633820824616,False,False
EXTREME_OPEN,3,FIB_786,3.0,2.0,0.4,0.0,0.5,194,0.6178343949044586,36.597938144329895,90.0,0.4639175257731959,1.7317073170731707,19.0,18,2.299494442385653,1.206478275420825,False,False
EXTREME_OPEN,8,FIB_618,2.5,0.0,0.0,0.05,0.25,3611,11.5,41.85401054676659,1675.0,0.46386042647466075,1.7995226730310263,21.0,12,1.9800875248861318,1.0152988091774724,False,False
LAST_OPPOSING,8,FIB_786,2.5,1.5,0.3,0.0,0.5,636,2.0254777070063694,41.82389937106918,295.0,0.4638364779874214,1.7972972972972974,11.5,8,2.1477665701256288,1.118413508581857,False,False
LAST_OPPOSING,8,FIB_786,4.0,0.0,0.0,0.05,0.25,2881,9.17515923566879,29.28100034734283,1336.0,0.4637278722665741,1.656188605108055,19.0,16,2.7549979765423,1.3927336939439188,False,False
LAST_OPPOSING,8,FIB_786,3.0,1.5,0.0,0.15,0.5,839,2.671974522292994,36.591179976162095,389.0,0.4636471990464839,1.731203007518797,21.0,11,2.259264909757853,1.1932615847280281,False,False
LAST_OPPOSING,5,FIB_618,3.0,0.0,0.0,0.05,0.25,3430,10.92356687898089,36.65689149560117,1590.0,0.46355685131195334,1.7361111111111112,19.0,16,2.1448085421338754,1.073411749158505,False,False
EXTREME_OPEN,8,FIB_786,3.0,2.0,0.4,0.05,0.25,205,0.6528662420382165,36.58536585365854,95.0,0.4634146341463415,1.7307692307692308,17.0,14,2.3524547073702644,1.2308410043807096,False,False
EXTREME_OPEN,8,FIB_786,3.0,2.0,0.4,0.05,0.5,205,0.6528662420382165,36.58536585365854,95.0,0.4634146341463415,1.7307692307692308,17.0,14,2.2996689992691537,1.203486742904524,False,False
EXTREME_OPEN,5,FIB_705,2.5,2.0,0.4,0.05,0.25,232,0.7388535031847133,41.810344827586206,107.5,0.46336206896551724,1.7962962962962963,9.0,9,2.02015965829219,1.0640745684300483,False,False
EXTREME_OPEN,8,FIB_618,2.5,0.0,0.0,0.0,0.25,3915,12.468152866242038,41.8437900128041,1814.0,0.4633461047254151,1.7987670629678556,25.0,15,1.9815651670856578,1.025346337082975,False,False
EXTREME_OPEN,5,FIB_786,4.0,1.2,0.4,0.15,0.25,721,2.2961783439490446,29.26490984743412,334.0,0.463245492371706,1.6549019607843136,19.0,15,2.7136744632131826,1.3900660706821804,False,False
LAST_OPPOSING,3,FIB_705,2.5,1.5,0.4,0.0,0.25,488,1.5541401273885351,41.80327868852459,226.0,0.46311475409836067,1.795774647887324,13.5,10,2.014103301759935,1.0649933536152316,False,False
EXTREME_OPEN,3,FIB_705,2.5,1.2,0.4,0.0,0.5,847,2.6974522292993632,41.79456906729634,392.0,0.4628099173553719,1.795131845841785,11.0,10,2.050883395316489,1.0699953198698209,False,False
EXTREME_OPEN,5,FIB_786,4.0,0.0,0.0,0.05,0.25,2937,9.353503184713375,29.257493188010898,1359.0,0.4627170582226762,1.6543090996629755,21.0,18,2.780558703228982,1.407732039757955,False,False
EXTREME_OPEN,5,FIB_786,3.0,2.0,0.0,0.15,0.5,361,1.1496815286624205,36.56509695290859,167.0,0.4626038781163435,1.7292576419213974,23.0,15,2.2997071309420276,1.2088616078307202,False,False
LAST_OPPOSING,5,FIB_618,3.0,0.0,0.0,0.0,0.25,3702,11.789808917197453,36.630434782608695,1712.0,0.4624527282549973,1.7341337907375642,19.0,16,2.149247257367736,1.0823579193358024,False,False
EXTREME_OPEN,5,FIB_618,3.0,0.0,0.0,0.15,0.5,2682,8.54140127388535,36.6191904047976,1240.0,0.46234153616703955,1.7332939089296275,23.0,14,2.1408218451077956,1.0603238495345577,False,False
LAST_OPPOSING,5,FIB_786,4.0,0.0,0.0,0.0,0.5,3060,9.745222929936306,29.25392670157068,1414.0,0.4620915032679739,1.6540240518038853,20.0,17,2.725462178507619,1.365766235358323,False,False
EXTREME_OPEN,3,CISD,2.5,0.0,0.0,0.0,0.5,4035,12.85031847133758,42.18191108840061,1864.5,0.4620817843866171,1.8239063190455147,20.0,16,1.8208633312636555,0.8974344346428829,False,False
LAST_OPPOSING,5,FIB_786,3.0,1.5,0.0,0.0,0.5,922,2.9363057324840764,36.55097613882863,426.0,0.46203904555314534,1.7282051282051283,25.0,11,2.2692034402064722,1.2023231833258745,False,False
LAST_OPPOSING,5,FIB_618,2.5,0.0,0.0,0.05,0.5,3466,11.038216560509554,41.81870836953374,1601.0,0.4619157530294287,1.796913887506222,19.5,15,1.9592269977404089,0.9999487082728999,False,False
LAST_OPPOSING,5,FIB_618,2.5,0.0,0.0,0.0,0.5,3731,11.882165605095542,41.819160387513456,1723.0,0.4618064861967301,1.7969472710453285,19.0,15,1.9615984288393147,1.0063662706731022,False,False
LAST_OPPOSING,8,CISD,3.0,0.0,0.3,0.05,0.5,2803,8.926751592356688,37.06189410887398,1294.0,0.4616482340349625,1.7665876777251184,17.0,14,2.0276900931434025,0.9285393233297587,False,False
EXTREME_OPEN,3,FIB_786,2.5,1.5,0.0,0.0,0.5,886,2.821656050955414,41.760722347629795,409.0,0.4616252821670429,1.7926356589147288,22.5,13,2.1668443399350665,1.154213466620355,False,False
EXTREME_OPEN,8,FIB_786,4.0,0.0,0.0,0.05,0.25,2970,9.45859872611465,29.235432805658473,1371.0,0.4616161616161616,1.6525464064731081,18.0,18,2.7739964641074573,1.4070264268544443,False,False
LAST_OPPOSING,5,FIB_705,2.5,1.5,0.4,0.0,0.25,518,1.6496815286624205,41.77949709864603,239.0,0.4613899613899614,1.7940199335548173,13.0,10,2.0121673746514395,1.0588403249150387,False,False
EXTREME_OPEN,3,FIB_786,3.0,1.5,0.3,0.05,0.5,594,1.89171974522293,36.53198653198653,274.0,0.4612794612794613,1.726790450928382,20.0,18,2.329073574752185,1.2209636945386986,False,False
EXTREME_OPEN,5,FIB_786,2.5,1.5,0.3,0.05,0.5,618,1.9681528662420382,41.74757281553398,285.0,0.46116504854368934,1.7916666666666667,14.5,10,2.1868928930514335,1.145922848764232,False,False
LAST_OPPOSING,3,FIB_618,2.5,0.0,0.0,0.05,0.5,3275,10.429936305732484,41.78921568627451,1510.0,0.46106870229007635,1.7947368421052632,21.0,15,1.9675013333726679,1.002138866429583,False,False
EXTREME_OPEN,3,CISD,2.5,0.0,0.3,0.0,0.25,2936,9.35031847133758,42.10710535526776,1353.5,0.46100136239782014,1.8183192261185006,14.5,14,1.8151082729649628,0.899739913332119,False,False
EXTREME_OPEN,3,FIB_618,2.5,0.0,0.0,0.0,0.25,3749,11.939490445859873,41.77587590264777,1728.0,0.46092291277674047,1.7937528709232888,26.5,16,1.986616961235954,1.0296870611579665,False,False
LAST_OPPOSING,3,FIB_786,4.0,1.5,0.4,0.05,0.25,421,1.3407643312101911,29.216152019002372,194.0,0.46080760095011875,1.651006711409396,14.0,13,2.657644011101223,1.3592275367391353,False,False
EXTREME_OPEN,8,FIB_786,3.0,1.5,0.0,0.0,0.25,934,2.9745222929936306,36.50963597430407,430.0,0.4603854389721627,1.7251264755480606,27.0,15,2.345784591593541,1.2615987605958954,False,False
EXTREME_OPEN,5,CISD,2.5,0.0,0.3,0.0,0.25,3035,9.665605095541402,42.11062097047845,1396.5,0.4601317957166392,1.8185814771395077,14.5,14,1.8126596869811815,0.8957002422700449,False,False
LAST_OPPOSING,3,FIB_618,2.5,0.0,0.0,0.0,0.5,3535,11.257961783439491,41.76604202157865,1626.5,0.4601131541725601,1.7930277913213066,20.5,15,1.96914878885729,1.0088661791283609,False,False
EXTREME_OPEN,5,FIB_786,4.0,1.2,0.3,0.15,0.25,939,2.9904458598726116,29.21108742004264,432.0,0.46006389776357826,1.6506024096385543,26.0,15,2.717317037536074,1.3915861182571152,False,False
EXTREME_OPEN,5,FIB_786,3.0,2.0,0.0,0.05,0.5,400,1.2738853503184713,36.5,184.0,0.46,1.7244094488188977,23.0,19,2.3131316474813923,1.2136684559131419,False,False
LAST_OPPOSING,3,CISD,4.0,0.0,0.3,0.05,0.25,2553,8.130573248407643,29.840737636211234,1174.0,0.4598511555033294,1.7013142174432496,20.0,14,2.340410996622366,1.000383121998843,False,False
LAST_OPPOSING,3,FIB_786,4.0,0.0,0.0,0.0,0.5,2904,9.248407643312103,29.20689655172414,1335.0,0.4597107438016529,1.6502679006332197,23.0,18,2.7374837090570123,1.3711175007018293,False,False
EXTREME_OPEN,5,FIB_705,2.5,1.2,0.4,0.0,0.5,880,2.8025477707006368,41.70454545454545,404.5,0.4596590909090909,1.7884990253411306,10.5,9,2.0430811248808127,1.065725014847442,False,False
EXTREME_OPEN,3,FIB_618,3.0,0.0,0.0,0.15,0.5,2574,8.197452229299364,36.54822335025381,1183.0,0.4595959595959596,1.728,22.0,14,2.144438451056755,1.065265640292667,False,False
EXTREME_OPEN,5,FIB_786,3.0,1.5,0.0,0.15,0.5,792,2.522292993630573,36.48989898989899,364.0,0.4595959595959596,1.7236580516898607,21.0,11,2.3073137959306114,1.217484252203582,False,False
LAST_OPPOSING,8,CISD,4.0,0.0,0.0,0.05,0.5,3497,11.136942675159236,29.92588017294626,1607.0,0.45953674578209897,1.7082415160863818,20.0,17,2.3512332163562273,0.9939555079679879,False,False
EXTREME_OPEN,3,FIB_786,2.5,1.5,0.3,0.0,0.5,602,1.9171974522292994,41.69435215946844,276.5,0.45930232558139533,1.7877492877492878,16.0,10,2.190729930142113,1.1507909231255198,False,False
LAST_OPPOSING,5,FIB_705,2.5,1.5,0.4,0.05,0.25,514,1.6369426751592357,41.71539961013645,236.0,0.4591439688715953,1.7892976588628762,13.0,10,2.0103637245379775,1.058667518908545,False,False
EXTREME_OPEN,5,FIB_786,2.5,1.5,0.0,0.05,0.5,902,2.872611464968153,41.68514412416852,414.0,0.458980044345898,1.7870722433460076,21.0,12,2.16769933967378,1.1516107846863421,False,False
EXTREME_OPEN,8,FIB_786,2.5,1.5,0.4,0.0,0.5,463,1.4745222929936306,41.68466522678186,212.5,0.458963282937365,1.787037037037037,14.0,7,2.161760940204924,1.1424995341694513,False,False
LAST_OPPOSING,8,FIB_786,4.0,1.2,0.4,0.05,0.25,778,2.477707006369427,29.177377892030847,357.0,0.4588688946015424,1.6479128856624319,24.0,17,2.6969317195667246,1.3778441080039683,False,False
EXTREME_OPEN,3,FIB_786,3.0,2.0,0.3,0.15,0.25,255,0.8121019108280255,36.470588235294116,117.0,0.4588235294117647,1.7222222222222223,25.0,25,2.3749340902584293,1.2289637225846064,False,False
LAST_OPPOSING,3,FIB_618,3.0,0.0,0.0,0.05,0.25,3241,10.321656050955413,36.52713178294574,1487.0,0.4588090095649491,1.726428920371275,24.0,16,2.1537222534576363,1.0769543832215482,False,False
LAST_OPPOSING,8,FIB_786,3.0,1.5,0.3,0.05,0.5,628,2.0,36.46496815286624,288.0,0.4585987261146497,1.7218045112781954,15.0,9,2.2766696477911634,1.1923626319408998,False,False
LAST_OPPOSING,3,FIB_786,4.0,1.2,0.3,0.15,0.25,879,2.799363057324841,29.19042189281642,403.0,0.45847554038680316,1.6489533011272142,32.0,23,2.704905078560644,1.3720735620631055,False,False
LAST_OPPOSING,3,FIB_786,2.5,2.0,0.0,0.05,0.5,384,1.2229299363057324,41.66666666666667,176.0,0.4583333333333333,1.7857142857142858,15.5,13,2.1469470122812653,1.0962522496513858,False,False
LAST_OPPOSING,5,FIB_618,2.5,0.0,0.3,0.0,0.5,2571,8.187898089171975,41.71227521501173,1176.5,0.4576040451186309,1.7890677397719652,16.0,11,1.970455622837677,1.0060167808121152,False,False
LAST_OPPOSING,5,CISD,4.0,0.0,0.3,0.05,0.25,2653,8.449044585987261,29.80613893376414,1214.0,0.45759517527327553,1.6985040276179517,18.0,15,2.3311073011127714,0.9993757324193614,False,False
EXTREME_OPEN,3,CISD,2.5,0.0,0.3,0.05,0.25,2800,8.9171974522293,42.012486228424535,1281.0,0.4575,1.811272957568081,13.5,13,1.8171920463938935,0.8940640333247782,False,False
EXTREME_OPEN,8,CISD,2.5,0.0,0.0,0.0,0.5,4201,13.378980891719745,42.11695040710585,1921.5,0.45739109735777195,1.8190537084398977,21.5,18,1.8176342398774474,0.8911999825513038,False,False
EXTREME_OPEN,3,FIB_786,2.5,1.5,0.4,0.15,0.5,418,1.3312101910828025,41.62679425837321,191.0,0.4569377990430622,1.7827868852459017,11.0,8,2.1743352148318076,1.147312290818551,False,False
LAST_OPPOSING,8,FIB_786,4.0,1.2,0.4,0.0,0.25,786,2.5031847133757963,29.134860050890588,359.0,0.45674300254452926,1.644524236983842,24.0,17,2.692570770800615,1.379549041250274,False,False
EXTREME_OPEN,3,CISD,3.0,0.0,0.0,0.05,0.25,3650,11.624203821656051,36.93100486687661,1667.0,0.4567123287671233,1.7566954153427146,20.0,20,2.024131585942738,0.9470498463274891,False,False
LAST_OPPOSING,3,FIB_618,3.0,0.0,0.0,0.0,0.25,3508,11.171974522292993,36.4756446991404,1602.0,0.4566704675028506,1.722598105548038,22.0,16,2.156747106751956,1.086384064382548,False,False
EXTREME_OPEN,5,CISD,3.0,0.0,0.0,0.05,0.25,3779,12.035031847133759,36.95591904629886,1725.0,0.4564699655993649,1.7585751978891822,19.0,19,2.0172144817151136,0.9424378635323323,False,False
LAST_OPPOSING,5,FIB_786,3.0,2.0,0.4,0.15,0.25,195,0.6210191082802548,36.41025641025641,89.0,0.4564102564102564,1.717741935483871,11.0,11,2.3433733693283854,1.2063871842720881,False,False
LAST_OPPOSING,5,FIB_786,3.0,2.0,0.4,0.15,0.5,195,0.6210191082802548,36.41025641025641,89.0,0.4564102564102564,1.717741935483871,11.0,11,2.277158004576164,1.1766770120641343,False,False
EXTREME_OPEN,5,FIB_786,2.5,1.5,0.4,0.15,0.5,435,1.3853503184713376,41.60919540229885,198.5,0.45632183908045976,1.781496062992126,12.0,8,2.171219943718039,1.1387724900899168,False,False
EXTREME_OPEN,5,FIB_786,3.0,1.5,0.3,0.05,0.5,618,1.9681528662420382,36.407766990291265,282.0,0.4563106796116505,1.717557251908397,18.0,14,2.3263548127280615,1.2189068829778793,False,False
LAST_OPPOSING,3,FIB_618,2.5,1.2,0.4,0.05,0.25,925,2.945859872611465,41.64859002169197,422.0,0.4562162162162162,1.7843866171003717,16.0,14,1.9501340918795886,1.005130465186029,False,False
EXTREME_OPEN,3,FIB_786,2.5,2.0,0.0,0.05,0.25,387,1.232484076433121,41.60206718346253,176.5,0.4560723514211886,1.7809734513274336,24.0,24,2.2343746611487387,1.1638035462703273,False,False
EXTREME_OPEN,3,FIB_786,2.5,2.0,0.0,0.05,0.5,387,1.232484076433121,41.60206718346253,176.5,0.4560723514211886,1.7809734513274336,24.0,24,2.1898803570424255,1.1386557466137617,False,False
EXTREME_OPEN,8,FIB_786,2.5,1.5,0.3,0.15,0.5,589,1.875796178343949,41.59592529711375,268.5,0.45585738539898135,1.7805232558139534,13.5,12,2.1679688523395257,1.1469602260443763,False,False
EXTREME_OPEN,8,FIB_786,2.5,1.5,0.0,0.05,0.5,916,2.917197452229299,41.5938864628821,417.5,0.4557860262008734,1.780373831775701,22.0,12,2.161338601790792,1.1515567126514423,False,False
EXTREME_OPEN,8,FIB_705,2.5,1.2,0.4,0.05,0.5,880,2.8025477707006368,41.590909090909086,401.0,0.4556818181818182,1.7801556420233462,12.5,9,2.0404337062523425,1.0655375125701358,False,False
EXTREME_OPEN,3,FIB_705,2.5,2.0,0.4,0.15,0.25,214,0.6815286624203821,41.58878504672897,97.5,0.45560747663551404,1.78,10.5,8,2.035183451853153,1.068341513748022,False,False
EXTREME_OPEN,5,CISD,2.5,0.0,0.3,0.05,0.25,2897,9.226114649681529,41.97794379224475,1319.0,0.4552985847428374,1.8087063151440834,13.5,13,1.813814185360909,0.8902397545856788,False,False
EXTREME_OPEN,3,CISD,2.5,0.0,0.0,0.05,0.5,3755,11.95859872611465,41.98242723778144,1709.5,0.4552596537949401,1.8090392806436346,19.0,19,1.8281178360052903,0.8943987137419006,False,False
EXTREME_OPEN,5,FIB_618,2.5,0.0,0.3,0.0,0.5,2644,8.420382165605096,41.61608497723824,1203.5,0.4551815431164902,1.7820012995451593,16.5,13,1.9773601767527387,1.012420764705934,False,False
EXTREME_OPEN,3,FIB_786,3.0,1.5,0.3,0.0,0.5,602,1.9171974522292994,36.37873754152824,274.0,0.45514950166112955,1.7154046997389034,20.0,18,2.3231909779302393,1.223590593633295,False,False
LAST_OPPOSING,8,FIB_786,3.0,1.5,0.3,0.0,0.5,635,2.022292993630573,36.37795275590551,289.0,0.45511811023622045,1.7153465346534653,15.0,9,2.272409501947551,1.1945810798458318,False,False
LAST_OPPOSING,3,FIB_618,2.5,1.2,0.4,0.0,0.25,933,2.9713375796178343,41.612903225806456,424.5,0.454983922829582,1.781767955801105,14.5,11,1.9503792898931318,1.0054648530040533,False,False
LAST_OPPOSING,8,CISD,4.0,0.0,0.3,0.0,0.25,2806,8.936305732484076,29.744177166857575,1276.0,0.4547398431931575,1.6934782608695653,18.0,16,2.3266527922474416,1.008821734066476,False,False
EXTREME_OPEN,5,CISD,2.5,0.0,0.0,0.05,0.5,3892,12.394904458598726,42.00318809776833,1769.5,0.45465056526207603,1.810581768208887,18.5,18,1.824333659740326,0.8894792369066219,False,False
EXTREME_OPEN,3,FIB_618,2.5,0.0,0.3,0.0,0.5,2568,8.178343949044587,41.6015625,1167.5,0.45463395638629284,1.7809364548494984,16.5,13,1.9808701216269444,1.014933074675052,False,False
LAST_OPPOSING,8,FIB_705,2.5,1.2,0.4,0.15,0.25,826,2.6305732484076434,41.57575757575758,375.5,0.45460048426150124,1.7790456431535269,14.0,9,2.0195462397527777,1.0747104215334888,False,False
LAST_OPPOSING,3,FIB_705,2.5,1.5,0.4,0.15,0.25,462,1.4713375796178343,41.55844155844156,210.0,0.45454545454545453,1.7777777777777777,15.0,11,1.9925855068854312,1.0611604514143125,False,False
LAST_OPPOSING,3,FIB_786,4.0,1.5,0.4,0.0,0.25,423,1.3471337579617835,29.078014184397162,192.0,0.45390070921985815,1.64,14.0,13,2.651548698408643,1.3622340692454622,False,False
EXTREME_OPEN,8,FIB_618,2.5,0.0,0.3,0.0,0.5,2668,8.496815286624203,41.578947368421055,1211.0,0.45389805097451275,1.7792792792792793,16.5,13,1.9732284601553483,1.0127161874977053,False,False
EXTREME_OPEN,3,FIB_786,3.0,1.5,0.0,0.05,0.5,864,2.751592356687898,36.342592592592595,392.0,0.4537037037037037,1.7127272727272727,26.0,18,2.3110004073657198,1.2309753944780832,False,False
EXTREME_OPEN,5,FIB_786,2.5,1.5,0.3,0.0,0.5,626,1.9936305732484076,41.533546325878596,284.0,0.4536741214057508,1.7759562841530054,15.5,10,2.1830528326150036,1.149408024516856,False,False
EXTREME_OPEN,5,FIB_786,2.5,2.0,0.0,0.0,0.25,407,1.2961783439490446,41.52334152334152,184.5,0.4533169533169533,1.7752100840336134,21.5,19,2.225498945891018,1.169195892392874,False,False
EXTREME_OPEN,5,FIB_786,2.5,2.0,0.0,0.0,0.5,407,1.2961783439490446,41.52334152334152,184.5,0.4533169533169533,1.7752100840336134,21.5,19,2.1798860378794402,1.1427207998675828,False,False
EXTREME_OPEN,3,CISD,4.0,0.0,0.0,0.15,0.25,2752,8.764331210191083,29.730784237222007,1247.0,0.453125,1.6923931149361466,20.0,19,2.315630015121874,1.0063291035261421,False,False
EXTREME_OPEN,8,CISD,2.5,0.0,0.3,0.0,0.25,3063,9.754777070063694,41.91919191919192,1387.5,0.45298726738491674,1.8043478260869565,14.5,14,1.8109337917867825,0.8965614652455856,False,False
LAST_OPPOSING,5,FIB_786,3.0,2.0,0.4,0.0,0.25,201,0.6401273885350318,36.318407960199,91.0,0.4527363184079602,1.7109375,12.0,12,2.335620043353668,1.2076150007150401,False,False
LAST_OPPOSING,5,FIB_786,3.0,2.0,0.4,0.0,0.5,201,0.6401273885350318,36.318407960199,91.0,0.4527363184079602,1.7109375,12.0,12,2.271311540400978,1.1777062074595672,False,False
LAST_OPPOSING,5,FIB_786,3.0,2.0,0.4,0.05,0.25,201,0.6401273885350318,36.318407960199,91.0,0.4527363184079602,1.7109375,12.0,12,2.335620043353668,1.2076150007150401,False,False
LAST_OPPOSING,5,FIB_786,3.0,2.0,0.4,0.05,0.5,201,0.6401273885350318,36.318407960199,91.0,0.4527363184079602,1.7109375,12.0,12,2.271311540400978,1.1777062074595672,False,False
EXTREME_OPEN,8,FIB_786,3.0,1.5,0.0,0.15,0.5,807,2.570063694267516,36.30731102850062,365.0,0.45229244114002476,1.7101167315175096,22.0,12,2.2987591413032726,1.2192701483569526,False,False
EXTREME_OPEN,8,FIB_618,3.0,0.0,0.0,0.15,0.5,2723,8.671974522292993,36.360280546327054,1231.0,0.45207491737054717,1.7140371229698377,24.0,14,2.1325450154786667,1.0617362725685318,False,False
EXTREME_OPEN,5,FIB_618,3.0,0.0,0.0,0.0,0.25,3830,12.197452229299364,36.34933123524783,1731.0,0.45195822454308093,1.7132262051915945,26.0,15,2.1477970489190956,1.0896449360151665,False,False
LAST_OPPOSING,8,FIB_618,2.5,0.0,0.0,0.0,0.5,3786,12.05732484076433,41.53846153846154,1711.0,0.45192815636555733,1.7763157894736843,19.0,15,1.9544842638362585,1.0091014526088908,False,False
EXTREME_OPEN,8,FIB_786,3.0,2.0,0.0,0.0,0.5,416,1.3248407643312101,36.29807692307692,188.0,0.4519230769230769,1.709433962264151,24.0,20,2.297864678398777,1.213313349707198,False,False
LAST_OPPOSING,8,FIB_786,4.0,0.0,0.0,0.0,0.5,3109,9.901273885350319,29.04991948470209,1405.0,0.4519137986490833,1.6377666817975487,20.0,17,2.713394084082073,1.3671427409370527,False,False
LAST_OPPOSING,8,FIB_786,3.0,1.5,0.0,0.05,0.5,926,2.949044585987261,36.285097192224626,418.0,0.4514038876889849,1.7084745762711864,25.0,10,2.260938928976318,1.2016934994034931,False,False
EXTREME_OPEN,3,FIB_705,2.5,1.2,0.4,0.15,0.5,779,2.4808917197452227,41.46341463414634,351.5,0.45121951219512196,1.7708333333333333,10.5,9,2.036941820719309,1.0713056184535572,False,False
EXTREME_OPEN,8,CISD,3.0,0.0,0.0,0.15,0.5,3046,9.700636942675159,36.91880638445524,1374.0,0.4510833880499015,1.7557755775577557,20.0,20,2.006923109321196,0.9250036989280149,False,False
EXTREME_OPEN,5,CISD,4.0,0.0,0.0,0.0,0.25,3769,12.003184713375797,29.68660968660969,1700.0,0.45104802334836824,1.6888168557536467,22.0,17,2.292264128958144,1.0117893833268496,False,False
EXTREME_OPEN,8,FIB_786,2.5,1.5,0.4,0.15,0.5,439,1.3980891719745223,41.45785876993166,198.0,0.4510250569476082,1.7704280155642023,13.0,8,2.1648593636250433,1.1408297607299127,False,False
EXTREME_OPEN,5,FIB_705,2.5,2.0,0.4,0.0,0.25,234,0.7452229299363057,41.452991452991455,105.5,0.45085470085470086,1.77007299270073,9.0,9,2.0116367823059185,1.0691428654946091,False,False
EXTREME_OPEN,5,FIB_786,3.0,1.5,0.3,0.0,0.5,626,1.9936305732484076,36.26198083067093,282.0,0.4504792332268371,1.7067669172932332,18.0,14,2.320732491337298,1.221459355417869,False,False
LAST_OPPOSING,5,FIB_786,4.0,1.2,0.3,0.15,0.25,939,2.9904458598726116,29.02881536819637,423.0,0.4504792332268371,1.6360902255639098,37.0,24,2.6890711260545146,1.3757483538499204,False,False
EXTREME_OPEN,3,FIB_705,2.5,2.0,0.4,0.05,0.25,222,0.7070063694267515,41.44144144144144,100.0,0.45045045045045046,1.7692307692307692,9.5,9,2.021395787265716,1.0681257079814241,False,False
LAST_OPPOSING,8,FIB_705,2.5,2.0,0.4,0.0,0.25,242,0.7707006369426752,41.49377593360996,109.0,0.45041322314049587,1.7730496453900708,10.0,10,1.9840224205714034,1.0263253982936946,False,False
LAST_OPPOSING,8,FIB_705,2.5,2.0,0.4,0.05,0.25,242,0.7707006369426752,41.49377593360996,109.0,0.45041322314049587,1.7730496453900708,10.0,10,1.9840224205714034,1.0263253982936946,False,False
EXTREME_OPEN,8,CISD,3.0,0.0,0.0,0.05,0.25,3817,12.156050955414013,36.82906688687035,1719.0,0.45035368090123135,1.7490196078431373,18.0,18,2.014784356309046,0.9415625378882762,False,False
EXTREME_OPEN,5,FIB_786,2.5,1.5,0.0,0.0,0.5,922,2.9363057324840764,41.431670281995665,415.0,0.45010845986984815,1.7685185185185186,22.0,13,2.1581822157434387,1.1554831474262135,False,False
EXTREME_OPEN,8,FIB_786,4.0,1.2,0.4,0.15,0.25,731,2.328025477707006,29.00136798905609,329.0,0.45006839945280436,1.6339113680154143,20.0,15,2.7024743138344833,1.3918882411228832,False,False
LAST_OPPOSING,8,FIB_618,2.5,0.0,0.3,0.0,0.5,2602,8.286624203821656,41.49922720247295,1171.0,0.45003843197540355,1.773447820343461,16.0,11,1.9642199050821556,1.0082820492555546,False,False
LAST_OPPOSING,8,FIB_618,2.5,0.0,0.0,0.05,0.5,3522,11.21656050955414,41.47662485746864,1584.5,0.44988642816581487,1.771797369702874,19.5,15,1.9508016015167544,1.0033502022957719,False,False
EXTREME_OPEN,8,FIB_705,2.5,1.2,0.4,0.0,0.5,891,2.837579617834395,41.41414141414141,400.5,0.4494949494949495,1.7672413793103448,10.5,9,2.035988666312293,1.0677025575877388,False,False
EXTREME_OPEN,8,FIB_786,3.0,2.0,0.4,0.0,0.25,207,0.6592356687898089,36.231884057971016,93.0,0.4492753623188406,1.7045454545454546,17.0,14,2.346712093451662,1.237291539830039,False,False
EXTREME_OPEN,8,FIB_786,3.0,2.0,0.4,0.0,0.5,207,0.6592356687898089,36.231884057971016,93.0,0.4492753623188406,1.7045454545454546,17.0,14,2.2938624121355344,1.209555174191278,False,False
LAST_OPPOSING,3,FIB_786,4.0,1.5,0.0,0.15,0.25,739,2.3535031847133756,28.997289972899733,332.0,0.44925575101488496,1.633587786259542,26.0,17,2.6333034458376385,1.351830517085301,False,False
LAST_OPPOSING,8,FIB_618,3.0,0.0,0.0,0.15,0.5,2738,8.719745222929935,36.31346578366446,1230.0,0.44923301680058436,1.7105719237435009,19.0,15,2.1207575890479484,1.0580719306129769,False,False
LAST_OPPOSING,5,FIB_705,2.5,1.5,0.4,0.15,0.25,491,1.5636942675159236,41.42857142857143,220.5,0.44908350305498984,1.7682926829268293,14.5,11,1.9898490452628004,1.0553114505234957,False,False
LAST_OPPOSING,8,FIB_705,2.5,2.0,0.4,0.15,0.25,235,0.7484076433121019,41.452991452991455,105.5,0.44893617021276594,1.77007299270073,9.0,9,1.989038956231745,1.025743520325121,False,False
EXTREME_OPEN,8,FIB_786,2.5,2.0,0.0,0.15,0.25,372,1.1847133757961783,41.39784946236559,167.0,0.4489247311827957,1.7660550458715596,20.5,16,2.187981170518322,1.1730543191106666,False,False
EXTREME_OPEN,8,FIB_786,2.5,2.0,0.0,0.15,0.5,372,1.1847133757961783,41.39784946236559,167.0,0.4489247311827957,1.7660550458715596,20.5,16,2.142849499320824,1.146130806646174,False,False
EXTREME_OPEN,5,FIB_705,2.5,1.5,0.4,0.05,0.25,517,1.6464968152866242,41.3926499032882,232.0,0.44874274661508706,1.7656765676567656,12.0,11,2.0328274826711197,1.083411317093673,False,False
LAST_OPPOSING,5,FIB_786,3.0,2.0,0.0,0.0,0.25,428,1.3630573248407643,36.21495327102804,192.0,0.4485981308411215,1.7032967032967032,20.0,20,2.2784754925769843,1.1921019636061159,False,False
LAST_OPPOSING,5,FIB_786,4.0,1.5,0.4,0.15,0.25,428,1.3630573248407643,28.971962616822427,192.0,0.4485981308411215,1.631578947368421,17.0,13,2.6345185256378834,1.3482189249554282,False,False
LAST_OPPOSING,8,FIB_618,3.0,0.0,0.0,0.0,0.25,3755,11.95859872611465,36.28081457663451,1684.0,0.4484687083888149,1.7081581160639192,19.0,16,2.139899102849702,1.0861263914904806,False,False
EXTREME_OPEN,3,FIB_786,4.0,1.5,0.0,0.15,0.25,756,2.4076433121019107,28.968253968253972,339.0,0.44841269841269843,1.6312849162011174,19.0,16,2.6440347510188267,1.3763895255386722,False,False
EXTREME_OPEN,5,FIB_618,2.5,0.0,0.0,0.0,0.5,3857,12.28343949044586,41.40889004419028,1728.5,0.44814622763806067,1.7668589174800355,24.0,15,1.9607267914542443,1.0159198158616325,False,False
EXTREME_OPEN,8,FIB_786,2.5,1.5,0.3,0.05,0.5,626,1.9936305732484076,41.373801916932905,280.5,0.4480830670926518,1.7643051771117166,15.5,10,2.176064629001053,1.1519268954800839,False,False
LAST_OPPOSING,3,FIB_705,2.5,1.2,0.4,0.05,0.5,817,2.6019108280254777,41.37086903304773,366.0,0.4479804161566707,1.7640918580375784,16.0,11,2.0211810850752623,1.0622223073958528,False,False
EXTREME_OPEN,8,CISD,2.5,0.0,0.3,0.05,0.25,2925,9.315286624203821,41.77840508115737,1310.0,0.4478632478632479,1.793939393939394,13.5,13,1.811995811707891,0.8911938809546509,False,False
EXTREME_OPEN,5,FIB_786,3.0,2.0,0.3,0.15,0.25,268,0.8535031847133758,36.19402985074627,120.0,0.44776119402985076,1.7017543859649122,22.0,14,2.364823704344064,1.2437734101010487,False,False
LAST_OPPOSING,8,FIB_618,3.0,0.0,0.0,0.05,0.25,3485,11.098726114649681,36.25866050808314,1560.0,0.44763271162123386,1.7065217391304348,21.0,16,2.134292446912626,1.077774542451463,False,False
LAST_OPPOSING,3,CISD,3.0,1.5,0.4,0.0,0.25,722,2.299363057324841,37.07025411061286,323.0,0.4473684210526316,1.7672209026128265,19.0,11,1.9684258789011737,0.9113247749175661,False,False
LAST_OPPOSING,8,CISD,4.0,0.0,0.3,0.05,0.25,2685,8.550955414012739,29.5926517571885,1201.0,0.4472998137802607,1.6812251843448667,18.0,15,2.324420394977213,1.0019214211735685,False,False
EXTREME_OPEN,8,CISD,2.5,0.0,0.0,0.05,0.5,3930,12.51592356687898,41.82058047493404,1757.5,0.44720101781170485,1.7970521541950113,20.5,18,1.8220114403597731,0.8891957468360657,False,False
EXTREME_OPEN,5,FIB_618,3.0,0.0,0.0,0.05,0.25,3529,11.238853503184714,36.22652248150256,1578.0,0.4471521677529045,1.7041499330655958,24.0,16,2.1449636632020814,1.0817517956834246,False,False
EXTREME_OPEN,8,FIB_786,2.5,1.5,0.0,0.0,0.5,936,2.9808917197452227,41.34615384615385,418.5,0.44711538461538464,1.7622950819672132,23.0,13,2.1520997412073353,1.1553723108211638,False,False
LAST_OPPOSING,3,FIB_618,2.5,1.2,0.4,0.15,0.25,868,2.7643312101910826,41.38728323699422,388.0,0.4470046082949309,1.7652859960552267,15.0,13,1.9466174648958106,1.0037852120510211,False,False
EXTREME_OPEN,5,CISD,4.0,0.0,0.0,0.15,0.25,2855,9.09235668789809,29.652042360060516,1276.0,0.4469352014010508,1.686021505376344,24.0,20,2.3089621344535556,1.0004095911991302,False,False
EXTREME_OPEN,8,FIB_618,2.5,0.0,0.3,0.05,0.5,2535,8.073248407643312,41.36022143139581,1132.0,0.4465483234714004,1.763317599460553,16.5,13,1.969937752089285,1.0096554187156401,False,False
EXTREME_OPEN,8,FIB_618,3.0,0.0,0.0,0.0,0.25,3872,12.331210191082803,36.21271076523995,1729.0,0.4465392561983471,1.703131354209028,27.0,15,2.1418927899620837,1.0900423633511986,False,False
EXTREME_OPEN,8,FIB_786,3.0,1.5,0.3,0.15,0.5,589,1.875796178343949,36.16298811544992,263.0,0.4465195246179966,1.699468085106383,17.0,13,2.303888416214206,1.2218304627885304,False,False
LAST_OPPOSING,3,FIB_618,2.5,1.2,0.4,0.05,0.5,924,2.9426751592356686,41.36807817589577,412.5,0.44642857142857145,1.7638888888888888,16.0,14,1.9298651260489417,0.991938408847083,False,False
EXTREME_OPEN,5,CISD,3.0,0.0,0.0,0.0,0.5,4010,12.770700636942674,36.69628855201255,1790.0,0.4463840399002494,1.7390586292320396,19.0,17,1.9896206389035005,0.9389787970205907,False,False
LAST_OPPOSING,3,CISD,2.5,1.5,0.4,0.0,0.25,727,2.3152866242038215,42.066957787481805,324.5,0.44635488308115545,1.815326633165829,11.0,11,1.790452545097689,0.8688903371353905,False,False
EXTREME_OPEN,3,FIB_618,3.0,0.0,0.0,0.0,0.25,3709,11.812101910828025,36.20362848632548,1655.0,0.446211916958749,1.7024617996604414,27.0,16,2.148405756432653,1.0934849991196303,False,False
EXTREME_OPEN,8,CISD,4.0,0.0,0.0,0.0,0.25,3797,12.09235668789809,29.608621667612024,1694.0,0.44614169080853305,1.6825141015310234,25.0,18,2.289087366833393,1.0106744654393072,False,False
EXTREME_OPEN,3,CISD,4.0,0.0,0.0,0.0,0.25,3677,11.710191082802547,29.53488372093023,1640.0,0.4460157737285831,1.6765676567656767,26.0,26,2.2931056445725186,1.019299887599701,False,False
EXTREME_OPEN,5,FIB_786,4.0,1.5,0.4,0.05,0.25,453,1.4426751592356688,28.918322295805737,202.0,0.445916114790287,1.6273291925465838,14.0,14,2.6643974587660035,1.3845483433381416,False,False
LAST_OPPOSING,3,CISD,3.0,2.0,0.0,0.15,0.25,590,1.8789808917197452,37.3358348968105,263.0,0.4457627118644068,1.7874251497005988,16.0,16,1.9289915548303163,0.8710463389357422,False,False
EXTREME_OPEN,5,FIB_705,2.5,1.2,0.4,0.15,0.5,811,2.582802547770701,41.30702836004932,361.5,0.44574599260172626,1.759453781512605,10.5,9,2.0284678238428944,1.0671627386115072,False,False
EXTREME_OPEN,5,FIB_705,2.5,1.5,0.4,0.0,0.25,523,1.6656050955414012,41.30019120458891,233.0,0.44550669216061184,1.758957654723127,13.0,11,2.0303901486414904,1.0847881060015159,False,False
EXTREME_OPEN,8,FIB_618,2.5,0.0,0.0,0.0,0.5,3898,12.414012738853502,41.33230452674897,1736.5,0.4454848640328374,1.7612889083735204,24.0,15,1.9563082756565036,1.0158058355268498,False,False
EXTREME_OPEN,3,CISD,3.0,0.0,0.0,0.0,0.5,3891,12.39171974522293,36.63712060166532,1733.0,0.44538679002827036,1.734633319203052,23.0,23,1.9939750874754343,0.9437556934413801,False,False
EXTREME_OPEN,3,FIB_618,3.0,0.0,0.0,0.05,0.25,3411,10.863057324840764,36.17898145422432,1519.0,0.445323951920258,1.7006457564575646,23.0,16,2.1487646471906454,1.0847857906760752,False,False
LAST_OPPOSING,3,FIB_618,2.5,1.2,0.4,0.0,0.5,932,2.968152866242038,41.33476856835307,415.0,0.44527896995708155,1.761467889908257,14.5,11,1.9311561177006953,0.9921182601519222,False,False
EXTREME_OPEN,5,FIB_786,2.5,2.0,0.0,0.05,0.25,402,1.2802547770700636,41.29353233830846,179.0,0.44527363184079605,1.7584745762711864,21.5,19,2.221223497653398,1.1734680233272672,False,False
EXTREME_OPEN,5,FIB_786,2.5,2.0,0.0,0.05,0.5,402,1.2802547770700636,41.29353233830846,179.0,0.44527363184079605,1.7584745762711864,21.5,19,2.1758349445696905,1.1470129547261276,False,False
LAST_OPPOSING,3,FIB_705,2.5,1.5,0.3,0.15,0.25,611,1.9458598726114649,41.31147540983607,272.0,0.4451718494271686,1.7597765363128492,14.5,11,1.9829337277792316,1.0623393308802065,False,False
LAST_OPPOSING,3,FIB_786,3.0,2.0,0.0,0.05,0.5,382,1.21656050955414,36.12565445026178,170.0,0.44502617801047123,1.6967213114754098,18.0,18,2.2685784162587255,1.1719461526237902,False,False
EXTREME_OPEN,3,FIB_705,2.5,2.0,0.0,0.15,0.25,390,1.2420382165605095,41.28205128205128,173.5,0.44487179487179485,1.75764192139738,12.0,12,2.0327223476388383,1.0581644151334253,False,False
LAST_OPPOSING,5,FIB_618,3.0,0.0,0.3,0.0,0.25,2559,8.14968152866242,36.19197482297404,1138.0,0.4447049628761235,1.7016029593094943,20.0,16,2.157945532166036,1.0862239532225684,False,False
EXTREME_OPEN,3,FIB_618,2.5,0.0,0.0,0.0,0.5,3734,11.89171974522293,41.29967776584318,1659.0,0.44429566148901983,1.7589204025617566,25.5,16,1.9623694048146123,1.0193695910427718,False,False
LAST_OPPOSING,8,FIB_786,4.0,1.5,0.4,0.0,0.25,457,1.4554140127388535,28.88402625820569,203.0,0.4442013129102845,1.6246153846153846,13.0,12,2.631916416127632,1.3536333969672134,False,False
LAST_OPPOSING,3,CISD,2.5,1.5,0.4,0.05,0.25,721,2.2961783439490446,41.99706314243759,320.0,0.44382801664355065,1.8101265822784811,11.0,11,1.7890399323323363,0.8686934073191,False,False
EXTREME_OPEN,3,FIB_786,3.0,1.5,0.0,0.0,0.5,884,2.8152866242038215,36.08597285067873,392.0,0.4434389140271493,1.6938053097345134,27.0,19,2.29962387003433,1.235097828211729,False,False
LAST_OPPOSING,3,CISD,3.0,1.5,0.3,0.15,0.25,891,2.837579617834395,36.96969696969697,395.0,0.44332210998877664,1.7596153846153846,20.0,19,1.95187092064591,0.901183187885675,False,False
EXTREME_OPEN,5,FIB_786,4.0,2.0,0.4,0.15,0.25,194,0.6178343949044586,28.865979381443296,86.0,0.44329896907216493,1.6231884057971016,17.0,12,2.641902007499653,1.3553059025106315,False,False
LAST_OPPOSING,8,FIB_786,4.0,1.2,0.4,0.15,0.25,731,2.328025477707006,28.864569083447332,324.0,0.4432284541723666,1.623076923076923,27.0,17,2.6813561210977634,1.383028295362291,False,False
LAST_OPPOSING,3,FIB_786,3.0,2.0,0.0,0.15,0.5,352,1.1210191082802548,36.07954545454545,156.0,0.4431818181818182,1.6933333333333334,16.0,14,2.272069484314122,1.1739309807823792,False,False
EXTREME_OPEN,3,FIB_786,4.0,0.0,0.0,0.0,0.5,3103,9.882165605095542,28.870967741935484,1375.0,0.44311956171446987,1.6235827664399094,24.0,24,2.7404033461629274,1.3856759158628422,False,False
LAST_OPPOSING,3,CISD,3.0,1.5,0.3,0.0,0.25,939,2.9904458598726116,36.92660550458716,416.0,0.443024494142705,1.7563636363636363,20.0,19,1.9589864420954353,0.9082681991515287,False,False
EXTREME_OPEN,8,FIB_705,2.5,2.0,0.4,0.15,0.25,228,0.7261146496815286,41.228070175438596,101.0,0.44298245614035087,1.7537313432835822,9.0,8,2.023880472960952,1.0724774627056473,False,False
EXTREME_OPEN,8,FIB_618,3.0,0.0,0.0,0.05,0.25,3570,11.369426751592357,36.118143459915615,1581.0,0.44285714285714284,1.6961690885072656,25.0,15,2.1405079204855593,1.0816404544495797,False,False
EXTREME_OPEN,5,FIB_786,4.0,2.0,0.4,0.05,0.25,201,0.6401273885350318,28.855721393034827,89.0,0.4427860696517413,1.6223776223776223,14.0,13,2.6275635785741516,1.3515265888895929,False,False
LAST_OPPOSING,3,CISD,3.0,1.5,0.4,0.05,0.25,716,2.2802547770700636,36.95324283559578,317.0,0.44273743016759776,1.7583732057416268,18.0,11,1.9665245268247589,0.9114820657403981,False,False
LAST_OPPOSING,8,FIB_786,4.0,1.5,0.4,0.05,0.25,454,1.4458598726114649,28.854625550660796,201.0,0.44273127753303965,1.6222910216718267,13.0,12,2.6334909183448145,1.352006128849033,False,False
EXTREME_OPEN,3,FIB_705,4.0,0.0,0.0,0.0,0.5,3369,10.729299363057326,28.877642155403393,1491.0,0.44256455921638466,1.6241105064880703,39.0,26,2.5528643351305704,1.2429808700350615,False,False
LAST_OPPOSING,3,CISD,3.0,1.5,0.3,0.05,0.25,931,2.964968152866242,36.9212962962963,412.0,0.44253490870032225,1.7559633027522936,20.0,19,1.9583582687562922,0.907086121135852,False,False
LAST_OPPOSING,3,FIB_705,2.5,1.2,0.4,0.0,0.5,825,2.627388535031847,41.21212121212121,365.0,0.44242424242424244,1.7525773195876289,16.0,11,2.018144867725229,1.0640342931990026,False,False
LAST_OPPOSING,3,FIB_705,2.5,1.5,0.0,0.15,0.25,833,2.6528662420382165,41.22596153846153,368.5,0.44237695078031214,1.7535787321063394,12.5,9,1.9960333406462194,1.0651233453479407,False,False
EXTREME_OPEN,5,FIB_618,2.5,0.0,0.0,0.05,0.5,3564,11.35031847133758,41.22609673790777,1575.0,0.44191919191919193,1.7535885167464116,21.0,12,1.9588668174559967,1.011517314435527,False,False
EXTREME_OPEN,5,FIB_705,2.5,1.5,0.3,0.15,0.25,653,2.0796178343949046,41.19448698315467,288.5,0.44180704441041346,1.7513020833333333,16.0,16,2.009314961658172,1.0837126650020161,False,False
EXTREME_OPEN,5,FIB_618,3.0,0.0,0.3,0.0,0.25,2634,8.388535031847134,36.09309423884014,1163.0,0.4415337889141989,1.6943283582089552,19.0,16,2.164700871646738,1.0905031186206782,False,False
LAST_OPPOSING,3,FIB_705,2.5,1.5,0.3,0.05,0.25,649,2.06687898089172,41.2037037037037,286.5,0.44144838212634824,1.7519685039370079,15.0,15,2.001773698619811,1.0666347981962858,False,False
LAST_OPPOSING,5,FIB_705,4.0,0.0,0.0,0.0,0.5,3338,10.630573248407643,28.868151715833832,1473.0,0.44128220491312165,1.623360135421075,24.0,19,2.5450925772325235,1.2341819385685604,False,False
EXTREME_OPEN,3,FIB_618,2.5,0.0,0.0,0.05,0.5,3442,10.961783439490446,41.20559114735003,1518.5,0.44116792562463686,1.7521050024764735,22.5,13,1.961959749083829,1.0143152249177727,False,False
LAST_OPPOSING,3,FIB_705,2.5,1.5,0.3,0.0,0.25,654,2.082802547770701,41.19448698315467,288.5,0.441131498470948,1.7513020833333333,15.0,15,2.000710700260497,1.0664157189173544,False,False
EXTREME_OPEN,8,FIB_618,2.5,0.0,0.0,0.05,0.5,3605,11.480891719745223,41.201000834028356,1590.0,0.44105409153952846,1.75177304964539,21.0,12,1.9552135036793892,1.0107875101647092,False,False
EXTREME_OPEN,5,FIB_786,4.0,1.5,0.4,0.0,0.25,458,1.4585987261146496,28.82096069868996,202.0,0.4410480349344978,1.6196319018404908,15.0,15,2.6583691343540568,1.3869550372799333,False,False
LAST_OPPOSING,3,FIB_786,4.0,1.5,0.3,0.15,0.25,542,1.7261146496815287,28.835489833641404,239.0,0.44095940959409596,1.6207792207792209,23.0,17,2.633935435669957,1.3496867900400085,False,False
LAST_OPPOSING,3,CISD,3.0,1.5,0.4,0.15,0.25,694,2.210191082802548,36.915887850467286,306.0,0.4409221902017291,1.7555555555555555,18.0,11,1.9593828970228744,0.9047372205884018,False,False
EXTREME_OPEN,8,FIB_786,3.0,2.0,0.0,0.15,0.5,372,1.1847133757961783,36.02150537634409,164.0,0.44086021505376344,1.6890756302521008,24.0,16,2.2779782146313625,1.2141985317032917,False,False
EXTREME_OPEN,8,FIB_786,2.5,1.5,0.3,0.0,0.5,634,2.0191082802547773,41.16719242902208,279.5,0.44085173501577285,1.7493297587131367,15.5,10,2.172409657832595,1.1552923334097618,False,False
LAST_OPPOSING,5,FIB_786,2.5,2.0,0.0,0.0,0.25,430,1.3694267515923566,41.16279069767442,189.5,0.44069767441860463,1.7490118577075098,16.5,15,2.154300544115357,1.126633776093596,False,False
EXTREME_OPEN,8,FIB_786,3.0,2.0,0.0,0.05,0.5,411,1.3089171974522293,36.009732360097324,181.0,0.44038929440389296,1.688212927756654,24.0,20,2.2931053055118054,1.218370305917254,False,False
EXTREME_OPEN,5,FIB_705,4.0,0.0,0.0,0.0,0.5,3472,11.05732484076433,28.835596648367524,1529.0,0.4403801843317972,1.6207876573284612,33.0,20,2.5471945687911,1.241328212172063,False,False
LAST_OPPOSING,8,FIB_705,2.5,1.5,0.4,0.0,0.25,528,1.6815286624203822,41.17647058823529,232.5,0.4403409090909091,1.75,14.0,10,2.0002509056769733,1.0626662922191785,False,False
EXTREME_OPEN,8,FIB_786,2.5,2.0,0.0,0.0,0.25,418,1.3312101910828025,41.14832535885167,184.0,0.44019138755980863,1.7479674796747968,22.5,20,2.209554386288614,1.1734083206969521,False,False
EXTREME_OPEN,8,FIB_786,2.5,2.0,0.0,0.0,0.5,418,1.3312101910828025,41.14832535885167,184.0,0.44019138755980863,1.7479674796747968,22.5,20,2.1637015286835584,1.1464609574688807,False,False
EXTREME_OPEN,5,FIB_786,3.0,1.5,0.0,0.05,0.5,900,2.8662420382165603,36.0,396.0,0.44,1.6875,25.0,13,2.304742553110122,1.233531822231069,False,False
EXTREME_OPEN,8,CISD,3.0,0.0,0.0,0.0,0.5,4045,12.882165605095542,36.55494933749026,1779.0,0.43980222496909765,1.7285012285012284,19.0,18,1.9877680961033821,0.9384157942962545,False,False
EXTREME_OPEN,3,FIB_618,3.0,0.0,0.3,0.0,0.25,2559,8.14968152866242,36.042402826855124,1125.0,0.4396248534583822,1.6906077348066297,18.0,16,2.167839603248798,1.0933359650893097,False,False
EXTREME_OPEN,5,FIB_786,4.0,0.0,0.0,0.0,0.5,3194,10.171974522292993,28.799749294891885,1404.0,0.4395742016280526,1.6179577464788732,22.0,19,2.7357469277969755,1.3837247772609245,False,False
LAST_OPPOSING,3,FIB_786,4.0,1.5,0.4,0.15,0.25,403,1.28343949044586,28.78411910669975,177.0,0.4392059553349876,1.6167247386759582,16.0,13,2.6332764127433292,1.3598565471650716,False,False
EXTREME_OPEN,5,FIB_705,2.5,2.0,0.0,0.15,0.25,411,1.3089171974522293,41.119221411192214,180.5,0.4391727493917275,1.7458677685950412,10.5,7,2.0180184061455972,1.062195349333199,False,False
LAST_OPPOSING,5,FIB_786,2.5,2.0,0.0,0.15,0.25,394,1.2547770700636942,41.11675126903553,173.0,0.43908629441624364,1.7456896551724137,13.0,11,2.1472971439561337,1.1311651084249554,False,False
LAST_OPPOSING,5,FIB_618,3.0,0.0,0.0,0.05,0.5,3422,10.898089171974522,36.037624926513814,1502.0,0.43892460549386325,1.6902573529411764,21.0,17,2.1218588568000185,1.0670450891695906,False,False
LAST_OPPOSING,8,FIB_786,3.0,2.0,0.0,0.0,0.25,442,1.4076433121019107,35.97285067873303,194.0,0.43891402714932126,1.685512367491166,21.0,21,2.263725303376301,1.1950377952666333,False,False
EXTREME_OPEN,3,FIB_786,4.0,1.5,0.3,0.15,0.25,556,1.7707006369426752,28.776978417266186,244.0,0.43884892086330934,1.6161616161616161,20.0,16,2.6450978918094337,1.3861580920931285,False,False
EXTREME_OPEN,8,FIB_786,4.0,0.0,0.0,0.0,0.5,3227,10.277070063694268,28.78411910669975,1416.0,0.4387976448713976,1.6167247386759582,22.0,19,2.7294977515636822,1.3828303902320633,False,False
EXTREME_OPEN,8,FIB_705,2.5,2.0,0.4,0.05,0.25,236,0.7515923566878981,41.10169491525424,103.5,0.4385593220338983,1.7446043165467626,9.0,9,2.0112938725064033,1.0721342573164705,False,False
EXTREME_OPEN,3,FIB_786,3.0,2.0,0.3,0.05,0.25,267,0.8503184713375797,35.95505617977528,117.0,0.43820224719101125,1.6842105263157894,24.0,21,2.3641058187693273,1.2347467661501998,False,False
LAST_OPPOSING,8,FIB_705,2.5,1.5,0.4,0.05,0.25,524,1.6687898089171975,41.10898661567878,229.5,0.43797709923664124,1.74512987012987,14.0,10,1.9983907109551855,1.0625259898945196,False,False
LAST_OPPOSING,5,FIB_786,4.0,0.0,0.0,0.05,0.5,2829,9.009554140127388,28.768577494692142,1239.0,0.43796394485683987,1.6154992548435172,19.0,16,2.700726602836609,1.3579165516159597,False,False
LAST_OPPOSING,3,CISD,2.5,1.5,0.4,0.15,0.25,699,2.2261146496815285,41.81818181818181,306.0,0.43776824034334766,1.796875,12.5,11,1.7870602631614279,0.8650413574061171,False,False
EXTREME_OPEN,8,FIB_786,3.0,1.5,0.3,0.05,0.5,626,1.9936305732484076,35.94249201277955,274.0,0.43769968051118213,1.6832917705735662,19.0,15,2.3137442877233467,1.2258144862706315,False,False
EXTREME_OPEN,8,FIB_705,2.5,1.5,0.4,0.05,0.25,521,1.6592356687898089,41.074856046065264,228.0,0.43761996161228406,1.742671009771987,12.0,11,2.0287142451606366,1.086913696330796,False,False
EXTREME_OPEN,8,FIB_618,3.0,0.0,0.3,0.0,0.25,2658,8.464968152866241,35.992438563327035,1163.0,0.43754702784048155,1.6869462492616656,20.0,16,2.1599843703863244,1.0914049581800105,False,False
EXTREME_OPEN,3,FIB_705,2.5,2.0,0.4,0.0,0.25,224,0.7133757961783439,41.07142857142857,98.0,0.4375,1.7424242424242424,9.5,9,2.012481388878507,1.0733840974189437,False,False
EXTREME_OPEN,5,FIB_705,2.5,2.0,0.4,0.15,0.5,224,0.7133757961783439,41.07142857142857,98.0,0.4375,1.7424242424242424,8.0,8,2.014369283832757,1.0649965563080077,False,False
EXTREME_OPEN,3,FIB_786,3.0,2.0,0.3,0.0,0.25,270,0.8598726114649682,35.92592592592593,118.0,0.43703703703703706,1.6820809248554913,24.0,21,2.3641442613093475,1.235222172493473,False,False
EXTREME_OPEN,5,FIB_705,2.5,1.5,0.4,0.15,0.25,492,1.5668789808917198,41.05691056910569,215.0,0.4369918699186992,1.7413793103448276,14.5,12,2.0132812356648357,1.0814370903506076,False,False
LAST_OPPOSING,3,FIB_786,4.0,0.0,0.0,0.05,0.5,2678,8.528662420382165,28.74766355140187,1170.0,0.4368932038834951,1.6138509968520462,24.0,16,2.714011145737995,1.3624962326320342,False,False
LAST_OPPOSING,5,FIB_705,2.5,1.2,0.4,0.05,0.5,863,2.748407643312102,41.067285382830626,377.0,0.43684820393974505,1.7421259842519685,14.5,9,2.0132177104164435,1.0606273733777543,False,False
EXTREME_OPEN,3,CISD,3.0,0.0,0.3,0.0,0.25,2873,9.14968152866242,36.36363636363637,1255.0,0.4368256178210929,1.7142857142857142,16.0,15,1.9957684894421122,0.9555174800288245,False,False
EXTREME_OPEN,5,CISD,3.0,0.0,0.3,0.0,0.25,2965,9.44267515923567,36.37961335676626,1295.0,0.43676222596964587,1.7154696132596685,16.0,16,1.9902566644952788,0.9526327002885859,False,False
EXTREME_OPEN,5,FIB_786,4.0,1.5,0.0,0.15,0.25,790,2.515923566878981,28.73417721518987,345.0,0.43670886075949367,1.6127886323268206,17.0,14,2.6421748909104448,1.3788900584736912,False,False
EXTREME_OPEN,3,FIB_705,2.5,1.5,0.4,0.05,0.25,497,1.5828025477707006,41.04627766599598,217.0,0.43661971830985913,1.7406143344709897,11.0,11,2.032542171185079,1.0933322989086338,False,False
LAST_OPPOSING,3,FIB_618,2.5,1.2,0.4,0.15,0.5,867,2.761146496815287,41.08796296296296,378.5,0.43656286043829295,1.743614931237721,15.0,13,1.9266853142131004,0.991147168282404,False,False
LAST_OPPOSING,3,FIB_786,4.0,1.5,0.3,0.05,0.25,575,1.8312101910828025,28.745644599303137,251.0,0.4365217391304348,1.6136919315403424,22.0,19,2.6543534002178784,1.3525653482198157,False,False
LAST_OPPOSING,5,FIB_618,3.0,0.0,0.0,0.0,0.5,3680,11.719745222929935,35.975943138326954,1606.0,0.4364130434782609,1.685738684884714,21.0,17,2.123436233579459,1.0729190391304955,False,False
EXTREME_OPEN,5,FIB_705,2.5,1.5,0.3,0.05,0.25,697,2.2197452229299364,41.03299856527977,304.0,0.43615494978479197,1.7396593673965937,17.5,15,2.025543296506219,1.0884967367563128,False,False
EXTREME_OPEN,3,FIB_705,2.5,1.5,0.3,0.15,0.25,624,1.9872611464968153,41.02564102564102,272.0,0.4358974358974359,1.7391304347826086,16.0,16,2.013140054095842,1.0884965995209852,False,False
EXTREME_OPEN,8,FIB_705,4.0,0.0,0.0,0.0,0.5,3508,11.171974522292993,28.738919073491566,1528.0,0.43557582668187,1.6131621187800964,35.0,20,2.540333605142358,1.2414325343792123,False,False
LAST_OPPOSING,8,FIB_618,3.0,0.0,0.3,0.0,0.25,2590,8.248407643312103,35.9642301710731,1128.0,0.4355212355212355,1.6848816029143898,20.0,16,2.150865660717626,1.0885323980851065,False,False
EXTREME_OPEN,8,FIB_786,3.0,1.5,0.0,0.05,0.5,914,2.910828025477707,35.886214442013134,398.0,0.43544857768052514,1.6791808873720135,26.0,14,2.297210844749748,1.2334804810727038,False,False
LAST_OPPOSING,5,FIB_705,4.0,0.0,0.0,0.05,0.5,3096,9.859872611464969,28.74756651524984,1348.0,0.4354005167958656,1.6138433515482695,25.0,19,2.5367660820521696,1.228040230224914,False,False
LAST_OPPOSING,5,CISD,3.0,1.5,0.4,0.0,0.25,765,2.4363057324840764,36.77510608203677,333.0,0.43529411764705883,1.74496644295302,15.0,11,1.9525925544290492,0.9092977861273562,False,False
EXTREME_OPEN,3,FIB_705,3.0,1.2,0.4,0.05,0.25,834,2.656050955414013,35.89435774309724,363.0,0.4352517985611511,1.6797752808988764,17.0,13,2.236285443384518,1.1568548546252138,False,False
LAST_OPPOSING,3,FIB_786,4.0,1.5,0.3,0.0,0.25,579,1.8439490445859872,28.719723183391004,252.0,0.43523316062176165,1.6116504854368932,22.0,19,2.6486360406662133,1.352923774029433,False,False
LAST_OPPOSING,3,FIB_618,3.0,0.0,0.0,0.05,0.5,3233,10.296178343949045,35.934100093254585,1407.0,0.43519950510361893,1.6826783114992723,28.0,17,2.1302407164307837,1.0701493642292539,False,False
EXTREME_OPEN,8,FIB_705,2.5,1.2,0.4,0.15,0.5,822,2.6178343949044587,40.99756690997567,357.5,0.4349148418491484,1.7371134020618557,10.5,9,2.0209755680361616,1.069287039852626,False,False
LAST_OPPOSING,3,FIB_618,3.0,1.2,0.4,0.0,0.25,929,2.9585987261146496,35.93073593073593,404.0,0.43487621097954793,1.6824324324324325,16.0,11,2.1159833730689535,1.0647116029720853,False,False
EXTREME_OPEN,8,FIB_786,4.0,1.5,0.0,0.15,0.25,805,2.5636942675159236,28.695652173913043,350.0,0.43478260869565216,1.6097560975609757,18.0,14,2.6321684083536154,1.3784041015761297,False,False
EXTREME_OPEN,8,FIB_705,2.5,1.5,0.4,0.0,0.25,527,1.678343949044586,40.98671726755218,229.0,0.43453510436432635,1.7363344051446945,13.0,11,2.02634224084862,1.0882401599425209,False,False
LAST_OPPOSING,3,FIB_618,3.0,1.2,0.4,0.05,0.25,921,2.93312101910828,35.917030567685586,400.0,0.43431053203040176,1.6814310051107326,18.0,14,2.115354700821776,1.0648903926225433,False,False
LAST_OPPOSING,3,CISD,2.5,2.0,0.0,0.15,0.25,592,1.8853503184713376,41.97080291970803,257.0,0.4341216216216216,1.8081761006289307,16.5,16,1.7777648505048766,0.8343901820046682,False,False
EXTREME_OPEN,3,FIB_705,2.5,1.5,0.0,0.15,0.25,842,2.6815286624203822,40.973871733966746,365.5,0.4340855106888361,1.7354124748490947,18.0,8,2.017928866193021,1.0842936074969332,False,False
LAST_OPPOSING,5,FIB_705,2.5,1.2,0.4,0.0,0.5,872,2.7770700636942673,40.9873708381171,378.5,0.43405963302752293,1.7363813229571985,14.5,9,2.0114590104626546,1.0621078418400396,False,False
EXTREME_OPEN,3,CISD,3.0,0.0,0.0,0.05,0.5,3629,11.55732484076433,36.34005763688761,1574.0,0.4337282998071094,1.7125396106835673,20.0,20,1.9999694769656842,0.9428237111119723,False,False
EXTREME_OPEN,5,FIB_786,4.0,1.5,0.3,0.15,0.25,579,1.8439490445859872,28.670120898100173,251.0,0.43350604490500866,1.6077481840193704,20.0,16,2.647420928461128,1.3848148582671502,False,False
EXTREME_OPEN,3,FIB_786,4.0,1.5,0.4,0.05,0.25,436,1.3885350318471337,28.6697247706422,189.0,0.4334862385321101,1.607717041800643,15.0,14,2.654499005529329,1.3976252025685287,False,False
EXTREME_OPEN,3,FIB_705,2.5,1.5,0.4,0.0,0.25,503,1.6019108280254777,40.95427435387674,218.0,0.43339960238568587,1.734006734006734,11.5,11,2.030011328583529,1.0946454891828128,False,False
EXTREME_OPEN,8,FIB_786,4.0,1.5,0.4,0.05,0.25,457,1.4554140127388535,28.665207877461707,198.0,0.43326039387308535,1.607361963190184,14.0,14,2.654541833705541,1.3875936021466606,False,False
EXTREME_OPEN,5,FIB_705,2.5,2.0,0.4,0.05,0.5,232,0.7388535031847133,40.94827586206897,100.5,0.4331896551724138,1.7335766423357664,9.0,9,2.0009401918119853,1.0641035918645736,False,False
LAST_OPPOSING,5,CISD,3.0,2.0,0.0,0.15,0.25,670,2.1337579617834397,37.04318936877076,290.0,0.43283582089552236,1.7651715039577835,18.0,16,1.9146919693754096,0.8666909579765653,False,False
EXTREME_OPEN,5,FIB_705,2.5,1.5,0.3,0.0,0.25,706,2.248407643312102,40.934844192634564,305.5,0.43271954674220964,1.7326139088729018,17.5,15,2.0215071928658728,1.0897954313744769,False,False
LAST_OPPOSING,5,CISD,3.0,1.5,0.4,0.05,0.25,758,2.4140127388535033,36.714285714285715,328.0,0.43271767810026385,1.7404063205417608,14.0,11,1.95155274024852,0.9086086647431749,False,False
LAST_OPPOSING,5,FIB_786,2.5,2.0,0.0,0.0,0.5,430,1.3694267515923566,40.93023255813954,186.0,0.4325581395348837,1.7322834645669292,16.5,15,2.106990848169713,1.1028939296392641,False,False
EXTREME_OPEN,3,FIB_705,2.5,1.5,0.3,0.05,0.25,667,2.124203821656051,40.929535232383806,288.5,0.4325337331334333,1.732233502538071,17.5,15,2.0319280899184724,1.0923996946298213,False,False
EXTREME_OPEN,3,FIB_705,3.0,1.2,0.4,0.0,0.25,844,2.6878980891719744,35.82443653618031,365.0,0.4324644549763033,1.6746765249537894,17.0,14,2.2359969170944627,1.1577364121045228,False,False
EXTREME_OPEN,3,FIB_786,4.0,2.0,0.4,0.15,0.25,185,0.589171974522293,28.64864864864865,80.0,0.43243243243243246,1.606060606060606,21.0,21,2.6299095782224615,1.358798542834269,False,False
EXTREME_OPEN,3,FIB_786,4.0,2.0,0.4,0.05,0.25,192,0.6114649681528662,28.645833333333332,83.0,0.4322916666666667,1.6058394160583942,18.0,18,2.6153362594251415,1.3547147380421116,False,False
EXTREME_OPEN,3,CISD,2.5,0.0,0.3,0.0,0.5,2924,9.312101910828025,41.26537785588752,1264.0,0.4322845417236662,1.7564332734889287,14.5,14,1.7952213841645162,0.9004560720827873,False,False
EXTREME_OPEN,8,FIB_786,2.5,2.0,0.0,0.05,0.25,413,1.3152866242038217,40.92009685230024,178.5,0.4322033898305085,1.7315573770491803,22.5,20,2.205199778565768,1.177617663983021,False,False
EXTREME_OPEN,8,FIB_786,2.5,2.0,0.0,0.05,0.5,413,1.3152866242038217,40.92009685230024,178.5,0.4322033898305085,1.7315573770491803,22.5,20,2.159562395374844,1.150684073791257,False,False
LAST_OPPOSING,3,FIB_618,3.0,0.0,0.0,0.0,0.5,3487,11.105095541401274,35.86047852407034,1507.0,0.43217665615141954,1.6773033707865168,28.0,17,2.131080208635115,1.0762116398569572,False,False
EXTREME_OPEN,8,FIB_786,3.0,1.5,0.3,0.0,0.5,634,2.0191082802547773,35.80441640378549,274.0,0.43217665615141954,1.6732186732186731,19.0,15,2.3083520337949865,1.2282475886698294,False,False
EXTREME_OPEN,8,CISD,3.0,0.0,0.3,0.0,0.25,2990,9.522292993630574,36.2652705061082,1291.0,0.4317725752508361,1.7070098576122672,16.0,16,1.988141057318856,0.9527713828319564,False,False
EXTREME_OPEN,5,FIB_705,3.0,1.2,0.4,0.05,0.25,867,2.761146496815287,35.79676674364896,374.0,0.43137254901960786,1.6726618705035972,15.0,13,2.229597638623976,1.1521311792231583,False,False
EXTREME_OPEN,3,FIB_786,4.0,2.0,0.3,0.15,0.25,255,0.8121019108280255,28.627450980392155,110.0,0.43137254901960786,1.6043956043956045,25.0,25,2.6110853844567754,1.3518174159297243,False,False
EXTREME_OPEN,3,FIB_618,2.5,1.2,0.4,0.05,0.25,938,2.9872611464968153,40.91880341880342,404.5,0.4312366737739872,1.7314647377938517,16.0,15,1.9533722632987514,1.0213403149719895,False,False
LAST_OPPOSING,3,FIB_705,2.5,1.2,0.4,0.15,0.5,763,2.429936305732484,40.89121887287025,329.0,0.43119266055045874,1.729490022172949,16.0,9,2.0035154882353003,1.065079362924799,False,False
EXTREME_OPEN,5,CISD,3.0,0.0,0.0,0.05,0.5,3756,11.961783439490446,36.302708740575255,1619.0,0.43104366347177847,1.709776413853573,19.0,19,1.9926397187998646,0.939080069320233,False,False
EXTREME_OPEN,5,CISD,2.5,0.0,0.3,0.0,0.5,3021,9.621019108280255,41.25468803273099,1302.0,0.43098311817279045,1.7556587347649448,14.5,14,1.7930862760169992,0.8966332340915039,False,False
EXTREME_OPEN,3,FIB_705,4.0,0.0,0.0,0.05,0.5,3098,9.86624203821656,28.640776699029125,1335.0,0.43092317624273724,1.6054421768707483,43.0,23,2.5441638252093135,1.2392301860348789,False,False
EXTREME_OPEN,3,CISD,3.0,0.0,0.3,0.05,0.25,2743,8.735668789808917,36.21867881548975,1182.0,0.4309150565074736,1.7035714285714285,17.0,15,1.995884996635497,0.9491037106855232,False,False
LAST_OPPOSING,5,FIB_705,2.5,1.5,0.0,0.15,0.25,926,2.949044585987261,40.909090909090914,399.0,0.43088552915766737,1.7307692307692308,12.5,9,1.9767749509044392,1.0628009223711474,False,False
LAST_OPPOSING,3,CISD,3.0,1.5,0.4,0.0,0.5,722,2.299363057324841,36.62182361733931,311.0,0.4307479224376731,1.7334905660377358,19.0,11,1.9467341170417527,0.9047465910420244,False,False
LAST_OPPOSING,5,FIB_705,2.5,1.5,0.3,0.15,0.25,657,2.0923566878980893,40.916030534351144,283.0,0.4307458143074581,1.731266149870801,14.0,11,1.9701919887695523,1.0656618858392124,False,False
LAST_OPPOSING,5,CISD,3.0,1.5,0.4,0.15,0.25,736,2.343949044585987,36.671575846833576,317.0,0.43070652173913043,1.7372093023255815,14.0,11,1.9443711228746268,0.9021628259423267,False,False
EXTREME_OPEN,3,FIB_786,4.0,2.0,0.0,0.15,0.25,346,1.1019108280254777,28.61271676300578,149.0,0.430635838150289,1.6032388663967612,24.0,22,2.621529110999383,1.354323190541673,False,False
LAST_OPPOSING,5,FIB_786,3.0,2.0,0.0,0.05,0.25,425,1.3535031847133758,35.76470588235294,183.0,0.43058823529411766,1.6703296703296704,20.0,20,2.2718907926425667,1.199484685524891,False,False
EXTREME_OPEN,8,FIB_618,3.0,0.0,0.3,0.05,0.25,2516,8.012738853503185,35.808383233532936,1083.0,0.4304451510333863,1.6735074626865671,20.0,15,2.157946994708998,1.0837586191479505,False,False
EXTREME_OPEN,5,FIB_786,3.0,1.5,0.0,0.0,0.5,920,2.929936305732484,35.76086956521739,396.0,0.43043478260869567,1.6700507614213198,26.0,14,2.2939472249407347,1.2374373688239857,False,False
LAST_OPPOSING,5,FIB_786,4.0,1.5,0.3,0.15,0.25,581,1.8503184713375795,28.620689655172416,250.0,0.43029259896729777,1.603864734299517,26.0,13,2.616480317376455,1.3535877744448737,False,False
EXTREME_OPEN,8,CISD,4.0,0.0,0.0,0.15,0.25,2887,9.194267515923567,29.327825760420577,1242.0,0.4302043643921025,1.6599362380446334,24.0,20,2.2993244813182145,1.0003639158150055,False,False
LAST_OPPOSING,5,FIB_786,2.5,2.0,0.0,0.15,0.5,394,1.2547770700636942,40.86294416243655,169.5,0.4302030456852792,1.7274678111587982,13.0,11,2.100096555710708,1.1076584635013185,False,False
EXTREME_OPEN,5,FIB_705,2.5,1.5,0.0,0.15,0.25,886,2.821656050955414,40.85778781038375,381.0,0.43002257336343114,1.7270992366412214,16.5,9,2.0082986387299777,1.0836156690468117,False,False
LAST_OPPOSING,3,FIB_705,4.0,0.0,0.0,0.0,0.5,3163,10.073248407643312,28.634920634920636,1360.0,0.4299715460006323,1.604982206405694,35.0,21,2.5501908205050903,1.2414206496191627,False,False
EXTREME_OPEN,3,CISD,4.0,0.0,0.0,0.15,0.5,2737,8.71656050955414,29.23379174852652,1175.0,0.4293021556448666,1.6524153248195448,20.0,19,2.2889129583178622,1.0027905217878712,False,False
EXTREME_OPEN,3,FIB_705,2.5,1.5,0.3,0.0,0.25,676,2.1528662420382165,40.828402366863905,290.0,0.4289940828402367,1.725,17.5,15,2.0276278646066457,1.0937040611676354,False,False
EXTREME_OPEN,3,FIB_705,2.5,2.0,0.0,0.0,0.25,436,1.3885350318471337,40.825688073394495,187.0,0.4288990825688073,1.7248062015503876,11.0,11,2.040006375786406,1.0661334635620225,False,False
EXTREME_OPEN,5,FIB_618,3.0,0.0,0.0,0.0,0.5,3808,12.127388535031848,35.76892640464258,1633.0,0.42883403361344535,1.6706365503080083,29.0,16,2.1211943158674207,1.0794437767219116,False,False
EXTREME_OPEN,5,FIB_705,3.0,1.2,0.4,0.0,0.25,877,2.7929936305732483,35.73059360730594,376.0,0.42873432155074115,1.6678507992895204,17.0,14,2.229396226832412,1.1530334269615363,False,False
EXTREME_OPEN,5,CISD,3.0,0.0,0.3,0.05,0.25,2834,9.02547770700637,36.17960986382039,1215.0,0.4287226534932957,1.7006920415224913,16.0,16,1.9890373644231085,0.9465944139708928,False,False
EXTREME_OPEN,5,FIB_786,3.0,2.0,0.3,0.05,0.25,280,0.89171974522293,35.714285714285715,120.0,0.42857142857142855,1.6666666666666667,21.0,16,2.354931476284715,1.24865325432182,False,False
EXTREME_OPEN,3,FIB_786,4.0,1.5,0.4,0.0,0.25,441,1.4044585987261147,28.57142857142857,189.0,0.42857142857142855,1.6,15.0,15,2.64835052409058,1.3999764078501356,False,False
EXTREME_OPEN,5,FIB_786,4.0,1.5,0.4,0.15,0.25,434,1.3821656050955413,28.57142857142857,186.0,0.42857142857142855,1.6,14.0,14,2.649882783928854,1.3837697318714943,False,False
EXTREME_OPEN,5,FIB_786,4.0,2.0,0.4,0.0,0.25,203,0.6464968152866242,28.57142857142857,87.0,0.42857142857142855,1.6,14.0,13,2.6189973774728785,1.3569152079486737,False,False
EXTREME_OPEN,8,FIB_786,4.0,1.5,0.4,0.0,0.25,462,1.4713375796178343,28.57142857142857,198.0,0.42857142857142855,1.6,15.0,15,2.648672365187426,1.3899465015650545,False,False
EXTREME_OPEN,5,CISD,4.0,0.0,0.0,0.0,0.5,3735,11.894904458598726,29.221902017291068,1600.0,0.428380187416332,1.6514657980456027,26.0,26,2.267387399204579,1.0038874138788005,False,False
LAST_OPPOSING,3,CISD,2.5,2.0,0.0,0.15,0.5,592,1.8853503184713376,41.78832116788321,253.5,0.4282094594594595,1.7946708463949843,16.5,16,1.7634040275546874,0.8327887712542615,False,False
LAST_OPPOSING,5,FIB_618,2.5,1.2,0.4,0.15,0.25,917,2.9203821656050954,40.854326396495075,392.5,0.42802617230098144,1.7268518518518519,16.0,14,1.9301996352228892,1.010235456856946,False,False
LAST_OPPOSING,8,FIB_705,4.0,0.0,0.0,0.0,0.5,3391,10.799363057324841,28.59259259259259,1450.0,0.42760247714538485,1.6016597510373445,26.0,20,2.5330361484882102,1.2369434059885094,False,False
EXTREME_OPEN,5,FIB_786,3.0,2.0,0.3,0.0,0.25,283,0.9012738853503185,35.68904593639576,121.0,0.4275618374558304,1.664835164835165,21.0,16,2.3550654074269737,1.2489594036086362,False,False
LAST_OPPOSING,3,CISD,3.0,1.5,0.3,0.0,0.5,938,2.9872611464968153,36.5097588978186,401.0,0.4275053304904051,1.725135623869801,20.0,19,1.9411357283520736,0.9029136649451245,False,False
EXTREME_OPEN,3,FIB_786,3.0,2.0,0.3,0.15,0.5,255,0.8121019108280255,35.68627450980392,109.0,0.42745098039215684,1.6646341463414633,25.0,25,2.3156618981717307,1.2165393308293342,False,False
LAST_OPPOSING,3,FIB_786,3.0,2.0,0.3,0.15,0.25,255,0.8121019108280255,35.68627450980392,109.0,0.42745098039215684,1.6646341463414633,18.0,14,2.3388763995211783,1.2065112194585705,False,False
LAST_OPPOSING,3,CISD,4.0,0.0,0.3,0.0,0.5,2644,8.420382165605096,29.1683569979716,1130.0,0.42738275340393345,1.6471935853379152,18.0,15,2.3227934110178547,1.0042862174466054,False,False
LAST_OPPOSING,8,FIB_786,4.0,0.0,0.0,0.05,0.5,2878,9.165605095541402,28.556521739130435,1230.0,0.4273801250868659,1.5988315481986368,19.0,16,2.6881110148028546,1.3595371875949884,False,False
EXTREME_OPEN,3,FIB_786,4.0,1.5,0.3,0.05,0.25,592,1.8853503184713376,28.5472972972973,253.0,0.42736486486486486,1.5981087470449173,19.0,18,2.662180560672045,1.391985774626723,False,False
LAST_OPPOSING,8,FIB_705,2.5,1.5,0.4,0.15,0.25,501,1.5955414012738853,40.8,214.0,0.42714570858283435,1.722972972972973,15.5,11,1.9777358470100426,1.0594140442969515,False,False
LAST_OPPOSING,8,FIB_786,3.0,2.0,0.4,0.15,0.25,199,0.6337579617834395,35.678391959798994,85.0,0.4271356783919598,1.6640625,12.0,12,2.320562069905973,1.2153462219862616,False,False
LAST_OPPOSING,8,FIB_786,3.0,2.0,0.4,0.15,0.5,199,0.6337579617834395,35.678391959798994,85.0,0.4271356783919598,1.6640625,12.0,12,2.2547360772010467,1.1847294005074354,False,False
LAST_OPPOSING,3,CISD,2.5,1.5,0.4,0.0,0.5,727,2.3152866242038215,41.48471615720524,310.5,0.4270976616231087,1.7723880597014925,11.0,11,1.7739960881044918,0.8654833966930634,False,False
LAST_OPPOSING,3,CISD,3.0,1.5,0.3,0.15,0.5,890,2.8343949044585988,36.529126213592235,380.0,0.42696629213483145,1.7265774378585086,20.0,19,1.9341856253373684,0.8963221381111426,False,False
LAST_OPPOSING,3,CISD,3.0,1.5,0.3,0.05,0.5,930,2.961783439490446,36.50057937427578,397.0,0.4268817204301075,1.7244525547445255,20.0,19,1.9404053234440124,0.9018048696648713,False,False
EXTREME_OPEN,3,CISD,2.5,0.0,0.3,0.05,0.5,2794,8.898089171974522,41.11152005888848,1192.5,0.42680744452397995,1.7453125,14.0,13,1.7961276404282418,0.8955933115631076,False,False
LAST_OPPOSING,8,FIB_786,2.5,2.0,0.0,0.0,0.25,444,1.414012738853503,40.765765765765764,189.5,0.42680180180180183,1.720532319391635,17.5,16,2.137177928165926,1.1313962483642372,False,False
EXTREME_OPEN,8,FIB_705,2.5,2.0,0.4,0.0,0.25,238,0.7579617834394905,40.7563025210084,101.5,0.4264705882352941,1.7198581560283688,9.0,9,2.0029887405349074,1.0770496444397237,False,False
LAST_OPPOSING,5,FIB_618,4.0,0.0,0.0,0.15,0.25,2652,8.445859872611464,28.636884306987398,1131.0,0.4264705882352941,1.6051364365971108,23.0,17,2.455301658080154,1.1551392242715495,False,False
LAST_OPPOSING,5,FIB_786,4.0,1.5,0.0,0.15,0.25,814,2.5923566878980893,28.53628536285363,347.0,0.4262899262899263,1.5972461273666092,27.0,19,2.6022139157031146,1.3533176143301828,False,False
EXTREME_OPEN,5,FIB_705,4.0,0.0,0.0,0.05,0.5,3200,10.19108280254777,28.54904418677531,1364.0,0.42625,1.5982456140350878,39.0,20,2.5366995972033752,1.2377389723035968,False,False
LAST_OPPOSING,5,FIB_786,2.5,2.0,0.0,0.05,0.25,427,1.3598726114649682,40.749414519906324,182.0,0.4262295081967213,1.7193675889328064,16.5,15,2.1482751109967,1.1335219546719144,False,False
EXTREME_OPEN,8,FIB_786,3.0,1.5,0.0,0.0,0.5,934,2.9745222929936306,35.65310492505353,398.0,0.4261241970021413,1.6622296173044926,27.0,15,2.286738609472843,1.2373285856644067,False,False
LAST_OPPOSING,5,CISD,2.5,1.5,0.4,0.0,0.25,771,2.4554140127388533,41.51724137931034,328.5,0.4260700389105058,1.7747641509433962,11.0,11,1.7772131613421478,0.8684894725572482,False,False
LAST_OPPOSING,5,FIB_705,2.5,1.5,0.3,0.05,0.25,696,2.21656050955414,40.778097982708935,296.5,0.4260057471264368,1.721411192214112,15.0,15,1.9865217310847343,1.0702667369450904,False,False
LAST_OPPOSING,3,FIB_705,4.0,0.0,0.0,0.05,0.5,2925,9.315286624203821,28.551818805765272,1246.0,0.425982905982906,1.5984630163304514,35.0,21,2.544211297830062,1.234970787981672,False,False
LAST_OPPOSING,3,CISD,3.0,1.5,0.4,0.05,0.5,716,2.2802547770700636,36.50075414781297,305.0,0.4259776536312849,1.7244655581947743,18.0,11,1.944681467092513,0.9049678321573649,False,False
EXTREME_OPEN,3,FIB_618,3.0,1.2,0.4,0.05,0.25,937,2.984076433121019,35.69131832797427,399.0,0.4258271077908218,1.665,15.0,15,2.119240018408034,1.075921071936606,False,False
EXTREME_OPEN,5,CISD,4.0,0.0,0.0,0.15,0.5,2837,9.035031847133759,29.20320243995425,1207.0,0.425449418399718,1.6499730748519117,24.0,20,2.282872479808105,0.9964051695957711,False,False
LAST_OPPOSING,3,CISD,3.0,2.0,0.0,0.15,0.5,590,1.8789808917197452,36.772983114446525,251.0,0.42542372881355933,1.7448071216617211,16.0,16,1.9119144348982255,0.871373126455212,False,False
EXTREME_OPEN,8,FIB_705,2.5,1.5,0.4,0.15,0.25,496,1.5796178343949046,40.725806451612904,211.0,0.4254032258064516,1.717687074829932,14.5,12,2.0091183087395605,1.0851319219826911,False,False
EXTREME_OPEN,3,FIB_618,2.5,1.2,0.4,0.15,0.25,878,2.7961783439490446,40.75342465753425,373.5,0.4253986332574032,1.7196531791907514,17.5,14,1.9516777589462952,1.0195369259136713,False,False
LAST_OPPOSING,5,CISD,2.5,1.5,0.4,0.05,0.25,764,2.43312101910828,41.5041782729805,325.0,0.42539267015706805,1.7738095238095237,11.0,11,1.7764211186527037,0.8674318649601277,False,False
LAST_OPPOSING,3,CISD,2.5,1.5,0.3,0.15,0.25,896,2.8535031847133756,41.46919431279621,381.0,0.4252232142857143,1.771255060728745,13.5,10,1.7880361197883872,0.8621708836384556,False,False
LAST_OPPOSING,3,CISD,2.5,1.5,0.3,0.05,0.25,936,2.9808917197452227,41.449603624009065,398.0,0.4252136752136752,1.769825918762089,13.0,10,1.7893856539213215,0.866430106816046,False,False
EXTREME_OPEN,8,CISD,3.0,0.0,0.0,0.05,0.5,3794,12.0828025477707,36.17965067923482,1613.0,0.42514496573537164,1.7006950477845353,19.0,19,1.9908051477556101,0.9382386590269889,False,False
EXTREME_OPEN,3,FIB_786,4.0,1.5,0.3,0.0,0.25,600,1.910828025477707,28.499999999999996,255.0,0.425,1.5944055944055944,19.0,18,2.655114762706872,1.392926108803768,False,False
LAST_OPPOSING,5,CISD,4.0,0.0,0.3,0.0,0.5,2747,8.748407643312103,29.124315871774826,1167.0,0.4248270840917364,1.643684500827358,18.0,16,2.3135300742672156,1.0025198178943115,False,False
EXTREME_OPEN,3,FIB_618,3.0,0.0,0.0,0.0,0.5,3689,11.748407643312103,35.665668390961066,1567.0,0.4247763621577663,1.6631400761743547,28.0,16,2.1221431768509293,1.0824763310502503,False,False
LAST_OPPOSING,5,FIB_705,2.5,1.5,0.3,0.0,0.25,704,2.2420382165605095,40.74074074074074,299.0,0.4247159090909091,1.71875,15.0,15,1.9859872144956752,1.0712342081517678,False,False
EXTREME_OPEN,5,FIB_705,2.5,2.0,0.0,0.0,0.25,457,1.4554140127388535,40.70021881838075,194.0,0.424507658643326,1.7158671586715868,9.5,8,2.026447766279139,1.0693924656169602,False,False
LAST_OPPOSING,5,FIB_786,4.0,1.5,0.3,0.0,0.25,622,1.980891719745223,28.502415458937197,264.0,0.42443729903536975,1.5945945945945945,19.0,15,2.6284551282275754,1.3577059060043906,False,False
LAST_OPPOSING,3,CISD,2.5,1.5,0.4,0.05,0.5,721,2.2961783439490446,41.409691629955944,306.0,0.42441054091539526,1.7669172932330828,11.0,11,1.7725856025832076,0.8653763640612882,False,False
LAST_OPPOSING,8,FIB_786,3.0,2.0,0.4,0.0,0.25,205,0.6528662420382165,35.609756097560975,87.0,0.424390243902439,1.6590909090909092,13.0,13,2.3136276761284913,1.2162878652972293,False,False
LAST_OPPOSING,8,FIB_786,3.0,2.0,0.4,0.0,0.5,205,0.6528662420382165,35.609756097560975,87.0,0.424390243902439,1.6590909090909092,13.0,13,2.249659941908551,1.1855028343797387,False,False
LAST_OPPOSING,8,FIB_786,3.0,2.0,0.4,0.05,0.25,205,0.6528662420382165,35.609756097560975,87.0,0.424390243902439,1.6590909090909092,13.0,13,2.3136276761284913,1.2162878652972293,False,False
LAST_OPPOSING,8,FIB_786,3.0,2.0,0.4,0.05,0.5,205,0.6528662420382165,35.609756097560975,87.0,0.424390243902439,1.6590909090909092,13.0,13,2.249659941908551,1.1855028343797387,False,False
LAST_OPPOSING,5,FIB_786,4.0,1.5,0.3,0.05,0.25,615,1.9585987261146496,28.501628664495115,261.0,0.424390243902439,1.5945330296127562,19.0,15,2.633475260083295,1.356809686689607,False,False
EXTREME_OPEN,8,FIB_705,2.5,1.5,0.3,0.15,0.25,661,2.105095541401274,40.69591527987897,280.5,0.424357034795764,1.715561224489796,16.0,16,1.998521903750883,1.0899271873189325,False,False
EXTREME_OPEN,5,FIB_618,3.0,0.0,0.0,0.05,0.5,3521,11.213375796178344,35.6531660011409,1494.0,0.4243112752059074,1.6622340425531914,29.0,18,2.118781635971912,1.0754603872177273,False,False
EXTREME_OPEN,8,CISD,4.0,0.0,0.0,0.0,0.5,3761,11.977707006369426,29.153515064562413,1595.0,0.4240893379420367,1.646010530579182,30.0,25,2.2651473107171998,1.002825026624462,False,False
EXTREME_OPEN,8,CISD,2.5,0.0,0.3,0.0,0.5,3049,9.710191082802547,41.06901217861976,1293.0,0.42407346671039686,1.7422502870264065,14.5,14,1.791362633553824,0.8975065025697057,False,False
EXTREME_OPEN,8,FIB_705,2.5,1.5,0.0,0.15,0.25,902,2.872611464968153,40.687361419068736,382.5,0.4240576496674058,1.7149532710280373,16.5,10,2.0007199890736906,1.085496303309723,False,False
LAST_OPPOSING,3,FIB_786,4.0,1.2,0.4,0.05,0.5,724,2.305732484076433,28.492392807745503,307.0,0.4240331491712707,1.5938104448742747,20.0,17,2.6488174666444717,1.3424839256073136,False,False
LAST_OPPOSING,8,FIB_786,2.5,2.0,0.0,0.15,0.25,408,1.2993630573248407,40.68627450980392,173.0,0.42401960784313725,1.7148760330578512,14.0,12,2.1289040217029025,1.1361923119434008,False,False
EXTREME_OPEN,3,FIB_705,2.5,1.5,0.4,0.15,0.25,472,1.5031847133757963,40.67796610169492,200.0,0.423728813559322,1.7142857142857142,13.0,12,2.0121525815362595,1.0917998942217393,False,False
EXTREME_OPEN,5,CISD,2.5,0.0,0.3,0.05,0.5,2890,9.203821656050955,41.048502139800284,1224.5,0.4237024221453287,1.7407743496672716,14.0,13,1.792980378908056,0.892087730081955,False,False
EXTREME_OPEN,8,FIB_618,3.0,0.0,0.0,0.0,0.5,3850,12.261146496815286,35.63788155491782,1631.0,0.42363636363636364,1.6611268747466559,30.0,16,2.1153107526794983,1.0798851952058548,False,False
LAST_OPPOSING,3,CISD,3.0,1.5,0.4,0.15,0.5,694,2.210191082802548,36.44859813084112,294.0,0.42363112391930835,1.7205882352941178,18.0,11,1.937403668785016,0.8985525237739057,False,False
EXTREME_OPEN,8,CISD,3.0,0.0,0.3,0.05,0.25,2859,9.105095541401274,36.0613810741688,1211.0,0.4235746764603008,1.692,16.0,16,1.9868354816124405,0.9467922516633098,False,False
EXTREME_OPEN,5,FIB_786,4.0,1.2,0.4,0.05,0.5,770,2.4522292993630574,28.47854356306892,326.0,0.42337662337662335,1.5927272727272728,16.0,16,2.663166028492866,1.354906562878002,False,False
LAST_OPPOSING,8,FIB_618,3.0,0.0,0.0,0.05,0.5,3477,11.073248407643312,35.648148148148145,1472.0,0.42335346563129134,1.6618705035971224,23.0,17,2.1112517759483485,1.0711408348006448,False,False
LAST_OPPOSING,3,FIB_786,3.0,2.0,0.3,0.0,0.25,267,0.8503184713375797,35.580524344569284,113.0,0.4232209737827715,1.6569767441860466,18.0,16,2.332796348765191,1.2069373326530217,False,False
EXTREME_OPEN,5,CISD,4.0,0.0,0.0,0.05,0.25,3542,11.280254777070065,29.095873786407765,1499.0,0.42320722755505363,1.6414206247325631,23.0,19,2.2870813886990424,1.0105325767133646,False,False
EXTREME_OPEN,3,FIB_786,4.0,2.0,0.0,0.0,0.25,390,1.2420382165605095,28.46153846153846,165.0,0.4230769230769231,1.5913978494623655,24.0,24,2.642012443384719,1.3689066565925954,False,False
EXTREME_OPEN,3,FIB_705,2.5,2.0,0.4,0.15,0.5,214,0.6815286624203821,40.654205607476634,90.5,0.42289719626168226,1.7125984251968505,10.5,8,2.0182511804852816,1.0706943390761625,False,False
EXTREME_OPEN,3,FIB_618,3.0,0.0,0.0,0.05,0.5,3403,10.837579617834395,35.615225730303926,1439.0,0.42286218042903323,1.6594867094408798,28.0,18,2.1220016169025744,1.0781930011770302,False,False
LAST_OPPOSING,3,CISD,2.5,1.5,0.4,0.15,0.5,699,2.2261146496815285,41.36363636363637,295.5,0.4227467811158798,1.7635658914728682,12.5,11,1.7691099494562903,0.8586813347858644,False,False
LAST_OPPOSING,8,FIB_618,3.0,0.0,0.0,0.0,0.5,3733,11.888535031847134,35.63342318059299,1578.0,0.42271631395660325,1.6608040201005025,23.0,17,2.1140063758750025,1.0765159489195426,False,False
EXTREME_OPEN,3,CISD,4.0,0.0,0.0,0.05,0.25,3441,10.95859872611465,29.04228855721393,1454.0,0.42255158384190644,1.6371603856266432,22.0,21,2.292307171844927,1.0163738684536368,False,False
EXTREME_OPEN,8,FIB_705,3.0,1.2,0.4,0.05,0.25,878,2.7961783439490446,35.57582668187001,371.0,0.42255125284738043,1.656637168141593,15.0,13,2.221872593430112,1.153544309701687,False,False
LAST_OPPOSING,3,FIB_705,2.5,2.0,0.4,0.0,0.5,219,0.697452229299363,40.63926940639269,92.5,0.4223744292237443,1.7115384615384615,9.5,9,2.010648371275982,1.033579661135983,False,False
LAST_OPPOSING,3,FIB_705,2.5,2.0,0.4,0.05,0.5,219,0.697452229299363,40.63926940639269,92.5,0.4223744292237443,1.7115384615384615,9.5,9,2.010648371275982,1.033579661135983,False,False
LAST_OPPOSING,8,CISD,3.0,1.5,0.4,0.0,0.25,779,2.4808917197452227,36.43949930458971,329.0,0.42233632862644416,1.7199124726477024,15.0,11,1.9460581666318386,0.9100420821590116,False,False
LAST_OPPOSING,5,FIB_705,2.5,1.2,0.4,0.15,0.5,808,2.573248407643312,40.644361833952914,341.0,0.422029702970297,1.7118997912317329,14.5,9,1.9975516300144018,1.0632144303234035,False,False
LAST_OPPOSING,8,FIB_786,4.0,1.5,0.4,0.15,0.25,436,1.3885350318471337,28.440366972477065,184.0,0.42201834862385323,1.5897435897435896,18.0,13,2.609970510528653,1.3522893991692861,False,False
EXTREME_OPEN,3,CISD,4.0,0.0,0.0,0.0,0.5,3649,11.621019108280255,29.036993540810336,1539.0,0.4217593861331872,1.6367397600330988,26.0,26,2.267177242819999,1.010892421446791,False,False
EXTREME_OPEN,5,FIB_705,2.5,1.5,0.4,0.05,0.5,517,1.6464968152866242,40.61895551257253,218.0,0.42166344294003866,1.710097719869707,12.0,11,2.000652153930441,1.0744957876016132,False,False
LAST_OPPOSING,3,FIB_705,2.5,1.5,0.4,0.05,0.5,485,1.5445859872611465,40.618556701030926,204.5,0.4216494845360825,1.7100694444444444,13.5,10,1.9840271991974114,1.0584137706123071,False,False
LAST_OPPOSING,5,FIB_786,4.0,1.2,0.4,0.05,0.5,764,2.43312101910828,28.440366972477065,322.0,0.4214659685863874,1.5897435897435896,24.0,17,2.6360225170749434,1.3387095106661109,False,False
EXTREME_OPEN,5,FIB_618,4.0,0.0,0.0,0.15,0.25,2648,8.433121019108281,28.52233676975945,1116.0,0.4214501510574018,1.5961538461538463,20.0,18,2.4618061524588932,1.1610719875227666,False,False
LAST_OPPOSING,8,FIB_786,3.0,2.0,0.0,0.05,0.25,439,1.3980891719745223,35.53530751708428,185.0,0.4214123006833713,1.6537102473498233,21.0,21,2.257249795313136,1.2022051399373876,False,False
LAST_OPPOSING,5,FIB_786,3.0,2.0,0.0,0.15,0.25,394,1.2547770700636942,35.53299492385787,166.0,0.4213197969543147,1.6535433070866141,16.0,16,2.27026694868119,1.202572155185129,False,False
EXTREME_OPEN,8,FIB_705,4.0,0.0,0.0,0.05,0.5,3236,10.305732484076433,28.447474434459252,1363.0,0.4211990111248455,1.5902988306626245,41.0,20,2.529378694390449,1.237891992988994,False,False
EXTREME_OPEN,5,FIB_705,2.5,2.0,0.4,0.0,0.5,234,0.7452229299363057,40.598290598290596,98.5,0.42094017094017094,1.70863309352518,9.0,9,1.992369761017356,1.0687821470344534,False,False
LAST_OPPOSING,5,FIB_705,2.5,1.5,0.4,0.0,0.5,518,1.6496815286624205,40.61895551257253,218.0,0.42084942084942084,1.710097719869707,13.0,10,1.9830699011988173,1.0515926549858017,False,False
EXTREME_OPEN,3,FIB_786,4.0,0.0,0.0,0.05,0.5,2845,9.060509554140127,28.420682377769964,1197.0,0.42073813708260105,1.5882063882063882,21.0,21,2.7165679796329023,1.3788983071809169,False,False
LAST_OPPOSING,3,CISD,4.0,0.0,0.3,0.05,0.5,2534,8.070063694267516,29.018612521150594,1066.0,0.4206787687450671,1.6352800953516091,20.0,14,2.317474726305893,1.000356777009962,False,False
EXTREME_OPEN,5,FIB_786,4.0,1.5,0.3,0.05,0.25,616,1.9617834394904459,28.40909090909091,259.0,0.42045454545454547,1.5873015873015872,18.0,15,2.660625329893086,1.3911819929364413,False,False
LAST_OPPOSING,8,FIB_705,4.0,0.0,0.0,0.05,0.5,3150,10.031847133757962,28.443877551020407,1324.0,0.4203174603174603,1.590017825311943,27.0,19,2.523427710899752,1.2312069837328694,False,False
EXTREME_OPEN,3,FIB_786,4.0,1.2,0.4,0.05,0.5,740,2.356687898089172,28.416779431664413,311.0,0.42027027027027025,1.5879017013232515,20.0,16,2.6676179264083357,1.3640474554194475,False,False
EXTREME_OPEN,8,FIB_618,3.0,0.0,0.0,0.05,0.5,3562,11.343949044585987,35.55117000281928,1497.0,0.42026951151038744,1.6548556430446195,30.0,18,2.1143476360345006,1.075379447352963,False,False
LAST_OPPOSING,3,FIB_705,2.5,1.5,0.4,0.0,0.5,488,1.5541401273885351,40.57377049180328,205.0,0.42008196721311475,1.706896551724138,13.5,10,1.983498290789085,1.0588246671349266,False,False
EXTREME_OPEN,8,FIB_705,3.0,1.2,0.4,0.0,0.25,888,2.828025477707006,35.51296505073281,373.0,0.42004504504504503,1.652097902097902,17.0,14,2.2217606703566175,1.1544194673162953,False,False
EXTREME_OPEN,8,FIB_705,2.5,1.5,0.3,0.05,0.25,705,2.245222929936306,40.56737588652482,296.0,0.4198581560283688,1.7064439140811456,17.5,15,2.015239696569336,1.094269115022195,False,False
EXTREME_OPEN,8,CISD,4.0,0.0,0.0,0.05,0.25,3573,11.378980891719745,29.049773755656112,1500.0,0.41981528127623846,1.6377551020408163,26.0,21,2.2845338800291155,1.0090513892746247,False,False
LAST_OPPOSING,3,FIB_705,2.5,2.0,0.4,0.15,0.5,212,0.6751592356687898,40.56603773584906,89.0,0.419811320754717,1.7063492063492063,9.5,8,2.018062295311538,1.03389172965623,False,False
LAST_OPPOSING,8,CISD,3.0,1.5,0.4,0.05,0.25,772,2.4585987261146496,36.37640449438202,324.0,0.41968911917098445,1.7152317880794703,14.0,11,1.9449779595548673,0.9093722065929652,False,False
LAST_OPPOSING,5,FIB_786,4.0,1.2,0.4,0.0,0.5,772,2.4585987261146496,28.404669260700388,324.0,0.41968911917098445,1.5869565217391304,24.0,17,2.631243688623036,1.3400840101723013,False,False
LAST_OPPOSING,5,CISD,3.0,1.5,0.4,0.0,0.5,765,2.4363057324840764,36.35077793493635,321.0,0.4196078431372549,1.7133333333333334,15.0,11,1.929814161796186,0.9023119498143337,False,False
LAST_OPPOSING,8,FIB_705,2.5,1.2,0.4,0.05,0.5,881,2.805732484076433,40.56818181818182,369.5,0.4194097616345062,1.7065009560229445,14.5,10,2.003824060235149,1.064689377539792,False,False
LAST_OPPOSING,5,CISD,2.5,1.5,0.4,0.15,0.25,742,2.3630573248407645,41.31994261119082,311.0,0.4191374663072776,1.7603911980440097,12.5,11,1.774182031521414,0.8639540525328063,False,False
EXTREME_OPEN,3,FIB_705,2.5,2.0,0.4,0.05,0.5,222,0.7070063694267515,40.54054054054054,93.0,0.4189189189189189,1.7045454545454546,9.5,9,2.004077286241862,1.0695558255039919,False,False
LAST_OPPOSING,8,FIB_786,2.5,2.0,0.0,0.0,0.5,444,1.414012738853503,40.54054054054054,186.0,0.4189189189189189,1.7045454545454546,17.5,16,2.090402090427152,1.106816247737121,False,False
EXTREME_OPEN,5,FIB_705,2.5,1.5,0.4,0.0,0.5,523,1.6656050955414012,40.53537284894838,219.0,0.4187380497131931,1.7041800643086817,13.0,11,1.9978026934832396,1.0756164091913958,False,False
LAST_OPPOSING,5,CISD,4.0,0.0,0.3,0.05,0.5,2633,8.385350318471337,28.98491642886262,1102.0,0.41853399164451194,1.632606199770379,18.0,15,2.3087859449739336,0.9984216527168744,False,False
LAST_OPPOSING,5,FIB_705,2.5,1.5,0.4,0.05,0.5,514,1.6369426751592357,40.5458089668616,215.0,0.4182879377431907,1.7049180327868851,13.0,10,1.9817420833841228,1.0515667088619118,False,False
EXTREME_OPEN,5,FIB_786,4.0,1.5,0.3,0.0,0.25,624,1.9872611464968153,28.365384615384613,261.0,0.4182692307692308,1.5838926174496644,18.0,15,2.653851232244253,1.3920964653078347,False,False
EXTREME_OPEN,8,FIB_705,2.5,2.0,0.0,0.15,0.25,422,1.3439490445859872,40.52132701421801,176.5,0.41824644549763035,1.703187250996016,10.5,7,2.0014214858782977,1.0689368555224592,False,False
LAST_OPPOSING,5,FIB_786,2.5,2.0,0.0,0.05,0.5,427,1.3598726114649682,40.5152224824356,178.5,0.4180327868852459,1.702755905511811,16.5,15,2.101082147735522,1.1096373531907193,False,False
LAST_OPPOSING,5,FIB_786,2.5,2.0,0.4,0.15,0.5,195,0.6210191082802548,40.51282051282051,81.5,0.41794871794871796,1.7025862068965518,8.5,7,2.1753753279479118,1.126592429720193,False,False
EXTREME_OPEN,5,FIB_786,4.0,1.2,0.4,0.0,0.5,780,2.484076433121019,28.369704749679077,326.0,0.41794871794871796,1.5842293906810037,16.0,16,2.655514934006644,1.3566096328218313,False,False
EXTREME_OPEN,5,FIB_786,3.0,2.0,0.3,0.15,0.5,268,0.8535031847133758,35.44776119402985,112.0,0.417910447761194,1.6473988439306357,22.0,14,2.3130703093863114,1.2290142369330315,False,False
EXTREME_OPEN,5,FIB_786,4.0,2.0,0.3,0.15,0.25,268,0.8535031847133758,28.35820895522388,112.0,0.417910447761194,1.5833333333333333,21.0,14,2.606770679278307,1.3658985238837087,False,False
EXTREME_OPEN,3,FIB_618,2.5,1.2,0.4,0.05,0.5,937,2.984076433121019,40.53475935828877,391.5,0.41782283884738525,1.704136690647482,16.0,15,1.9324978875065058,1.0112988693193303,False,False
EXTREME_OPEN,3,FIB_786,4.0,2.0,0.4,0.0,0.25,194,0.6178343949044586,28.350515463917525,81.0,0.4175257731958763,1.5827338129496402,18.0,18,2.606498712078438,1.3603204770662785,False,False
LAST_OPPOSING,8,CISD,3.0,1.5,0.4,0.15,0.25,750,2.388535031847134,36.32416787264833,313.0,0.41733333333333333,1.7113636363636364,14.0,11,1.9377375388049398,0.9030690873439932,False,False
LAST_OPPOSING,3,FIB_786,4.0,1.2,0.4,0.0,0.5,731,2.328025477707006,28.356164383561644,305.0,0.4172366621067031,1.5831739961759081,20.0,17,2.64133594256569,1.3446527219705764,False,False
LAST_OPPOSING,5,CISD,3.0,1.5,0.4,0.05,0.5,758,2.4140127388535033,36.285714285714285,316.0,0.41688654353562005,1.7085201793721974,14.0,11,1.9286081852710404,0.9016891673906531,False,False
LAST_OPPOSING,8,FIB_705,2.5,1.2,0.4,0.0,0.5,890,2.8343949044585988,40.49493813273341,371.0,0.41685393258426967,1.7013232514177694,14.5,10,2.0021959214620337,1.0660988274967074,False,False
LAST_OPPOSING,5,CISD,2.5,2.0,0.0,0.15,0.25,673,2.143312101910828,41.51857835218094,280.5,0.41679049034175336,1.7748618784530388,16.5,16,1.7646569769694789,0.8298777911418526,False,False
EXTREME_OPEN,5,FIB_618,2.5,1.2,0.4,0.15,0.25,913,2.9076433121019107,40.50493962678375,380.5,0.4167579408543264,1.702029520295203,14.0,14,1.9444743226387555,1.0192348792992496,False,False
EXTREME_OPEN,8,FIB_705,2.5,1.5,0.3,0.0,0.25,714,2.2738853503184715,40.476190476190474,297.5,0.4166666666666667,1.7,17.5,15,2.0113786926888704,1.0954804973695773,False,False
EXTREME_OPEN,5,FIB_618,3.0,0.0,0.3,0.0,0.5,2621,8.347133757961783,35.467791411042946,1092.0,0.4166348721861885,1.6488413547237077,22.0,16,2.1369545787400237,1.0806161865577517,False,False
EXTREME_OPEN,3,FIB_618,3.0,0.0,0.3,0.0,0.5,2547,8.111464968152866,35.463510848126234,1061.0,0.4165685119748724,1.6485330073349633,21.0,16,2.1403322303156957,1.0830754806125082,False,False
LAST_OPPOSING,8,CISD,2.5,1.5,0.4,0.0,0.25,785,2.5,41.2483039348711,327.0,0.41656050955414015,1.7551963048498844,11.0,11,1.7735893982718731,0.8689574206016526,False,False
EXTREME_OPEN,8,CISD,2.5,0.0,0.3,0.05,0.5,2918,9.292993630573248,40.856031128404666,1215.5,0.41655243317340646,1.7269736842105263,14.0,13,1.7911803717966202,0.8930438197674603,False,False
EXTREME_OPEN,3,FIB_705,2.5,2.0,0.0,0.05,0.25,430,1.3694267515923566,40.46511627906977,179.0,0.41627906976744183,1.69921875,11.0,11,2.0336860605952727,1.0706950918075633,False,False
LAST_OPPOSING,8,CISD,4.0,0.0,0.3,0.0,0.5,2777,8.843949044585987,28.947368421052634,1156.0,0.4162765574360821,1.6296296296296295,18.0,16,2.3081800096106453,1.0042668518092084,False,False
LAST_OPPOSING,3,FIB_705,2.5,1.5,0.0,0.0,0.25,940,2.9936305732484074,40.46858359957402,391.0,0.41595744680851066,1.6994633273703041,12.0,11,2.0032463256175856,1.0810154667398,False,False
LAST_OPPOSING,8,CISD,2.5,1.5,0.4,0.05,0.25,778,2.477707006369427,41.23287671232877,323.5,0.4158097686375321,1.754079254079254,11.0,11,1.772779003726594,0.8679230548331572,False,False
EXTREME_OPEN,8,FIB_786,4.0,1.5,0.4,0.15,0.25,438,1.394904458598726,28.31050228310502,182.0,0.4155251141552511,1.5796178343949046,14.0,14,2.6397321858619986,1.3869542015549639,False,False
LAST_OPPOSING,8,FIB_786,2.5,2.0,0.0,0.15,0.5,408,1.2993630573248407,40.44117647058824,169.5,0.41544117647058826,1.6975308641975309,14.0,12,2.0822806529085733,1.1117633795831312,False,False
EXTREME_OPEN,5,FIB_786,4.0,0.0,0.0,0.05,0.5,2934,9.343949044585987,28.30832196452933,1218.0,0.41513292433537835,1.5794481446241675,22.0,18,2.710502068502462,1.377266858355764,False,False
EXTREME_OPEN,3,FIB_618,4.0,0.0,0.0,0.15,0.25,2542,8.095541401273886,28.389662027833,1055.0,0.4150275373721479,1.5857856746252081,19.0,18,2.4628294875766943,1.166177577148554,False,False
LAST_OPPOSING,5,CISD,3.0,2.0,0.0,0.15,0.5,670,2.1337579617834397,36.544850498338874,278.0,0.41492537313432837,1.7277486910994764,18.0,16,1.8981312511644481,0.8666308646007117,False,False
EXTREME_OPEN,3,FIB_786,4.0,1.5,0.4,0.15,0.25,417,1.3280254777070064,28.297362110311752,173.0,0.4148681055155875,1.5785953177257526,15.0,14,2.6389415966784426,1.3974106772660162,False,False
LAST_OPPOSING,8,CISD,3.0,2.0,0.0,0.15,0.25,692,2.2038216560509554,36.553945249597426,287.0,0.4147398843930636,1.7284263959390862,16.0,16,1.907291907586163,0.8691731638372849,False,False
LAST_OPPOSING,3,FIB_705,3.0,1.2,0.4,0.05,0.25,815,2.5955414012738856,35.38083538083538,338.0,0.4147239263803681,1.6425855513307985,19.0,17,2.201443196189131,1.15575600101252,False,False
EXTREME_OPEN,3,FIB_786,4.0,1.2,0.4,0.0,0.5,750,2.388535031847134,28.304405874499334,311.0,0.4146666666666667,1.5791433891992552,20.0,16,2.6596014295037915,1.3656967695938105,False,False
EXTREME_OPEN,8,FIB_786,4.0,2.0,0.4,0.05,0.25,205,0.6528662420382165,28.292682926829265,85.0,0.4146341463414634,1.5782312925170068,15.0,14,2.606311455979694,1.3589596147105065,False,False
EXTREME_OPEN,8,FIB_786,4.0,0.0,0.0,0.05,0.5,2967,9.449044585987261,28.29679595278246,1230.0,0.41456016177957533,1.5785512699905926,19.0,18,2.703986055240542,1.3763659228592133,False,False
LAST_OPPOSING,3,FIB_618,3.0,1.2,0.4,0.15,0.25,866,2.7579617834394905,35.4239256678281,359.0,0.41454965357967666,1.64568345323741,17.0,13,2.111813373703801,1.0660193467639576,False,False
LAST_OPPOSING,5,FIB_786,3.0,2.0,0.0,0.0,0.5,427,1.3598726114649682,35.36299765807963,177.0,0.41451990632318503,1.641304347826087,20.0,20,2.225633355909933,1.178540518973245,False,False
LAST_OPPOSING,5,CISD,3.0,1.5,0.4,0.15,0.5,736,2.343949044585987,36.22974963181149,305.0,0.41440217391304346,1.7043879907621247,14.0,11,1.9212652447472964,0.895541946408332,False,False
LAST_OPPOSING,5,FIB_618,2.5,1.2,0.4,0.15,0.5,916,2.917197452229299,40.46052631578947,379.5,0.4143013100436681,1.6988950276243093,16.0,14,1.9092175359186379,0.998413079135614,False,False
EXTREME_OPEN,8,FIB_786,4.0,2.0,0.4,0.15,0.25,198,0.6305732484076433,28.28282828282828,82.0,0.41414141414141414,1.5774647887323943,18.0,13,2.6196088820068963,1.3629253623025663,False,False
LAST_OPPOSING,3,FIB_786,4.0,1.5,0.0,0.05,0.25,821,2.6146496815286624,28.292682926829265,340.0,0.41412911084043846,1.5782312925170068,23.0,18,2.6312403297894993,1.3728850553563774,False,False
EXTREME_OPEN,8,FIB_786,4.0,1.5,0.3,0.15,0.25,587,1.8694267515923566,28.279386712095402,243.0,0.41396933560477,1.5771971496437054,21.0,16,2.6301728014033516,1.3906836741153277,False,False
LAST_OPPOSING,3,FIB_786,2.5,2.0,0.3,0.15,0.25,255,0.8121019108280255,40.3921568627451,105.5,0.4137254901960784,1.694078947368421,15.0,8,2.2134937529926657,1.1517933459199041,False,False
LAST_OPPOSING,3,FIB_786,2.5,2.0,0.3,0.15,0.5,255,0.8121019108280255,40.3921568627451,105.5,0.4137254901960784,1.694078947368421,15.0,8,2.1584640825256893,1.119096301466446,False,False
LAST_OPPOSING,3,FIB_786,3.0,2.0,0.3,0.05,0.25,266,0.8471337579617835,35.338345864661655,110.0,0.41353383458646614,1.6395348837209303,18.0,16,2.3280831447811376,1.2113406415563726,False,False
LAST_OPPOSING,3,CISD,2.5,1.5,0.3,0.15,0.5,896,2.8535031847133756,41.11374407582938,370.5,0.4135044642857143,1.7454728370221329,13.5,10,1.7712562713125688,0.8575432655207147,False,False
LAST_OPPOSING,3,FIB_618,3.0,1.2,0.4,0.0,0.5,929,2.9585987261146496,35.38961038961039,384.0,0.4133476856835307,1.64321608040201,16.0,11,2.086528356791362,1.0538177858448807,False,False
LAST_OPPOSING,5,FIB_705,2.5,2.0,0.4,0.0,0.5,236,0.7515923566878981,40.42553191489361,97.5,0.413135593220339,1.6964285714285714,10.0,10,1.9909994976515264,1.0298341746841448,False,False
LAST_OPPOSING,5,FIB_705,2.5,2.0,0.4,0.05,0.5,236,0.7515923566878981,40.42553191489361,97.5,0.413135593220339,1.6964285714285714,10.0,10,1.9909994976515264,1.0298341746841448,False,False
EXTREME_OPEN,8,FIB_618,3.0,0.0,0.3,0.0,0.5,2645,8.42356687898089,35.37234042553192,1092.0,0.4128544423440454,1.6419753086419753,23.0,16,2.1322596132770086,1.0815842470825205,False,False
LAST_OPPOSING,5,FIB_618,3.0,0.0,0.3,0.0,0.5,2546,8.10828025477707,35.38948200869909,1051.0,0.41280439905734484,1.6432068543451652,20.0,16,2.1289991625193663,1.077225221402844,False,False
EXTREME_OPEN,5,FIB_786,4.0,2.0,0.0,0.15,0.25,361,1.1496815286624205,28.254847645429365,149.0,0.41274238227146814,1.5752895752895753,20.0,15,2.608710120509144,1.3646519072832044,False,False
LAST_OPPOSING,8,FIB_786,2.5,2.0,0.0,0.05,0.25,441,1.4044585987261147,40.362811791383216,182.0,0.4126984126984127,1.6920152091254752,17.5,16,2.1312272982577296,1.1380981523772846,False,False
LAST_OPPOSING,3,FIB_618,3.0,1.2,0.4,0.05,0.5,921,2.93312101910828,35.37117903930131,380.0,0.41259500542888167,1.6418918918918919,18.0,14,2.0854762009780523,1.054173283781767,False,False
LAST_OPPOSING,5,FIB_618,4.0,0.0,0.0,0.0,0.25,3621,11.531847133757962,28.344037978218374,1494.0,0.4125932062966031,1.5822291504286827,31.0,17,2.44237178944471,1.1730307430131575,False,False
LAST_OPPOSING,3,FIB_705,2.5,1.5,0.0,0.05,0.25,920,2.929936305732484,40.369967355821544,379.5,0.4125,1.6925182481751824,11.0,11,2.0039974780931127,1.0821796223589637,False,False
EXTREME_OPEN,5,FIB_705,2.5,2.0,0.0,0.05,0.25,451,1.4363057324840764,40.35476718403548,186.0,0.4124168514412417,1.691449814126394,9.5,8,2.0202413645291815,1.0737850468983619,False,False
LAST_OPPOSING,3,FIB_705,3.0,1.2,0.4,0.0,0.25,822,2.6178343949044587,35.32277710109623,339.0,0.4124087591240876,1.6384180790960452,19.0,17,2.2029840380780414,1.1563219475443964,False,False
EXTREME_OPEN,8,FIB_705,2.5,2.0,0.4,0.15,0.5,228,0.7261146496815286,40.35087719298245,94.0,0.41228070175438597,1.6911764705882353,9.0,8,2.0045450159347133,1.0723961343509005,False,False
LAST_OPPOSING,5,FIB_618,4.0,0.0,0.0,0.15,0.5,2647,8.429936305732484,28.34736036725325,1091.0,0.41216471477143934,1.582487987186332,22.0,19,2.4266987671607096,1.1430023214533278,False,False
LAST_OPPOSING,8,FIB_786,3.0,2.0,0.0,0.15,0.25,408,1.2993630573248407,35.294117647058826,168.0,0.4117647058823529,1.6363636363636365,17.0,17,2.254569242769031,1.2053933682043507,False,False
LAST_OPPOSING,3,FIB_786,2.5,2.0,0.4,0.15,0.5,181,0.5764331210191083,40.331491712707184,74.5,0.4116022099447514,1.6898148148148149,11.0,7,2.1937967101009783,1.1288684957168311,False,False
LAST_OPPOSING,5,CISD,2.5,2.0,0.0,0.15,0.5,673,2.143312101910828,41.35702746365105,277.0,0.4115898959881129,1.7630853994490359,16.5,16,1.7519333243796142,0.8282036901967572,False,False
EXTREME_OPEN,8,FIB_786,4.0,1.2,0.4,0.05,0.5,780,2.484076433121019,28.241335044929393,321.0,0.4115384615384615,1.5742397137745976,17.0,16,2.6524375340426105,1.3562431647677073,False,False
EXTREME_OPEN,5,CISD,3.0,0.0,0.3,0.0,0.5,2950,9.394904458598726,35.7243816254417,1214.0,0.41152542372881357,1.6673996701484333,18.0,16,1.9627285740391827,0.9476638367489667,False,False
EXTREME_OPEN,3,FIB_705,3.0,1.2,0.4,0.05,0.5,834,2.656050955414013,35.294117647058826,343.0,0.41127098321342925,1.6363636363636365,17.0,13,2.198488651721233,1.1414538180207858,False,False
EXTREME_OPEN,3,CISD,3.0,0.0,0.3,0.0,0.5,2860,9.10828025477707,35.69868995633188,1176.0,0.4111888111888112,1.66553480475382,16.0,15,1.9676191223018609,0.9506618290495317,False,False
EXTREME_OPEN,3,FIB_786,4.0,1.5,0.0,0.05,0.25,861,2.7420382165605095,28.222996515679444,354.0,0.41114982578397213,1.5728155339805825,23.0,18,2.6426456395357363,1.4030681166564265,False,False
EXTREME_OPEN,3,FIB_618,2.5,1.2,0.4,0.15,0.5,877,2.7929936305732483,40.34285714285714,360.5,0.411060433295325,1.6906130268199233,17.5,14,1.931187539148215,1.0102898500984068,False,False
LAST_OPPOSING,8,FIB_786,4.0,1.5,0.0,0.15,0.25,837,2.6656050955414012,28.22966507177033,344.0,0.4109916367980884,1.5733333333333333,29.0,20,2.578190146916163,1.3546966895384354,False,False
EXTREME_OPEN,8,FIB_786,3.0,2.0,0.3,0.15,0.25,275,0.8757961783439491,35.27272727272727,113.0,0.4109090909090909,1.6348314606741574,23.0,15,2.3362807762915905,1.255801662799823,False,False
LAST_OPPOSING,5,FIB_705,3.0,1.2,0.4,0.0,0.25,869,2.767515923566879,35.294117647058826,357.0,0.4108170310701956,1.6363636363636365,18.0,17,2.1940644052853435,1.1518922938114264,False,False
EXTREME_OPEN,8,FIB_705,2.5,1.5,0.4,0.05,0.5,521,1.6592356687898089,40.30710172744721,214.0,0.4107485604606526,1.6881028938906752,12.0,11,1.9964581720472458,1.0776610599021992,False,False
EXTREME_OPEN,8,CISD,4.0,0.0,0.0,0.15,0.5,2868,9.13375796178344,28.91748675246026,1178.0,0.4107391910739191,1.6272630457933972,24.0,20,2.2736397819788765,0.9960315001801471,False,False
LAST_OPPOSING,5,FIB_705,2.5,2.0,0.4,0.15,0.5,229,0.7292993630573248,40.35087719298245,94.0,0.4104803493449782,1.6911764705882353,9.0,9,1.9972624224557471,1.0300085856934438,False,False
LAST_OPPOSING,5,FIB_786,2.5,2.0,0.4,0.0,0.5,201,0.6401273885350318,40.298507462686565,82.5,0.41044776119402987,1.6875,8.5,8,2.1694510224692154,1.1291166872751466,False,False
LAST_OPPOSING,5,FIB_786,2.5,2.0,0.4,0.05,0.5,201,0.6401273885350318,40.298507462686565,82.5,0.41044776119402987,1.6875,8.5,8,2.1694510224692154,1.1291166872751466,False,False
LAST_OPPOSING,3,CISD,2.5,1.5,0.3,0.05,0.5,936,2.9808917197452227,40.99660249150623,384.0,0.41025641025641024,1.7370441458733206,13.0,10,1.7748005983750519,0.8639606633795518,False,False
EXTREME_OPEN,3,FIB_705,3.0,1.2,0.4,0.15,0.25,778,2.477707006369427,35.26383526383526,319.0,0.41002570694087404,1.6341948310139165,19.0,13,2.213511075080065,1.1624829085944266,False,False
LAST_OPPOSING,5,FIB_705,3.0,1.2,0.4,0.05,0.25,861,2.7420382165605095,35.273573923166474,353.0,0.4099883855981417,1.6348920863309353,18.0,17,2.1911365810496193,1.1516587284293918,False,False
EXTREME_OPEN,3,FIB_705,2.5,2.0,0.3,0.15,0.25,293,0.9331210191082803,40.27303754266212,120.0,0.40955631399317405,1.6857142857142857,10.5,10,2.008070581188947,1.075840786063233,False,False
LAST_OPPOSING,8,FIB_618,4.0,0.0,0.0,0.15,0.25,2699,8.595541401273886,28.292682926829265,1105.0,0.4094108929233049,1.5782312925170068,23.0,18,2.4407872833754474,1.1588381088539634,False,False
LAST_OPPOSING,8,CISD,2.5,1.5,0.4,0.15,0.25,756,2.4076433121019107,41.04372355430183,309.5,0.4093915343915344,1.7404306220095693,12.5,11,1.7704753937004154,0.864523940224869,False,False
EXTREME_OPEN,3,FIB_618,3.0,1.2,0.4,0.15,0.25,877,2.7929936305732483,35.28064146620848,359.0,0.40935005701254273,1.6353982300884955,16.0,14,2.1157207916020515,1.0769435218161418,False,False
LAST_OPPOSING,3,FIB_786,4.0,1.5,0.0,0.0,0.25,838,2.6687898089171975,28.19593787335723,343.0,0.40930787589498807,1.5707154742096505,24.0,19,2.621775990739702,1.3764199785132665,False,False
LAST_OPPOSING,8,CISD,4.0,0.0,0.3,0.05,0.5,2664,8.48407643312102,28.79032258064516,1090.0,0.4091591591591592,1.6172140430351076,20.0,15,2.3026578748091224,1.0004563677802074,False,False
LAST_OPPOSING,3,FIB_705,2.5,1.5,0.4,0.15,0.5,462,1.4713375796178343,40.25974025974026,189.0,0.4090909090909091,1.684782608695652,15.0,11,1.9647096140112537,1.0561689837252564,False,False
EXTREME_OPEN,3,FIB_705,2.5,2.0,0.0,0.15,0.5,390,1.2420382165605095,40.256410256410255,159.5,0.40897435897435896,1.684549356223176,12.0,12,2.010489859532762,1.0647512723814017,False,False
EXTREME_OPEN,5,CISD,4.0,0.0,0.0,0.05,0.5,3509,11.17515923566879,28.803680981595093,1435.0,0.40894841835280704,1.6182679879362343,21.0,19,2.265303699985837,1.0037901299838239,False,False
EXTREME_OPEN,8,FIB_705,2.5,2.0,0.4,0.05,0.5,236,0.7515923566878981,40.25423728813559,96.5,0.4088983050847458,1.6843971631205674,9.0,9,1.9916765616735497,1.0712674717440371,False,False
EXTREME_OPEN,3,FIB_705,3.0,1.2,0.4,0.0,0.5,844,2.6878980891719744,35.231316725978644,345.0,0.4087677725118483,1.6318681318681318,17.0,14,2.198129764508611,1.14201565928252,False,False
EXTREME_OPEN,3,FIB_618,3.0,1.2,0.4,0.05,0.5,937,2.984076433121019,35.262593783494104,383.0,0.4087513340448239,1.6341059602649006,15.0,15,2.0901206760392985,1.0644042371556746,False,False
EXTREME_OPEN,5,FIB_705,3.0,1.2,0.4,0.15,0.25,810,2.5796178343949046,35.228677379480835,331.0,0.408641975308642,1.631679389312977,19.0,13,2.2063320367645365,1.1572608199778636,False,False
EXTREME_OPEN,5,FIB_705,2.5,1.5,0.4,0.15,0.5,492,1.5668789808917198,40.243902439024396,201.0,0.40853658536585363,1.683673469387755,14.5,12,1.9832693152414274,1.0733197483880432,False,False
EXTREME_OPEN,5,FIB_618,4.0,0.0,0.0,0.15,0.5,2644,8.420382165605096,28.260038240917783,1080.0,0.4084720121028744,1.5756929637526653,20.0,20,2.4315404924088058,1.1491012001501344,False,False
EXTREME_OPEN,3,FIB_705,2.5,1.5,0.4,0.05,0.5,497,1.5828025477707006,40.24144869215292,203.0,0.4084507042253521,1.6835016835016836,11.0,11,1.9970258702432722,1.0850526468370836,False,False
EXTREME_OPEN,5,FIB_705,3.0,1.2,0.4,0.05,0.5,867,2.761146496815287,35.21939953810623,354.0,0.4083044982698962,1.6310160427807487,15.0,13,2.1913419475704283,1.1363537782749975,False,False
EXTREME_OPEN,3,FIB_786,3.0,2.0,0.3,0.05,0.5,267,0.8503184713375797,35.2059925093633,109.0,0.40823970037453183,1.630057803468208,24.0,21,2.306357207309932,1.2213616235546927,False,False
LAST_OPPOSING,8,FIB_705,2.5,1.5,0.3,0.15,0.25,670,2.1337579617834397,40.26946107784431,273.5,0.4082089552238806,1.6854636591478698,16.0,11,1.958117003108307,1.074182054242681,False,False
LAST_OPPOSING,5,FIB_618,4.0,0.0,0.0,0.05,0.25,3359,10.697452229299364,28.24909747292419,1371.0,0.40815718963977377,1.5748427672955976,24.0,21,2.4417311950213816,1.1654089433382777,False,False
EXTREME_OPEN,8,FIB_705,2.5,1.5,0.4,0.0,0.5,527,1.678343949044586,40.22770398481973,215.0,0.4079696394686907,1.6825396825396826,13.0,11,1.9936780887026784,1.0787371385694717,False,False
LAST_OPPOSING,3,FIB_618,2.5,1.5,0.4,0.05,0.25,554,1.7643312101910829,40.29038112522686,226.0,0.40794223826714804,1.6869300911854104,15.0,15,1.9303756118111526,1.004530218578892,False,False
LAST_OPPOSING,5,CISD,2.5,1.5,0.4,0.0,0.5,771,2.4554140127388533,40.96551724137931,314.5,0.4079118028534371,1.7348130841121496,11.0,11,1.76012970855028,0.8644401155868896,False,False
LAST_OPPOSING,3,FIB_618,4.0,0.0,0.0,0.0,0.25,3433,10.933121019108281,28.235294117647058,1400.0,0.40780658316341395,1.5737704918032787,31.0,17,2.447372395160604,1.1776493485505601,False,False
EXTREME_OPEN,3,FIB_786,4.0,1.5,0.0,0.0,0.25,881,2.805732484076433,28.14982973893303,359.0,0.40749148694665155,1.5671406003159558,24.0,19,2.6318329255564126,1.404234300194407,False,False
EXTREME_OPEN,3,FIB_786,3.0,2.0,0.3,0.0,0.5,270,0.8598726114649682,35.18518518518518,110.0,0.4074074074074074,1.6285714285714286,24.0,21,2.306291997270816,1.2214871481929395,False,False
EXTREME_OPEN,3,FIB_786,4.0,2.0,0.3,0.0,0.25,270,0.8598726114649682,28.14814814814815,110.0,0.4074074074074074,1.5670103092783505,23.0,21,2.597642370026813,1.3562548203605092,False,False
EXTREME_OPEN,5,FIB_786,4.0,2.0,0.0,0.0,0.25,405,1.2898089171974523,28.14814814814815,165.0,0.4074074074074074,1.5670103092783505,20.0,19,2.6298274914026054,1.3775731127726671,False,False
EXTREME_OPEN,8,FIB_618,4.0,0.0,0.0,0.15,0.25,2688,8.560509554140127,28.233082706766915,1095.0,0.40736607142857145,1.573598742797276,21.0,18,2.4518294823471702,1.1630967613638972,False,False
EXTREME_OPEN,5,FIB_786,2.5,2.0,0.4,0.15,0.5,194,0.6178343949044586,40.20618556701031,79.0,0.4072164948453608,1.6810344827586208,17.5,12,2.1934660823342083,1.1618868260614323,False,False
LAST_OPPOSING,5,CISD,2.5,1.5,0.4,0.05,0.5,764,2.43312101910828,40.947075208913645,311.0,0.40706806282722513,1.7334905660377358,11.0,11,1.7593276720288817,0.863475230879112,False,False
LAST_OPPOSING,8,CISD,3.0,1.5,0.4,0.0,0.5,779,2.4808917197452227,36.02225312934632,317.0,0.4069319640564827,1.6891304347826086,15.0,11,1.9231574392145847,0.9033133708174954,False,False
EXTREME_OPEN,8,CISD,3.0,0.0,0.3,0.0,0.5,2975,9.47452229299363,35.6140350877193,1210.0,0.40672268907563025,1.659400544959128,19.0,16,1.9606329576745665,0.9478723250465121,False,False
LAST_OPPOSING,3,FIB_618,2.5,1.5,0.4,0.0,0.25,557,1.7738853503184713,40.25270758122744,226.5,0.4066427289048474,1.6842900302114803,15.0,15,1.9302822444312682,1.0051345580921882,False,False
LAST_OPPOSING,8,FIB_618,2.5,1.2,0.4,0.15,0.25,936,2.9808917197452227,40.236051502145926,380.5,0.406517094017094,1.6831238779174147,14.0,14,1.9197607729058652,1.0162939024015814,False,False
EXTREME_OPEN,8,FIB_786,4.0,1.2,0.4,0.0,0.5,790,2.515923566878981,28.13688212927757,321.0,0.40632911392405063,1.566137566137566,17.0,16,2.6450190925809007,1.3579077578528842,False,False
LAST_OPPOSING,5,FIB_705,2.5,1.5,0.4,0.15,0.5,491,1.5636942675159236,40.20408163265306,199.5,0.4063136456211813,1.680887372013652,14.5,11,1.9634584132828794,1.0491337680022854,False,False
EXTREME_OPEN,3,FIB_705,2.5,2.0,0.4,0.0,0.5,224,0.7133757961783439,40.17857142857143,91.0,0.40625,1.6791044776119404,9.5,9,1.9950962371579202,1.0743945640864607,False,False
EXTREME_OPEN,3,FIB_786,4.0,1.2,0.3,0.15,0.5,901,2.8694267515923566,28.142380422691883,366.0,0.40621531631520535,1.5665634674922602,23.0,15,2.6512340071526537,1.363241593895557,False,False
EXTREME_OPEN,3,CISD,4.0,0.0,0.0,0.05,0.5,3412,10.86624203821656,28.70603015075377,1386.0,0.40621336459554513,1.6105726872246695,26.0,21,2.2690691701921826,1.009482770914774,False,False
EXTREME_OPEN,8,CISD,4.0,0.0,0.0,0.05,0.5,3538,11.26751592356688,28.767541183648564,1437.0,0.4061616732617298,1.6154175588865096,26.0,21,2.2636999321253257,1.0023490165393842,False,False
EXTREME_OPEN,8,FIB_705,2.5,2.0,0.0,0.0,0.25,468,1.4904458598726114,40.17094017094017,190.0,0.405982905982906,1.6785714285714286,9.5,8,2.0112840412486492,1.0753021821399225,False,False
EXTREME_OPEN,8,FIB_618,2.5,1.2,0.4,0.15,0.25,925,2.945859872611465,40.19501625135428,375.5,0.40594594594594596,1.6802536231884058,14.0,14,1.9348393256029832,1.0214416845180763,False,False
EXTREME_OPEN,5,FIB_705,3.0,1.2,0.4,0.0,0.5,877,2.7929936305732483,35.15981735159817,356.0,0.40592930444697833,1.6267605633802817,17.0,14,2.1910780550208897,1.1369526316642353,False,False
LAST_OPPOSING,8,FIB_786,3.0,2.0,0.0,0.0,0.5,441,1.4044585987261147,35.147392290249435,179.0,0.40589569160997735,1.6258741258741258,21.0,21,2.2113559247684367,1.180306749363396,False,False
LAST_OPPOSING,3,FIB_618,2.5,1.5,0.4,0.15,0.25,530,1.6878980891719746,40.22770398481973,215.0,0.4056603773584906,1.6825396825396826,15.5,13,1.9228692672043055,0.995902508657758,False,False
EXTREME_OPEN,3,FIB_705,2.5,1.5,0.4,0.0,0.5,503,1.6019108280254777,40.15904572564612,204.0,0.40556660039761433,1.6777408637873754,11.5,11,1.9941063670389712,1.0860918991950228,False,False
EXTREME_OPEN,5,FIB_705,2.5,2.0,0.0,0.15,0.5,411,1.3089171974522293,40.14598540145985,166.5,0.4051094890510949,1.6768292682926829,10.5,7,1.997307758404335,1.066795194594932,False,False
LAST_OPPOSING,5,CISD,2.5,1.5,0.4,0.15,0.5,742,2.3630573248407645,40.88952654232425,300.5,0.4049865229110512,1.729368932038835,12.5,11,1.7556603458726687,0.8571118206452455,False,False
LAST_OPPOSING,8,FIB_705,2.5,1.5,0.3,0.05,0.25,709,2.2579617834394905,40.169731258840166,287.0,0.40479548660084624,1.6784869976359338,15.0,15,1.9748115377939988,1.0782338029055243,False,False
LAST_OPPOSING,8,FIB_786,2.5,2.0,0.0,0.05,0.5,441,1.4044585987261147,40.136054421768705,178.5,0.40476190476190477,1.6761363636363635,17.5,16,2.0845681190923964,1.1133722767864744,False,False
EXTREME_OPEN,5,CISD,4.0,0.0,0.3,0.0,0.25,2829,9.009554140127388,28.641509433962263,1145.0,0.4047366560622128,1.6054997355896352,21.0,19,2.2502635269539017,1.0185477679120154,False,False
EXTREME_OPEN,5,FIB_705,2.5,2.0,0.3,0.15,0.25,309,0.9840764331210191,40.1294498381877,125.0,0.4045307443365696,1.6756756756756757,10.5,10,1.9966914658309387,1.0842398544116405,False,False
EXTREME_OPEN,3,FIB_786,4.0,2.0,0.3,0.05,0.25,267,0.8503184713375797,28.08988764044944,108.0,0.4044943820224719,1.5625,23.0,21,2.5983775702952197,1.3571393314090003,False,False
EXTREME_OPEN,5,FIB_705,2.5,1.5,0.3,0.15,0.5,653,2.0796178343949046,40.12251148545176,264.0,0.40428790199081166,1.6751918158567776,16.0,16,1.976858386299634,1.0765929419100881,False,False
LAST_OPPOSING,3,CISD,3.0,2.0,0.0,0.05,0.25,626,1.9936305732484076,36.234458259325045,253.0,0.40415335463258784,1.7047353760445683,16.0,15,1.9153598522550808,0.882162729354495,False,False
LAST_OPPOSING,8,CISD,3.0,1.5,0.4,0.05,0.5,772,2.4585987261146496,35.95505617977528,312.0,0.40414507772020725,1.6842105263157894,14.0,11,1.9219129738465381,0.9027109626178481,False,False
LAST_OPPOSING,8,FIB_618,3.0,0.0,0.3,0.0,0.5,2577,8.207006369426752,35.16998827667057,1041.0,0.4039580908032596,1.6274864376130198,21.0,16,2.1218931834626824,1.0793781183603883,False,False
LAST_OPPOSING,8,FIB_705,2.5,1.5,0.3,0.0,0.25,717,2.28343949044586,40.13986013986014,289.5,0.40376569037656906,1.6764018691588785,15.0,15,1.974417370245363,1.0790948394492026,False,False
LAST_OPPOSING,8,FIB_705,2.5,1.2,0.4,0.15,0.5,826,2.6305732484076434,40.12121212121212,333.5,0.40375302663438256,1.6751012145748987,14.0,9,1.9878738862341547,1.0674905303739284,False,False
LAST_OPPOSING,3,FIB_786,2.5,2.0,0.4,0.0,0.5,187,0.5955414012738853,40.106951871657756,75.5,0.4037433155080214,1.6741071428571428,11.0,7,2.186837813340891,1.1315087062653115,False,False
LAST_OPPOSING,3,FIB_786,2.5,2.0,0.4,0.05,0.5,187,0.5955414012738853,40.106951871657756,75.5,0.4037433155080214,1.6741071428571428,11.0,7,2.186837813340891,1.1315087062653115,False,False
LAST_OPPOSING,8,FIB_786,4.0,1.5,0.3,0.15,0.25,592,1.8853503184713376,28.08798646362098,239.0,0.40371621621621623,1.5623529411764705,27.0,14,2.589951082639159,1.3637846207686497,False,False
EXTREME_OPEN,3,CISD,4.0,0.0,0.3,0.0,0.25,2750,8.757961783439491,28.604651162790695,1110.0,0.4036363636363636,1.6026058631921825,25.0,18,2.253181712827982,1.0216120449574553,False,False
EXTREME_OPEN,3,FIB_786,4.0,1.2,0.4,0.15,0.5,692,2.2038216560509554,28.075253256150507,279.0,0.4031791907514451,1.5613682092555332,21.0,15,2.6472501543962625,1.3705221308175533,False,False
LAST_OPPOSING,5,FIB_786,4.0,1.2,0.4,0.15,0.5,717,2.28343949044586,28.07262569832402,289.0,0.403068340306834,1.5611650485436894,26.0,17,2.6217292481631045,1.3449092501140376,False,False
EXTREME_OPEN,5,FIB_618,2.5,1.2,0.4,0.15,0.5,912,2.9044585987261144,40.10989010989011,367.5,0.4029605263157895,1.6743119266055047,14.0,14,1.9232363786688125,1.009603403353424,False,False
LAST_OPPOSING,3,CISD,2.5,2.0,0.0,0.05,0.25,628,2.0,41.03448275862069,253.0,0.4028662420382166,1.739766081871345,15.5,15,1.767720879086455,0.8482941127560094,False,False
LAST_OPPOSING,3,FIB_786,4.0,1.2,0.3,0.15,0.5,879,2.799363057324841,28.08219178082192,354.0,0.40273037542662116,1.561904761904762,32.0,23,2.633115866472529,1.3361878050523046,False,False
LAST_OPPOSING,3,FIB_786,4.0,1.2,0.4,0.15,0.5,678,2.159235668789809,28.064992614475624,273.0,0.4026548672566372,1.5605749486652978,23.0,17,2.632705951100076,1.3489240225249517,False,False
LAST_OPPOSING,3,FIB_786,2.5,2.0,0.3,0.0,0.25,267,0.8503184713375797,40.074906367041194,107.5,0.40262172284644193,1.671875,15.0,9,2.2101634264612415,1.1546786893857561,False,False
LAST_OPPOSING,3,FIB_786,2.5,2.0,0.3,0.0,0.5,267,0.8503184713375797,40.074906367041194,107.5,0.40262172284644193,1.671875,15.0,9,2.1552656630870977,1.1218885655549578,False,False
EXTREME_OPEN,3,FIB_786,4.0,2.0,0.0,0.05,0.25,385,1.2261146496815287,28.05194805194805,155.0,0.4025974025974026,1.55956678700361,24.0,24,2.62828210732633,1.375961073363049,False,False
EXTREME_OPEN,3,CISD,3.0,0.0,0.3,0.05,0.5,2736,8.713375796178344,35.477731252379144,1101.0,0.4024122807017544,1.6495575221238938,18.0,15,1.96742956165651,0.9471800693046588,False,False
EXTREME_OPEN,3,FIB_705,2.5,2.0,0.3,0.05,0.25,307,0.9777070063694268,40.06514657980456,123.5,0.4022801302931596,1.671195652173913,11.5,11,2.004166489108321,1.0761587229372547,False,False
LAST_OPPOSING,3,FIB_618,4.0,0.0,0.0,0.05,0.25,3177,10.117834394904458,28.122020972354623,1278.0,0.40226628895184136,1.5649867374005304,31.0,21,2.447644259419698,1.1701185619072472,False,False
EXTREME_OPEN,3,FIB_705,2.5,1.5,0.3,0.15,0.5,624,1.9872611464968153,40.06410256410257,251.0,0.40224358974358976,1.6711229946524064,16.0,16,1.9769183438091011,1.0797922149223376,False,False
EXTREME_OPEN,8,FIB_786,4.0,1.5,0.3,0.05,0.25,624,1.9872611464968153,28.044871794871796,251.0,0.40224358974358976,1.55902004454343,18.0,15,2.644230641120057,1.3966211881696557,False,False
EXTREME_OPEN,5,FIB_786,4.0,1.2,0.4,0.15,0.5,721,2.2961783439490446,28.055555555555557,290.0,0.40221914008321774,1.5598455598455598,19.0,15,2.641034334271297,1.3617003232205598,False,False
LAST_OPPOSING,5,FIB_618,2.5,1.5,0.4,0.05,0.25,587,1.8694267515923566,40.13722126929674,236.0,0.4020442930153322,1.67621776504298,15.0,15,1.9177732814178672,1.0046237255997892,False,False
LAST_OPPOSING,3,FIB_618,2.5,1.5,0.4,0.05,0.5,554,1.7643312101910829,40.10889292196007,222.5,0.4016245487364621,1.6742424242424243,15.0,15,1.9089888934045047,0.994051959977406,False,False
EXTREME_OPEN,8,CISD,4.0,0.0,0.3,0.0,0.25,2851,9.079617834394904,28.592870544090054,1145.0,0.4016134689582603,1.6016815554387809,22.0,19,2.2481457906828184,1.0175168716756136,False,False
LAST_OPPOSING,8,CISD,2.5,2.0,0.0,0.15,0.25,695,2.213375796178344,41.06583072100313,279.0,0.4014388489208633,1.7420212765957446,16.0,16,1.7589411439223257,0.8323868448716337,False,False
LAST_OPPOSING,8,CISD,3.0,1.5,0.4,0.15,0.5,750,2.388535031847134,35.89001447178003,301.0,0.4013333333333333,1.6794582392776525,14.0,11,1.9145107086774527,0.8967084624205282,False,False
EXTREME_OPEN,3,FIB_705,2.5,1.5,0.3,0.05,0.5,667,2.124203821656051,40.02998500749625,267.5,0.40104947526236884,1.66875,17.5,15,1.9937354900841229,1.082359770066898,False,False
EXTREME_OPEN,5,FIB_705,2.5,1.5,0.3,0.05,0.5,697,2.2197452229299364,40.0286944045911,279.5,0.40100430416068866,1.6686602870813396,17.5,15,1.990932384331978,1.0797986299619187,False,False
EXTREME_OPEN,8,FIB_786,4.0,2.0,0.4,0.0,0.25,207,0.6592356687898089,28.019323671497588,83.0,0.40096618357487923,1.5570469798657718,15.0,14,2.598116119852305,1.3641722891904662,False,False
EXTREME_OPEN,5,FIB_618,4.0,0.0,0.0,0.0,0.25,3737,11.901273885350319,28.092922744462452,1498.0,0.40085630184640086,1.5627347858752818,32.0,18,2.441795662950802,1.180016529032319,False,False
EXTREME_OPEN,3,FIB_705,2.5,1.5,0.0,0.15,0.5,842,2.6815286624203822,40.02375296912114,337.5,0.4008313539192399,1.6683168316831682,18.0,8,1.9823488065825972,1.0791273504608956,False,False
EXTREME_OPEN,8,FIB_618,3.0,0.0,0.3,0.05,0.5,2515,8.009554140127388,35.063897763578275,1008.0,0.40079522862823064,1.6199261992619927,23.0,15,2.127375742450291,1.0801022351236775,False,False
LAST_OPPOSING,8,FIB_705,2.5,1.5,0.4,0.0,0.5,528,1.6815286624203822,40.03795066413662,211.5,0.4005681818181818,1.6693037974683544,14.0,10,1.9709128845307842,1.0554698231033353,False,False
LAST_OPPOSING,3,FIB_618,2.5,1.5,0.4,0.0,0.5,557,1.7738853503184713,40.07220216606498,223.0,0.400359066427289,1.6716867469879517,15.0,15,1.9090201345020774,0.9945779108386135,False,False
EXTREME_OPEN,8,FIB_786,4.0,1.5,0.3,0.0,0.25,632,2.0127388535031847,28.00632911392405,253.0,0.40031645569620256,1.556043956043956,18.0,15,2.637749819248716,1.3974552343688391,False,False
EXTREME_OPEN,5,CISD,3.0,0.0,0.3,0.05,0.5,2826,9.0,35.437430786267996,1131.0,0.4002123142250531,1.646655231560892,16.0,16,1.9610435925625849,0.9445495578847876,False,False
EXTREME_OPEN,3,FIB_705,2.5,2.0,0.3,0.0,0.25,310,0.9872611464968153,40.0,124.0,0.4,1.6666666666666667,11.5,11,2.0001113116834897,1.0773895296070057,False,False
EXTREME_OPEN,3,FIB_786,2.5,2.0,0.3,0.15,0.5,255,0.8121019108280255,40.0,102.0,0.4,1.6666666666666667,22.0,22,2.174353342194951,1.1600088106939597,False,False
EXTREME_OPEN,3,FIB_786,2.5,2.0,0.4,0.15,0.5,185,0.589171974522293,40.0,74.0,0.4,1.6666666666666667,20.0,20,2.1985278362711242,1.1659061572547575,False,False
LAST_OPPOSING,5,FIB_786,2.5,2.0,0.4,0.15,0.25,195,0.6210191082802548,40.0,78.0,0.4,1.6666666666666667,8.5,7,2.233359978606767,1.1606564583374335,False,False
EXTREME_OPEN,5,FIB_786,3.0,2.0,0.3,0.05,0.5,280,0.89171974522293,35.0,112.0,0.4,1.6153846153846154,21.0,16,2.304308690119614,1.2330779986631255,False,False
EXTREME_OPEN,8,FIB_705,3.0,1.2,0.4,0.05,0.5,878,2.7961783439490446,35.00570125427594,351.0,0.39977220956719817,1.6157894736842104,15.0,13,2.1835663717122102,1.1374757306484613,False,False
LAST_OPPOSING,8,FIB_786,4.0,1.5,0.3,0.0,0.25,633,2.015923566878981,28.00632911392405,253.0,0.39968404423380727,1.556043956043956,20.0,15,2.603436123671744,1.3671707299799367,False,False
LAST_OPPOSING,5,FIB_618,2.5,1.5,0.4,0.15,0.25,563,1.7929936305732483,40.07155635062612,225.0,0.3996447602131439,1.671641791044776,17.5,13,1.9101696960340884,0.9965057112308737,False,False
EXTREME_OPEN,8,FIB_786,4.0,1.5,0.0,0.05,0.25,911,2.9012738853503186,27.991218441273325,364.0,0.3995609220636663,1.5548780487804879,22.0,14,2.628894018593644,1.4029622057956948,False,False
EXTREME_OPEN,3,FIB_618,4.0,0.0,0.0,0.15,0.5,2538,8.0828025477707,28.07646356033453,1014.0,0.39952718676122934,1.5614617940199336,19.0,19,2.431181328279962,1.1548097632579286,False,False
EXTREME_OPEN,8,FIB_705,3.0,1.2,0.4,0.15,0.25,821,2.6146496815286624,35.0,328.0,0.3995127892813642,1.6153846153846154,19.0,13,2.1983823801753055,1.1587033321725606,False,False
LAST_OPPOSING,8,FIB_786,4.0,1.5,0.3,0.05,0.25,626,1.9936305732484076,28.000000000000004,250.0,0.3993610223642173,1.5555555555555556,20.0,15,2.6080882771212273,1.3663960956176955,False,False
EXTREME_OPEN,5,FIB_786,3.0,2.0,0.3,0.0,0.5,283,0.9012738853503185,34.98233215547703,113.0,0.3992932862190813,1.6141304347826086,21.0,16,2.304268191324595,1.2330735552956391,False,False
EXTREME_OPEN,5,FIB_786,4.0,1.5,0.0,0.05,0.25,897,2.856687898089172,27.982162764771463,358.0,0.399108138238573,1.5541795665634675,21.0,14,2.637341473982382,1.4050342745947115,False,False
LAST_OPPOSING,3,FIB_618,2.5,1.5,0.4,0.15,0.5,530,1.6878980891719746,40.03795066413662,211.5,0.39905660377358493,1.6693037974683544,15.5,13,1.902736517023636,0.9860148686814966,False,False
LAST_OPPOSING,8,CISD,2.5,1.5,0.4,0.0,0.5,785,2.5,40.70556309362279,313.0,0.39872611464968155,1.7162471395881007,11.0,11,1.7562872196942623,0.865137128002062,False,False
EXTREME_OPEN,5,FIB_786,4.0,1.2,0.3,0.15,0.5,938,2.9872611464968153,27.99145299145299,374.0,0.39872068230277186,1.5548961424332344,26.0,15,2.6450093797922594,1.3606416952519331,False,False
LAST_OPPOSING,8,FIB_618,4.0,0.0,0.0,0.0,0.25,3672,11.694267515923567,28.063894244009912,1464.0,0.39869281045751637,1.560490045941807,33.0,17,2.4304842507766895,1.1761417705365989,False,False
LAST_OPPOSING,5,FIB_618,2.5,1.5,0.4,0.0,0.25,591,1.8821656050955413,40.03407155025553,235.5,0.39847715736040606,1.6690340909090908,15.0,15,1.9185834975296014,1.0066996265716999,False,False
EXTREME_OPEN,5,FIB_705,2.5,1.5,0.3,0.0,0.5,706,2.248407643312102,39.94334277620396,281.0,0.3980169971671388,1.6627358490566038,17.5,15,1.986652192202916,1.0808660063417586,False,False
EXTREME_OPEN,3,FIB_705,2.5,1.5,0.3,0.0,0.5,676,2.1528662420382165,39.94082840236686,269.0,0.3979289940828402,1.6625615763546797,17.5,15,1.9892280291449402,1.0834404172018421,False,False
LAST_OPPOSING,8,FIB_705,2.5,1.5,0.4,0.05,0.5,524,1.6687898089171975,39.961759082217974,208.5,0.3979007633587786,1.664012738853503,14.0,10,1.9695176050967667,1.0554739688376689,False,False
EXTREME_OPEN,8,FIB_786,4.0,2.0,0.0,0.15,0.25,372,1.1847133757961783,27.956989247311824,148.0,0.3978494623655914,1.5522388059701493,21.0,16,2.5848168744692983,1.3667975854689105,False,False
EXTREME_OPEN,5,FIB_705,2.5,2.0,0.3,0.05,0.25,323,1.0286624203821657,39.93808049535604,128.5,0.3978328173374613,1.6623711340206186,11.5,11,1.9934739777388641,1.0841779957845412,False,False
LAST_OPPOSING,8,CISD,2.5,1.5,0.4,0.05,0.5,778,2.477707006369427,40.68493150684932,309.5,0.39781491002570696,1.7147806004618937,11.0,11,1.755465043184827,0.8641958775781086,False,False
EXTREME_OPEN,8,FIB_705,3.0,1.2,0.4,0.0,0.5,888,2.828025477707006,34.94926719278467,353.0,0.3975225225225225,1.6117850953206239,17.0,14,2.183393310893108,1.1380545312099781,False,False
LAST_OPPOSING,8,CISD,3.0,2.0,0.0,0.15,0.5,692,2.2038216560509554,36.07085346215781,275.0,0.39739884393063585,1.6926952141057934,16.0,16,1.8895917808342437,0.8686284879545396,False,False
EXTREME_OPEN,5,FIB_786,2.5,2.0,0.3,0.15,0.5,268,0.8535031847133758,39.92537313432835,106.5,0.39738805970149255,1.6614906832298137,19.5,14,2.1635780560781313,1.1704544827058896,False,False
LAST_OPPOSING,3,CISD,2.5,2.0,0.0,0.05,0.5,628,2.0,40.86206896551724,249.5,0.39729299363057324,1.727405247813411,15.5,15,1.7537637071574004,0.8461953877749709,False,False
EXTREME_OPEN,8,FIB_705,2.5,1.5,0.4,0.15,0.5,496,1.5796178343949046,39.91935483870967,197.0,0.3971774193548387,1.6610738255033557,14.5,12,1.9790041273253214,1.0766540448103405,False,False
LAST_OPPOSING,3,CISD,2.5,2.0,0.0,0.0,0.25,637,2.0286624203821657,40.88586030664395,253.0,0.39717425431711145,1.7291066282420748,15.5,15,1.7635810647113415,0.8493598776369958,False,False
LAST_OPPOSING,5,FIB_786,4.0,1.5,0.0,0.05,0.25,899,2.8630573248407645,27.95100222717149,357.0,0.3971078976640712,1.5517774343122102,21.0,14,2.601714138934835,1.3741949505077524,False,False
EXTREME_OPEN,8,FIB_705,2.5,2.0,0.4,0.0,0.5,238,0.7579617834394905,39.91596638655462,94.5,0.39705882352941174,1.6608391608391608,9.0,9,1.9833280173640275,1.0758071950633348,False,False
EXTREME_OPEN,3,FIB_705,2.5,2.0,0.0,0.0,0.5,436,1.3885350318471337,39.908256880733944,173.0,0.3967889908256881,1.6603053435114503,11.0,11,2.0177635078097165,1.0699119755617656,False,False
LAST_OPPOSING,5,FIB_618,3.0,1.2,0.4,0.15,0.25,915,2.9140127388535033,34.98349834983499,363.0,0.39672131147540984,1.614213197969543,18.0,14,2.0909647655546024,1.0716537020286077,False,False
EXTREME_OPEN,8,FIB_786,2.5,2.0,0.4,0.15,0.5,198,0.6305732484076433,39.8989898989899,78.5,0.39646464646464646,1.6596638655462186,18.5,13,2.178914167105472,1.165981192056747,False,False
LAST_OPPOSING,8,CISD,2.5,2.0,0.0,0.15,0.5,695,2.213375796178344,40.909090909090914,275.5,0.3964028776978417,1.7307692307692308,16.0,16,1.7464775237985148,0.8303110215679792,False,False
EXTREME_OPEN,8,FIB_786,4.0,1.5,0.0,0.0,0.25,931,2.964968152866242,27.926960257787325,369.0,0.3963480128893663,1.5499254843517138,23.0,15,2.6189574250416117,1.4040680338452924,False,False
LAST_OPPOSING,5,FIB_786,3.0,2.0,0.0,0.05,0.5,424,1.3503184713375795,34.90566037735849,168.0,0.39622641509433965,1.608695652173913,20.0,20,2.217436723675638,1.1858668907290781,False,False
LAST_OPPOSING,3,FIB_705,2.5,1.5,0.0,0.15,0.5,833,2.6528662420382165,39.90384615384615,330.0,0.39615846338535415,1.66,13.5,9,1.9678205614368784,1.0642816528468586,False,False
LAST_OPPOSING,5,FIB_618,2.5,1.5,0.4,0.05,0.5,587,1.8694267515923566,39.96569468267582,232.5,0.39608177172061326,1.6642857142857144,15.0,15,1.8953214308961945,0.9935497653801806,False,False
LAST_OPPOSING,3,FIB_786,3.0,2.0,0.3,0.15,0.5,255,0.8121019108280255,34.90196078431372,101.0,0.396078431372549,1.608433734939759,18.0,14,2.279536887534494,1.1891213366662763,False,False
LAST_OPPOSING,3,FIB_618,3.0,1.2,0.4,0.15,0.5,866,2.7579617834394905,34.959349593495936,343.0,0.3960739030023095,1.6125,17.0,13,2.081194104164931,1.054990599820835,False,False
LAST_OPPOSING,8,FIB_786,4.0,1.2,0.4,0.05,0.5,778,2.477707006369427,27.927927927927925,308.0,0.39588688946015427,1.55,25.0,17,2.62079148254379,1.3452518646042428,False,False
EXTREME_OPEN,5,FIB_786,4.0,1.5,0.0,0.0,0.25,917,2.9203821656050954,27.917121046892042,363.0,0.39585605234460197,1.5491679273827534,22.0,14,2.6270689355911974,1.4061117931750768,False,False
EXTREME_OPEN,5,FIB_786,4.0,2.0,0.3,0.0,0.25,283,0.9012738853503185,27.915194346289752,112.0,0.3957597173144876,1.5490196078431373,19.0,16,2.59417388310017,1.3693857414702888,False,False
EXTREME_OPEN,5,FIB_705,2.5,2.0,0.3,0.0,0.25,326,1.0382165605095541,39.87730061349693,129.0,0.39570552147239263,1.6581632653061225,11.5,11,1.989716224770798,1.0852745977755875,False,False
EXTREME_OPEN,3,FIB_618,3.0,1.2,0.4,0.15,0.5,877,2.7929936305732483,34.936998854524624,347.0,0.3956670467502851,1.6109154929577465,16.0,14,2.085998315088304,1.065110434704461,False,False
LAST_OPPOSING,8,CISD,2.5,1.5,0.4,0.15,0.5,756,2.4076433121019107,40.62059238363893,299.0,0.3955026455026455,1.7102137767220902,12.5,11,1.75175322593287,0.857971279474734,False,False
LAST_OPPOSING,8,FIB_618,4.0,0.0,0.0,0.15,0.5,2694,8.579617834394904,28.007518796992482,1065.0,0.39532293986636974,1.556135770234987,22.0,19,2.412018298154067,1.1464856231315759,False,False
LAST_OPPOSING,3,FIB_618,3.0,1.5,0.4,0.05,0.25,554,1.7643312101910829,34.97267759562842,219.0,0.3953068592057762,1.6134453781512605,20.0,15,2.090023175559768,1.0607669057022997,False,False
EXTREME_OPEN,8,CISD,3.0,0.0,0.3,0.05,0.5,2851,9.079617834394904,35.3242946134115,1127.0,0.3952998947737636,1.638526912181303,16.0,16,1.9588716058393936,0.9447944227240729,False,False
LAST_OPPOSING,3,FIB_705,3.0,1.2,0.4,0.05,0.5,815,2.5955414012738856,34.88943488943489,322.0,0.3950920245398773,1.6075471698113208,19.0,17,2.1717766838381203,1.1354863059745182,False,False
EXTREME_OPEN,8,FIB_618,4.0,0.0,0.0,0.15,0.5,2683,8.544585987261147,27.984934086629004,1060.0,0.3950801341781588,1.5543933054393306,21.0,20,2.421886365085365,1.151168413509478,False,False
LAST_OPPOSING,3,FIB_618,3.0,1.5,0.4,0.0,0.25,557,1.7738853503184713,34.96376811594203,220.0,0.39497307001795334,1.6128133704735377,20.0,15,2.090039697858702,1.0610683546206765,False,False
LAST_OPPOSING,5,FIB_618,4.0,0.0,0.0,0.0,0.5,3592,11.439490445859873,27.984234234234233,1418.0,0.39476614699331847,1.5543393275996873,40.0,17,2.416680321170374,1.1578511622138905,False,False
LAST_OPPOSING,3,FIB_786,2.5,2.0,0.3,0.05,0.25,266,0.8471337579617835,39.849624060150376,105.0,0.39473684210526316,1.65625,15.0,9,2.204989196453489,1.1588855372241924,False,False
LAST_OPPOSING,3,FIB_786,2.5,2.0,0.3,0.05,0.5,266,0.8471337579617835,39.849624060150376,105.0,0.39473684210526316,1.65625,15.0,9,2.1501948932134045,1.1259752227156017,False,False
EXTREME_OPEN,5,FIB_618,3.0,1.2,0.4,0.15,0.25,912,2.9044585987261144,34.91189427312775,360.0,0.39473684210526316,1.6091370558375635,14.0,14,2.105167860720173,1.076757774568364,False,False
LAST_OPPOSING,5,CISD,3.0,2.0,0.0,0.05,0.25,707,2.251592356687898,36.018957345971565,279.0,0.39462517680339465,1.6888888888888889,18.0,15,1.9000767795347957,0.8775259032729439,False,False
EXTREME_OPEN,3,CISD,4.0,0.0,0.3,0.05,0.25,2628,8.369426751592357,28.42062525375558,1037.0,0.3945966514459665,1.5882019285309132,30.0,18,2.2532166964319265,1.0149355282192638,False,False
EXTREME_OPEN,5,FIB_705,2.5,1.5,0.0,0.15,0.5,886,2.821656050955414,39.841986455981946,349.5,0.39446952595936796,1.6557223264540337,16.5,9,1.9764148007215459,1.0789453641712532,False,False
LAST_OPPOSING,5,FIB_786,4.0,1.2,0.3,0.15,0.5,938,2.9872611464968153,27.9144385026738,370.0,0.39445628997867804,1.5489614243323442,37.0,24,2.613266204044485,1.339557781434762,False,False
LAST_OPPOSING,8,FIB_786,4.0,1.2,0.4,0.0,0.5,786,2.5031847133757963,27.898089171974522,310.0,0.3944020356234097,1.547703180212014,25.0,17,2.6162527964259485,1.346535293086779,False,False
EXTREME_OPEN,8,FIB_786,4.0,2.0,0.0,0.0,0.25,416,1.3248407643312101,27.884615384615387,164.0,0.3942307692307692,1.5466666666666666,21.0,20,2.6079030235981557,1.3791501777358848,False,False
LAST_OPPOSING,5,FIB_786,4.0,1.5,0.4,0.0,0.5,449,1.429936305732484,27.901785714285715,177.0,0.39420935412026725,1.5479876160990713,22.0,18,2.5702186187060616,1.321314672852797,False,False
EXTREME_OPEN,3,FIB_705,2.5,1.5,0.4,0.15,0.5,472,1.5031847133757963,39.83050847457627,186.0,0.3940677966101695,1.6549295774647887,13.0,12,1.978714400482311,1.084385931133292,False,False
EXTREME_OPEN,8,FIB_705,2.5,2.0,0.0,0.05,0.25,462,1.4713375796178343,39.82683982683983,182.0,0.3939393939393939,1.6546762589928057,9.5,7,2.0050284794750257,1.0796669277179527,False,False
LAST_OPPOSING,5,FIB_786,4.0,1.5,0.0,0.0,0.25,919,2.926751592356688,27.886710239651418,362.0,0.3939064200217628,1.5468277945619335,22.0,14,2.5938473588367534,1.3777365596702669,False,False
EXTREME_OPEN,5,FIB_705,2.5,2.0,0.0,0.0,0.5,457,1.4554140127388535,39.82494529540481,180.0,0.3938730853391685,1.6545454545454545,9.5,8,2.00557403258521,1.071513019900876,False,False
EXTREME_OPEN,8,FIB_786,3.0,2.0,0.3,0.05,0.25,287,0.9140127388535032,34.84320557491289,113.0,0.39372822299651566,1.6042780748663101,22.0,17,2.327823254619158,1.2600595629720557,False,False
EXTREME_OPEN,5,CISD,4.0,0.0,0.3,0.05,0.25,2708,8.624203821656051,28.413575374901338,1066.0,0.39364844903988183,1.587651598676957,21.0,19,2.24862921622671,1.012325016627366,False,False
LAST_OPPOSING,3,FIB_705,2.5,1.5,0.3,0.15,0.5,611,1.9458598726114649,39.83606557377049,240.5,0.39361702127659576,1.6553133514986376,14.5,11,1.9515834103484433,1.0571149086929437,False,False
EXTREME_OPEN,8,FIB_618,4.0,0.0,0.0,0.0,0.25,3778,12.031847133757962,27.945498263425062,1487.0,0.39359449444150346,1.5513533555802743,33.0,18,2.4360394729063386,1.180507420254669,False,False
LAST_OPPOSING,5,FIB_618,3.0,1.5,0.4,0.05,0.25,587,1.8694267515923566,34.93975903614458,231.0,0.393526405451448,1.6111111111111112,21.0,15,2.0769974250478866,1.0593355518382537,False,False
LAST_OPPOSING,5,FIB_618,2.5,1.5,0.4,0.15,0.5,563,1.7929936305732483,39.89266547406082,221.5,0.39342806394316165,1.6592261904761905,17.5,13,1.8888529076598541,0.9859623567528888,False,False
LAST_OPPOSING,5,FIB_618,4.0,0.0,0.3,0.0,0.25,2522,8.031847133757962,27.958283192940232,992.0,0.39333862014274384,1.552338530066815,28.0,19,2.441858862704989,1.177617256695953,False,False
LAST_OPPOSING,3,FIB_786,3.0,2.0,0.3,0.0,0.5,267,0.8503184713375797,34.831460674157306,105.0,0.39325842696629215,1.603448275862069,18.0,16,2.274760150596449,1.1887664081615377,False,False
EXTREME_OPEN,8,FIB_786,3.0,2.0,0.3,0.0,0.25,290,0.9235668789808917,34.82758620689655,114.0,0.3931034482758621,1.6031746031746033,22.0,17,2.3282343828200407,1.2602403261521185,False,False
LAST_OPPOSING,8,FIB_618,2.5,1.2,0.4,0.15,0.5,935,2.977707006369427,39.849624060150376,367.5,0.393048128342246,1.65625,14.0,14,1.8986289924557798,1.0044160741414399,False,False
EXTREME_OPEN,5,FIB_786,2.5,2.0,0.4,0.05,0.5,201,0.6401273885350318,39.800995024875625,79.0,0.39303482587064675,1.6528925619834711,16.0,13,2.1798069051212994,1.163518005978517,False,False
LAST_OPPOSING,5,FIB_786,2.5,2.0,0.4,0.0,0.25,201,0.6401273885350318,39.800995024875625,79.0,0.39303482587064675,1.6528925619834711,8.5,8,2.2271583487976607,1.1632493710769425,False,False
LAST_OPPOSING,5,FIB_786,2.5,2.0,0.4,0.05,0.25,201,0.6401273885350318,39.800995024875625,79.0,0.39303482587064675,1.6528925619834711,8.5,8,2.2271583487976607,1.1632493710769425,False,False
LAST_OPPOSING,3,FIB_705,2.5,1.5,0.3,0.0,0.5,654,2.082802547770701,39.81623277182236,257.0,0.3929663608562691,1.6539440203562341,15.0,15,1.9669423551003091,1.0597228152569815,False,False
LAST_OPPOSING,3,FIB_705,3.0,1.2,0.4,0.0,0.5,822,2.6178343949044587,34.835566382460414,323.0,0.3929440389294404,1.6037383177570093,19.0,17,2.1731790067991352,1.1358306211340063,False,False
LAST_OPPOSING,3,FIB_705,2.5,1.5,0.3,0.05,0.5,649,2.06687898089172,39.81481481481482,255.0,0.3929121725731895,1.6538461538461537,15.0,15,1.9682890047576875,1.0600488441132925,False,False
EXTREME_OPEN,5,FIB_786,4.0,2.0,0.3,0.05,0.25,280,0.89171974522293,27.857142857142858,110.0,0.39285714285714285,1.5445544554455446,19.0,16,2.5948377867104724,1.370369874374848,False,False
LAST_OPPOSING,8,FIB_705,2.5,2.0,0.4,0.0,0.5,242,0.7707006369426752,39.83402489626556,95.0,0.3925619834710744,1.6551724137931034,10.0,10,1.974698443076685,1.0330147691669394,False,False
LAST_OPPOSING,8,FIB_705,2.5,2.0,0.4,0.05,0.5,242,0.7707006369426752,39.83402489626556,95.0,0.3925619834710744,1.6551724137931034,10.0,10,1.974698443076685,1.0330147691669394,False,False
LAST_OPPOSING,5,FIB_618,2.5,1.5,0.4,0.0,0.5,591,1.8821656050955413,39.86371379897785,232.0,0.3925549915397631,1.6572237960339944,15.0,15,1.896230483527715,0.9955248108013057,False,False
LAST_OPPOSING,8,FIB_618,4.0,0.0,0.0,0.05,0.25,3412,10.86624203821656,27.9324644549763,1339.0,0.39243845252051585,1.5503493629264282,26.0,22,2.42820920834505,1.1689868991198962,False,False
LAST_OPPOSING,5,FIB_705,3.0,1.2,0.4,0.0,0.5,869,2.767515923566879,34.832756632064594,341.0,0.3924050632911392,1.6035398230088496,18.0,17,2.164364500587984,1.1309476227108266,False,False
LAST_OPPOSING,5,FIB_786,4.0,1.5,0.4,0.05,0.5,446,1.4203821656050954,27.86516853932584,175.0,0.3923766816143498,1.5451713395638629,22.0,18,2.5719272641106277,1.3197878205898375,False,False
EXTREME_OPEN,8,FIB_618,2.5,1.2,0.4,0.15,0.5,924,2.9426751592356686,39.804772234273315,362.5,0.39231601731601734,1.6531531531531531,14.0,14,1.913558038914842,1.0120659127182734,False,False
EXTREME_OPEN,3,FIB_618,4.0,0.0,0.0,0.0,0.25,3625,11.544585987261147,27.915391038129695,1422.0,0.39227586206896553,1.5490347490347491,30.0,18,2.4377666338047486,1.184171383771399,False,False
LAST_OPPOSING,3,FIB_786,2.5,2.0,0.4,0.15,0.25,181,0.5764331210191083,39.77900552486188,71.0,0.39226519337016574,1.651376146788991,11.0,7,2.256376535772168,1.16300021960559,False,False
EXTREME_OPEN,5,FIB_705,3.0,1.5,0.4,0.05,0.25,515,1.6401273885350318,34.824902723735406,202.0,0.39223300970873787,1.6029850746268657,23.0,11,2.1803407292558727,1.149070269696513,False,False
EXTREME_OPEN,5,FIB_618,2.5,1.5,0.3,0.15,0.25,739,2.3535031847133756,39.809782608695656,289.5,0.39174560216508797,1.6534988713318284,18.0,12,1.9165783322142653,1.0101798269484359,False,False
LAST_OPPOSING,3,CISD,2.5,2.0,0.0,0.0,0.5,637,2.0286624203821657,40.71550255536627,249.5,0.391679748822606,1.7169540229885059,15.5,15,1.7496955142345694,0.8472008099274588,False,False
LAST_OPPOSING,5,FIB_618,4.0,0.0,0.0,0.05,0.5,3345,10.652866242038217,27.915407854984892,1310.0,0.39162929745889385,1.5490360435875943,33.0,21,2.41490067464991,1.1537786835775672,False,False
EXTREME_OPEN,5,FIB_705,3.0,1.5,0.4,0.0,0.25,521,1.6592356687898089,34.80769230769231,204.0,0.3915547024952015,1.6017699115044248,24.0,11,2.1777743443270094,1.1496961946162534,False,False
LAST_OPPOSING,5,FIB_705,3.0,1.2,0.4,0.05,0.5,861,2.7420382165605095,34.807916181606515,337.0,0.3914053426248548,1.6017857142857144,18.0,17,2.1616111090347037,1.1309153366086409,False,False
LAST_OPPOSING,8,FIB_705,3.0,1.2,0.4,0.0,0.25,887,2.8248407643312103,34.80225988700565,347.0,0.39120631341600903,1.6013864818024264,19.0,17,2.183595870447464,1.1561439190669234,False,False
EXTREME_OPEN,5,FIB_618,4.0,0.0,0.0,0.05,0.25,3459,11.01592356687898,27.887981330221706,1352.0,0.3908644116796762,1.5469255663430421,28.0,21,2.4357203213394785,1.1737643622729343,False,False
LAST_OPPOSING,5,FIB_618,3.0,1.5,0.4,0.0,0.25,591,1.8821656050955413,34.87179487179487,231.0,0.39086294416243655,1.6062992125984252,21.0,15,2.07764394347405,1.0610411528017818,False,False
LAST_OPPOSING,3,CISD,3.0,2.0,0.0,0.0,0.25,635,2.022292993630573,35.91549295774648,248.0,0.3905511811023622,1.6813186813186813,16.0,15,1.9097927226300575,0.8827518233384352,False,False
EXTREME_OPEN,8,CISD,4.0,0.0,0.3,0.05,0.25,2730,8.694267515923567,28.364064338956453,1066.0,0.3904761904761905,1.583789704271632,20.0,19,2.246430787189033,1.0112985753666626,False,False
LAST_OPPOSING,3,FIB_786,4.0,2.0,0.4,0.0,0.25,187,0.5955414012738853,27.807486631016044,73.0,0.39037433155080214,1.5407407407407407,18.0,18,2.6153347441785137,1.3155298118222511,False,False
LAST_OPPOSING,3,FIB_786,4.0,2.0,0.4,0.05,0.25,187,0.5955414012738853,27.807486631016044,73.0,0.39037433155080214,1.5407407407407407,18.0,18,2.6153347441785137,1.3155298118222511,False,False
LAST_OPPOSING,8,FIB_705,3.0,1.2,0.4,0.05,0.25,879,2.799363057324841,34.77765108323831,343.0,0.3902161547212742,1.5996503496503496,19.0,17,2.1806327248892594,1.1559538317041387,False,False
EXTREME_OPEN,8,FIB_786,4.0,1.2,0.4,0.15,0.5,731,2.328025477707006,27.808219178082194,285.0,0.3898768809849521,1.540796963946869,20.0,15,2.6298894522891025,1.3630335815933978,False,False
LAST_OPPOSING,8,FIB_786,2.5,2.0,0.4,0.15,0.5,199,0.6337579617834395,39.698492462311556,77.5,0.38944723618090454,1.6458333333333333,9.5,7,2.154999283520096,1.1356515434367391,False,False
LAST_OPPOSING,8,FIB_705,2.5,2.0,0.4,0.15,0.5,235,0.7484076433121019,39.743589743589745,91.5,0.3893617021276596,1.648936170212766,9.0,9,1.980315900090058,1.0332794682414457,False,False
LAST_OPPOSING,5,FIB_705,2.5,1.5,0.0,0.15,0.5,926,2.949044585987261,39.71861471861472,360.5,0.38930885529157666,1.64721723518851,14.0,9,1.9504963921522125,1.059606647505674,False,False
EXTREME_OPEN,5,FIB_786,2.5,2.0,0.4,0.15,0.25,194,0.6178343949044586,39.69072164948454,75.5,0.38917525773195877,1.6452991452991452,17.5,12,2.2462838063927513,1.192593165285253,False,False
EXTREME_OPEN,8,FIB_705,2.5,1.5,0.0,0.15,0.5,902,2.872611464968153,39.689578713968956,351.0,0.38913525498891355,1.6452205882352942,16.5,10,1.9687652731052179,1.0804574302797179,False,False
LAST_OPPOSING,5,CISD,4.0,1.5,0.4,0.0,0.25,754,2.4012738853503186,28.720238095238095,293.0,0.3885941644562334,1.6116910229645094,17.0,15,2.2073850747155173,0.9779229855046893,False,False
LAST_OPPOSING,3,FIB_618,4.0,0.0,0.0,0.0,0.5,3405,10.843949044585987,27.846975088967973,1323.0,0.38854625550660793,1.5437731196054254,33.0,17,2.4220753660784053,1.1621668942426766,False,False
LAST_OPPOSING,3,CISD,4.0,1.5,0.4,0.0,0.25,711,2.2643312101910826,28.706624605678233,276.0,0.3881856540084388,1.6106194690265487,21.0,15,2.2280141052816367,0.981087043034205,False,False
LAST_OPPOSING,8,FIB_786,3.0,2.0,0.0,0.05,0.5,438,1.394904458598726,34.70319634703196,170.0,0.3881278538812785,1.5944055944055944,21.0,21,2.203323494721027,1.1874110423214868,False,False
LAST_OPPOSING,5,CISD,2.5,2.0,0.0,0.05,0.25,710,2.261146496815287,40.644171779141104,275.5,0.3880281690140845,1.7118863049095607,15.5,15,1.7532842771930877,0.8432236784060899,False,False
LAST_OPPOSING,8,FIB_786,4.0,1.5,0.0,0.05,0.25,923,2.9394904458598727,27.765726681127983,358.0,0.38786565547128926,1.5375375375375375,22.0,15,2.5826837819577793,1.373592709632952,False,False
LAST_OPPOSING,5,FIB_786,2.5,2.0,0.3,0.15,0.25,280,0.89171974522293,39.64285714285714,108.5,0.3875,1.6420118343195267,11.5,7,2.175771729053828,1.1694544811062197,False,False
LAST_OPPOSING,5,FIB_786,2.5,2.0,0.3,0.15,0.5,280,0.89171974522293,39.64285714285714,108.5,0.3875,1.6420118343195267,11.5,7,2.1249542215714348,1.1358983400212457,False,False
EXTREME_OPEN,5,FIB_786,4.0,2.0,0.0,0.05,0.25,400,1.2738853503184713,27.750000000000004,155.0,0.3875,1.5363321799307958,20.0,19,2.6164597310466293,1.3844713196164793,False,False
EXTREME_OPEN,8,FIB_705,2.5,1.5,0.3,0.15,0.5,661,2.105095541401274,39.636913767019664,256.0,0.38729198184568836,1.6416040100250626,16.0,16,1.9661496499386488,1.082452293227118,False,False
LAST_OPPOSING,8,FIB_618,4.0,0.0,0.3,0.0,0.25,2552,8.127388535031848,27.835051546391753,988.0,0.3871473354231975,1.542857142857143,29.0,19,2.4340967925323014,1.178510094048458,False,False
LAST_OPPOSING,3,FIB_705,3.0,1.2,0.4,0.15,0.25,762,2.426751592356688,34.69119579500657,295.0,0.38713910761154857,1.5935613682092555,22.0,17,2.1793552126008913,1.161141567641529,False,False
LAST_OPPOSING,5,CISD,3.0,2.0,0.0,0.0,0.25,717,2.28343949044586,35.83724569640063,277.0,0.38633193863319387,1.675609756097561,18.0,15,1.8974934067514184,0.8769874241423496,False,False
EXTREME_OPEN,3,FIB_786,2.5,2.0,0.3,0.15,0.25,255,0.8121019108280255,39.6078431372549,98.5,0.3862745098039216,1.6396103896103895,22.0,22,2.2217122695171883,1.1905664923793415,False,False
LAST_OPPOSING,5,CISD,2.5,2.0,0.0,0.0,0.25,720,2.2929936305732483,40.60606060606061,278.0,0.3861111111111111,1.7091836734693877,15.5,15,1.7511018591557987,0.8431638627283571,False,False
LAST_OPPOSING,5,FIB_786,3.0,2.0,0.3,0.15,0.25,280,0.89171974522293,34.64285714285714,108.0,0.38571428571428573,1.5901639344262295,14.0,13,2.301673793541911,1.227941639319235,False,False
EXTREME_OPEN,3,FIB_705,2.5,2.0,0.3,0.15,0.5,293,0.9331210191082803,39.59044368600683,113.0,0.3856655290102389,1.6384180790960452,10.5,10,1.9877863739697066,1.0713599010181234,False,False
EXTREME_OPEN,3,FIB_786,2.5,2.0,0.4,0.05,0.5,192,0.6114649681528662,39.58333333333333,74.0,0.3854166666666667,1.6379310344827587,18.5,18,2.1840438420140766,1.1674672606140326,False,False
LAST_OPPOSING,5,FIB_705,3.0,1.2,0.4,0.15,0.25,807,2.570063694267516,34.6583850931677,311.0,0.3853779429987608,1.591254752851711,21.0,17,2.1713423542898433,1.1565397491833058,False,False
EXTREME_OPEN,3,FIB_618,4.0,0.0,0.0,0.05,0.25,3345,10.652866242038217,27.774427020506636,1289.0,0.3853512705530643,1.5382045929018788,27.0,21,2.436404368398436,1.1773250421645594,False,False
EXTREME_OPEN,8,FIB_618,3.0,1.2,0.4,0.15,0.25,924,2.9426751592356686,34.67391304347826,356.0,0.3852813852813853,1.5923460898502495,14.0,14,2.0945345318886694,1.078219917516616,False,False
LAST_OPPOSING,8,FIB_705,2.5,1.5,0.4,0.15,0.5,501,1.5955414012738853,39.6,193.0,0.3852295409181637,1.6390728476821192,15.5,11,1.9510376749164875,1.0532689648803153,False,False
EXTREME_OPEN,8,FIB_705,2.5,1.5,0.3,0.05,0.5,705,2.245222929936306,39.57446808510638,271.5,0.3851063829787234,1.6373239436619718,17.5,15,1.9807322896952835,1.085255914665666,False,False
EXTREME_OPEN,3,FIB_705,4.0,1.2,0.4,0.05,0.25,831,2.6464968152866244,27.710843373493976,320.0,0.3850782190132371,1.5333333333333334,24.0,17,2.510263155097254,1.2650747179932011,False,False
EXTREME_OPEN,8,FIB_618,4.0,0.0,0.0,0.05,0.25,3498,11.140127388535031,27.768166089965398,1347.0,0.3850771869639794,1.5377245508982036,29.0,18,2.4318369871668346,1.1738056496968086,False,False
EXTREME_OPEN,8,FIB_705,2.5,2.0,0.0,0.15,0.5,422,1.3439490445859872,39.57345971563981,162.5,0.38507109004739337,1.6372549019607843,10.5,7,1.9803572408951062,1.0725763035552924,False,False
LAST_OPPOSING,3,FIB_786,2.5,2.0,0.4,0.0,0.25,187,0.5955414012738853,39.57219251336899,72.0,0.3850267379679144,1.6371681415929205,11.0,7,2.2489721136618854,1.1657120532581693,False,False
LAST_OPPOSING,3,FIB_786,2.5,2.0,0.4,0.05,0.25,187,0.5955414012738853,39.57219251336899,72.0,0.3850267379679144,1.6371681415929205,11.0,7,2.2489721136618854,1.1657120532581693,False,False
LAST_OPPOSING,3,CISD,3.0,2.0,0.0,0.05,0.5,626,1.9936305732484076,35.701598579040855,241.0,0.38498402555910544,1.6657458563535912,16.0,15,1.9047402477998572,0.8818762652040717,False,False
LAST_OPPOSING,3,FIB_618,4.0,0.0,0.0,0.05,0.5,3163,10.073248407643312,27.768911586338973,1217.0,0.38476130256085994,1.5377817057003977,27.0,21,2.420700923291209,1.1582131252541183,False,False
EXTREME_OPEN,5,FIB_618,4.0,0.0,0.0,0.0,0.5,3709,11.812101910828025,27.762656505171474,1426.0,0.3844702076031275,1.5373021853805577,28.0,18,2.4148000122841005,1.165345037164957,False,False
EXTREME_OPEN,5,FIB_786,2.5,2.0,0.3,0.15,0.25,268,0.8535031847133758,39.55223880597015,103.0,0.3843283582089552,1.6358024691358024,19.5,14,2.212156600115974,1.2023898405396014,False,False
EXTREME_OPEN,3,FIB_705,3.0,1.2,0.4,0.15,0.5,778,2.477707006369427,34.62033462033462,299.0,0.38431876606683807,1.5885826771653544,19.0,13,2.1768603131747284,1.1480279021630797,False,False
LAST_OPPOSING,5,FIB_786,3.0,2.0,0.0,0.15,0.5,393,1.2515923566878981,34.605597964376585,151.0,0.3842239185750636,1.5875486381322956,16.0,16,2.214173047138424,1.190160460820654,False,False
EXTREME_OPEN,5,FIB_618,2.5,1.5,0.4,0.05,0.25,583,1.856687898089172,39.586919104991395,224.0,0.38421955403087477,1.6381766381766383,16.5,12,1.9169311622141072,1.024443726890855,False,False
EXTREME_OPEN,3,FIB_618,4.0,0.0,0.3,0.0,0.25,2517,8.01592356687898,27.757721620537506,967.0,0.3841875248311482,1.5369239311493614,28.0,21,2.446267647705648,1.1848754866176867,False,False
EXTREME_OPEN,5,FIB_705,3.0,1.2,0.4,0.15,0.5,810,2.5796178343949046,34.610630407911,311.0,0.38395061728395063,1.5879017013232515,19.0,13,2.169178248708627,1.1423764293169918,False,False
EXTREME_OPEN,3,FIB_705,2.5,2.0,0.0,0.05,0.5,430,1.3694267515923566,39.53488372093023,165.0,0.38372093023255816,1.6346153846153846,11.0,11,2.011711356301044,1.07477792579244,False,False
LAST_OPPOSING,5,FIB_786,3.0,2.0,0.3,0.0,0.25,292,0.9299363057324841,34.58904109589041,112.0,0.3835616438356164,1.5863874345549738,15.0,15,2.2976431692950023,1.227450568033586,False,False
LAST_OPPOSING,3,FIB_786,3.0,2.0,0.3,0.05,0.5,266,0.8471337579617835,34.58646616541353,102.0,0.38345864661654133,1.5862068965517242,18.0,16,2.270138608119408,1.1931044857831086,False,False
LAST_OPPOSING,5,CISD,2.5,2.0,0.0,0.05,0.5,710,2.261146496815287,40.49079754601227,272.0,0.38309859154929576,1.7010309278350515,15.5,15,1.7408274107548634,0.8410800610990704,False,False
LAST_OPPOSING,3,FIB_618,2.5,1.5,0.3,0.15,0.25,697,2.2197452229299364,39.59537572254335,267.0,0.3830703012912482,1.638755980861244,15.0,13,1.906700946816337,0.9993328180107589,False,False
LAST_OPPOSING,3,FIB_618,3.0,1.5,0.4,0.15,0.25,530,1.6878980891719746,34.66666666666667,203.0,0.38301886792452833,1.5918367346938775,20.0,13,2.0831857221112138,1.0546857627452448,False,False
EXTREME_OPEN,8,FIB_786,2.5,2.0,0.4,0.05,0.5,205,0.6528662420382165,39.51219512195122,78.5,0.3829268292682927,1.6330645161290323,17.0,14,2.166018405089894,1.1674407364536583,False,False
LAST_OPPOSING,8,FIB_786,2.5,2.0,0.4,0.0,0.5,205,0.6528662420382165,39.51219512195122,78.5,0.3829268292682927,1.6330645161290323,9.5,8,2.1497869462778953,1.1378614023940385,False,False
LAST_OPPOSING,8,FIB_786,2.5,2.0,0.4,0.05,0.5,205,0.6528662420382165,39.51219512195122,78.5,0.3829268292682927,1.6330645161290323,9.5,8,2.1497869462778953,1.1378614023940385,False,False
LAST_OPPOSING,5,FIB_705,2.5,1.5,0.3,0.15,0.5,657,2.0923566878980893,39.541984732824424,251.5,0.3828006088280061,1.6351010101010102,14.0,11,1.9411804743482903,1.0589246833861161,False,False
EXTREME_OPEN,5,FIB_618,4.0,0.0,0.3,0.0,0.25,2589,8.245222929936306,27.730109204368176,991.0,0.38277327153341056,1.5348084187803561,25.0,21,2.445048576667622,1.1831813868952963,False,False
LAST_OPPOSING,5,CISD,4.0,1.5,0.4,0.15,0.25,727,2.3152866242038215,28.593508500772796,278.0,0.38239339752407153,1.6017316017316017,23.0,23,2.201338468590675,0.9710933282205085,False,False
EXTREME_OPEN,8,FIB_705,2.5,1.5,0.3,0.0,0.5,714,2.2738853503184715,39.49579831932773,273.0,0.38235294117647056,1.6319444444444444,17.5,15,1.9766286275224714,1.0862425423433038,False,False
EXTREME_OPEN,5,FIB_618,2.5,1.5,0.4,0.0,0.25,589,1.875796178343949,39.522998296422486,225.0,0.38200339558573854,1.6338028169014085,17.5,12,1.9142283640551985,1.025784824765208,False,False
EXTREME_OPEN,5,FIB_786,4.0,1.5,0.4,0.05,0.5,453,1.4426751592356688,27.654867256637168,173.0,0.3818984547461369,1.529051987767584,16.0,14,2.5814683055213568,1.3581414193908687,False,False
LAST_OPPOSING,5,FIB_618,3.0,1.5,0.4,0.15,0.25,563,1.7929936305732483,34.64991023339318,215.0,0.38188277087033745,1.5906593406593406,21.0,13,2.0700054741775165,1.0535498355683135,False,False
EXTREME_OPEN,5,FIB_705,2.5,2.0,0.3,0.15,0.5,309,0.9840764331210191,39.482200647249186,118.0,0.3818770226537217,1.6310160427807487,10.5,10,1.9777153964475127,1.0781861976962412,False,False
EXTREME_OPEN,8,FIB_786,3.0,2.0,0.3,0.15,0.5,275,0.8757961783439491,34.54545454545455,105.0,0.38181818181818183,1.5833333333333333,23.0,15,2.2847120233158824,1.2398918834065598,False,False
EXTREME_OPEN,8,FIB_786,4.0,2.0,0.3,0.15,0.25,275,0.8757961783439491,27.636363636363637,105.0,0.38181818181818183,1.5276381909547738,22.0,15,2.5720691009547796,1.374818137322561,False,False
EXTREME_OPEN,5,FIB_618,3.0,1.2,0.4,0.15,0.5,912,2.9044585987261144,34.58149779735683,348.0,0.3815789473684211,1.5858585858585859,14.0,14,2.0756977404650585,1.0645884686165648,False,False
EXTREME_OPEN,8,FIB_705,3.0,1.5,0.4,0.05,0.25,519,1.6528662420382165,34.55598455598455,198.0,0.3815028901734104,1.584070796460177,23.0,11,2.1750747374845805,1.152080103554181,False,False
EXTREME_OPEN,5,FIB_705,2.5,2.0,0.0,0.05,0.5,451,1.4363057324840764,39.467849223946786,172.0,0.38137472283813745,1.63003663003663,9.5,8,1.9996415226072135,1.0761736958769836,False,False
LAST_OPPOSING,5,CISD,2.5,2.0,0.0,0.0,0.5,720,2.2929936305732483,40.45454545454545,274.5,0.38125,1.6984732824427482,15.5,15,1.7386757816322125,0.8409695219186798,False,False
LAST_OPPOSING,3,FIB_786,4.0,2.0,0.4,0.15,0.25,181,0.5764331210191083,27.624309392265197,69.0,0.3812154696132597,1.5267175572519085,18.0,18,2.620076231102183,1.3177843127077076,False,False
EXTREME_OPEN,3,FIB_786,2.5,2.0,0.4,0.15,0.25,185,0.589171974522293,39.45945945945946,70.5,0.3810810810810811,1.6294642857142858,20.0,20,2.249998756012578,1.1957475572614287,False,False
LAST_OPPOSING,8,FIB_618,4.0,0.0,0.0,0.0,0.5,3643,11.601910828025478,27.706829539144916,1388.0,0.3810046664836673,1.533026113671275,42.0,17,2.404527224792213,1.1608615808536182,False,False
EXTREME_OPEN,8,FIB_705,3.0,1.5,0.4,0.0,0.25,525,1.6719745222929936,34.541984732824424,200.0,0.38095238095238093,1.5830903790087463,24.0,11,2.1725880887277995,1.1526668614209215,False,False
LAST_OPPOSING,5,FIB_705,2.5,1.5,0.3,0.05,0.5,696,2.21656050955414,39.481268011527376,265.0,0.3807471264367816,1.630952380952381,15.0,15,1.9553512820232237,1.062139133758483,False,False
EXTREME_OPEN,5,FIB_618,2.5,1.5,0.3,0.05,0.25,788,2.5095541401273884,39.490445859872615,300.0,0.38071065989847713,1.631578947368421,15.0,13,1.9167571426944598,1.0192866086214323,False,False
LAST_OPPOSING,3,FIB_705,2.5,2.0,0.0,0.15,0.25,398,1.267515923566879,39.44723618090452,151.5,0.3806532663316583,1.6286307053941909,12.5,8,1.9807517959134036,1.05413832672272,False,False
EXTREME_OPEN,3,FIB_705,4.0,1.2,0.4,0.0,0.25,841,2.678343949044586,27.61904761904762,320.0,0.380499405469679,1.5263157894736843,24.0,18,2.508740241558388,1.2667070223201198,False,False
EXTREME_OPEN,8,FIB_618,4.0,0.0,0.3,0.0,0.25,2612,8.318471337579618,27.67684576729803,993.0,0.38016845329249616,1.5307322287546767,26.0,21,2.4414007866089333,1.1833275303333814,False,False
LAST_OPPOSING,3,FIB_786,4.0,1.5,0.4,0.05,0.5,421,1.3407643312101911,27.61904761904762,160.0,0.38004750593824227,1.5263157894736843,24.0,16,2.5753190158944554,1.3315474938473029,False,False
LAST_OPPOSING,5,FIB_705,2.5,1.5,0.3,0.0,0.5,704,2.2420382165605095,39.45868945868946,267.5,0.3799715909090909,1.6294117647058823,15.0,15,1.9544574914371573,1.0629093636097127,False,False
LAST_OPPOSING,3,FIB_618,3.0,1.5,0.0,0.15,0.25,937,2.984076433121019,34.59051724137931,356.0,0.3799359658484525,1.586490939044481,26.0,20,2.0776345079986385,1.06220885266947,False,False
EXTREME_OPEN,5,FIB_618,2.5,1.5,0.4,0.15,0.25,557,1.7738853503184713,39.45945945945946,211.5,0.37971274685816875,1.6294642857142858,20.0,10,1.9092390952524487,1.0171086815435573,False,False
LAST_OPPOSING,5,CISD,4.0,1.5,0.4,0.05,0.25,748,2.3821656050955413,28.52852852852853,284.0,0.37967914438502676,1.596638655462185,17.0,15,2.2045289866911473,0.9783512015294145,False,False
LAST_OPPOSING,3,CISD,4.0,1.5,0.4,0.15,0.25,685,2.1815286624203822,28.524590163934427,260.0,0.3795620437956204,1.5963302752293578,22.0,22,2.221032339934145,0.9747677609267693,False,False
EXTREME_OPEN,3,FIB_705,2.5,2.0,0.3,0.05,0.5,307,0.9777070063694268,39.413680781758956,116.5,0.3794788273615635,1.6263440860215055,11.5,11,1.983467142857938,1.0709278171012324,False,False
EXTREME_OPEN,5,FIB_786,2.5,2.0,0.4,0.0,0.5,203,0.6464968152866242,39.40886699507389,77.0,0.3793103448275862,1.6260162601626016,16.0,13,2.1750668098091634,1.1700997929253645,False,False
LAST_OPPOSING,5,FIB_618,3.0,1.2,0.4,0.15,0.5,915,2.9140127388535033,34.54345434543454,347.0,0.37923497267759565,1.5831932773109243,18.0,14,2.0605111676922667,1.0598735305833074,False,False
EXTREME_OPEN,8,FIB_786,2.5,2.0,0.4,0.15,0.25,198,0.6305732484076433,39.39393939393939,75.0,0.3787878787878788,1.625,18.5,13,2.2319829677910428,1.1975027136182483,False,False
LAST_OPPOSING,8,CISD,3.0,2.0,0.0,0.05,0.25,729,2.321656050955414,35.58282208588957,276.0,0.3786008230452675,1.6571428571428573,15.0,15,1.8934933658425253,0.8795551456036675,False,False
LAST_OPPOSING,5,FIB_618,2.5,1.5,0.3,0.15,0.25,749,2.3853503184713376,39.487870619946094,283.5,0.37850467289719625,1.6314031180400892,17.0,13,1.8914241063100266,0.9997658328112783,False,False
LAST_OPPOSING,3,FIB_705,2.5,2.0,0.3,0.15,0.25,292,0.9299363057324841,39.38356164383562,110.5,0.3784246575342466,1.6242937853107344,9.5,9,1.9673950330630956,1.0572608634186385,False,False
LAST_OPPOSING,5,FIB_786,2.5,2.0,0.3,0.0,0.25,292,0.9299363057324841,39.38356164383562,110.5,0.3784246575342466,1.6242937853107344,11.5,9,2.174276753380458,1.1713669916649412,False,False
LAST_OPPOSING,5,FIB_786,2.5,2.0,0.3,0.0,0.5,292,0.9299363057324841,39.38356164383562,110.5,0.3784246575342466,1.6242937853107344,11.5,9,2.1234067569870074,1.1377610456684206,False,False
EXTREME_OPEN,5,FIB_786,4.0,1.5,0.4,0.0,0.5,458,1.4585987261146496,27.571115973741794,173.0,0.3777292576419214,1.5226586102719033,17.0,15,2.5755865162026312,1.3602394183248057,False,False
EXTREME_OPEN,8,FIB_618,4.0,0.0,0.0,0.0,0.5,3749,11.939490445859873,27.62520193861066,1416.0,0.3777007201920512,1.5267857142857142,29.0,18,2.4091131597530206,1.1659023454410935,False,False
LAST_OPPOSING,5,CISD,3.0,2.0,0.0,0.05,0.5,707,2.251592356687898,35.54502369668246,267.0,0.37765205091937765,1.6544117647058822,18.0,15,1.8892007777487947,0.8769067689242063,False,False
EXTREME_OPEN,3,FIB_705,2.5,2.0,0.3,0.0,0.5,310,0.9872611464968153,39.35483870967742,117.0,0.3774193548387097,1.622340425531915,11.5,11,1.9793048270290818,1.0718991252431482,False,False
LAST_OPPOSING,3,FIB_705,2.5,2.0,0.3,0.0,0.25,305,0.9713375796178344,39.34426229508197,115.0,0.3770491803278688,1.6216216216216217,10.5,10,1.9630735819617626,1.0572714433292598,False,False
LAST_OPPOSING,8,FIB_618,3.0,1.2,0.4,0.15,0.25,934,2.9745222929936306,34.48275862068966,352.0,0.37687366167023556,1.5789473684210527,19.0,14,2.077965657283927,1.0764757131330158,False,False
LAST_OPPOSING,3,CISD,4.0,1.5,0.4,0.05,0.25,706,2.248407643312102,28.45786963434022,266.0,0.37677053824362605,1.5911111111111111,20.0,15,2.223826867187601,0.9823481095786533,False,False
EXTREME_OPEN,3,FIB_786,4.0,2.0,0.3,0.15,0.5,255,0.8121019108280255,27.559055118110237,96.0,0.3764705882352941,1.5217391304347827,25.0,25,2.5526042513611813,1.3333564248903749,False,False
EXTREME_OPEN,3,FIB_786,2.5,2.0,0.3,0.05,0.5,267,0.8503184713375797,39.325842696629216,100.5,0.37640449438202245,1.6203703703703705,21.5,21,2.167536440786222,1.167371800953492,False,False
LAST_OPPOSING,8,FIB_618,2.5,1.5,0.4,0.05,0.25,598,1.9044585987261147,39.39393939393939,225.0,0.3762541806020067,1.625,15.0,15,1.9007298969505582,1.0098944041393527,False,False
LAST_OPPOSING,8,FIB_786,4.0,1.2,0.4,0.15,0.5,731,2.328025477707006,27.534246575342465,275.0,0.3761969904240766,1.5198487712665407,27.0,17,2.605792669366289,1.3517535114158101,False,False
EXTREME_OPEN,5,FIB_705,2.5,2.0,0.3,0.05,0.5,323,1.0286624203821657,39.318885448916404,121.5,0.3761609907120743,1.6198979591836735,11.5,11,1.9740466340140685,1.0774796406808258,False,False
LAST_OPPOSING,8,FIB_618,4.0,0.0,0.0,0.05,0.5,3398,10.821656050955413,27.60261748958953,1278.0,0.3761035903472631,1.52506162695152,35.0,22,2.401179011242401,1.1571640597679438,False,False
EXTREME_OPEN,8,FIB_705,2.5,2.0,0.0,0.0,0.5,468,1.4904458598726114,39.31623931623932,176.0,0.37606837606837606,1.619718309859155,9.5,8,1.9900952988140899,1.076615011146403,False,False
LAST_OPPOSING,5,FIB_705,3.0,1.5,0.4,0.0,0.25,516,1.643312101910828,34.43579766536965,194.0,0.375968992248062,1.57566765578635,28.0,10,2.162516844173712,1.134815007676495,False,False
LAST_OPPOSING,8,FIB_786,3.0,2.0,0.0,0.15,0.5,407,1.2961783439490446,34.3980343980344,153.0,0.3759213759213759,1.5730337078651686,17.0,17,2.1990971188568547,1.1916745355533145,False,False
EXTREME_OPEN,5,FIB_786,2.5,2.0,0.4,0.05,0.25,201,0.6401273885350318,39.30348258706468,75.5,0.3756218905472637,1.6188524590163935,16.0,13,2.2323889613273074,1.194480464403407,False,False
EXTREME_OPEN,8,FIB_705,3.0,1.2,0.4,0.15,0.5,821,2.6146496815286624,34.390243902439025,308.0,0.3751522533495737,1.5724907063197027,19.0,13,2.161159789614796,1.1434955828156999,False,False
EXTREME_OPEN,8,FIB_618,2.5,1.5,0.3,0.15,0.25,748,2.3821656050955413,39.328859060402685,280.5,0.375,1.6205752212389382,18.0,12,1.9046959609172194,1.0150184854929887,False,False
EXTREME_OPEN,5,FIB_786,2.5,2.0,0.3,0.05,0.5,280,0.89171974522293,39.285714285714285,105.0,0.375,1.6176470588235294,19.0,16,2.157539451639814,1.177027948188575,False,False
EXTREME_OPEN,8,FIB_786,4.0,2.0,0.0,0.05,0.25,411,1.3089171974522293,27.49391727493917,154.0,0.3746958637469586,1.516778523489933,21.0,20,2.594626316830729,1.3858829467440137,False,False
LAST_OPPOSING,5,FIB_786,3.0,2.0,0.3,0.05,0.25,291,0.9267515923566879,34.36426116838488,109.0,0.3745704467353952,1.5706806282722514,15.0,15,2.2932140784385466,1.23154607801184,False,False
EXTREME_OPEN,3,FIB_618,4.0,0.0,0.0,0.0,0.5,3599,11.461783439490446,27.558172133445474,1348.0,0.37454848569046956,1.521671826625387,27.0,18,2.4108972643086712,1.169216875409374,False,False
EXTREME_OPEN,8,FIB_786,2.5,2.0,0.3,0.15,0.5,275,0.8757961783439491,39.27272727272727,103.0,0.37454545454545457,1.6167664670658684,20.5,15,2.1390250273646383,1.1786427458657496,False,False
EXTREME_OPEN,5,FIB_618,4.0,0.0,0.0,0.05,0.5,3446,10.97452229299363,27.554904831625183,1290.0,0.3743470690655833,1.5214227970897332,28.0,21,2.407544062549646,1.1623881040959294,False,False
LAST_OPPOSING,8,CISD,2.5,2.0,0.0,0.05,0.25,732,2.3312101910828025,40.23845007451565,274.0,0.3743169398907104,1.6832917705735662,15.0,15,1.7481991616566246,0.8452048024803858,False,False
EXTREME_OPEN,5,FIB_705,4.0,1.2,0.4,0.05,0.25,863,2.748407643312102,27.494199535962878,323.0,0.3742757821552723,1.5168,24.0,17,2.4987651682336893,1.2600894977862247,False,False
EXTREME_OPEN,5,FIB_705,2.5,2.0,0.3,0.0,0.5,326,1.0382165605095541,39.263803680981596,122.0,0.37423312883435583,1.6161616161616161,11.5,11,1.9701752954238425,1.0783429844024675,False,False
LAST_OPPOSING,8,CISD,4.0,1.5,0.4,0.0,0.25,767,2.4426751592356686,28.40409956076135,287.0,0.3741851368970013,1.586912065439673,17.0,15,2.199098378646076,0.9782344747964137,False,False
EXTREME_OPEN,3,FIB_786,2.5,2.0,0.3,0.0,0.5,270,0.8598726114649682,39.25925925925926,101.0,0.37407407407407406,1.6158536585365855,21.5,21,2.16901368370848,1.1680972125095301,False,False
EXTREME_OPEN,5,FIB_618,2.5,1.5,0.3,0.0,0.25,797,2.538216560509554,39.29471032745592,298.0,0.3739021329987453,1.6182572614107884,15.5,13,1.9127492134076423,1.0223771178577246,False,False
LAST_OPPOSING,3,FIB_618,2.5,1.5,0.3,0.05,0.25,740,2.356687898089172,39.31972789115646,276.5,0.37364864864864866,1.6199551569506727,17.0,14,1.9100640692452735,1.008212699943183,False,False
LAST_OPPOSING,3,FIB_786,4.0,1.5,0.4,0.0,0.5,423,1.3471337579617835,27.488151658767773,158.0,0.3735224586288416,1.5163398692810457,24.0,16,2.569342102341472,1.3343697469367415,False,False
EXTREME_OPEN,8,FIB_705,2.5,2.0,0.3,0.15,0.25,316,1.0063694267515924,39.24050632911392,118.0,0.37341772151898733,1.6145833333333333,10.5,10,1.9762024104624014,1.0940166554221569,False,False
LAST_OPPOSING,8,FIB_705,3.0,1.2,0.4,0.0,0.5,887,2.8248407643312103,34.3502824858757,331.0,0.37316798196166856,1.5697074010327023,19.0,17,2.153608761291643,1.1351940967584515,False,False
EXTREME_OPEN,5,FIB_786,4.0,2.0,0.4,0.05,0.5,201,0.6401273885350318,27.500000000000004,75.0,0.373134328358209,1.5172413793103448,14.0,13,2.5506414520487115,1.3373058616130382,False,False
LAST_OPPOSING,8,FIB_618,2.5,1.5,0.4,0.0,0.25,602,1.9171974522292994,39.297658862876254,224.5,0.3729235880398671,1.618457300275482,15.0,15,1.9016385535284719,1.011897352246065,False,False
LAST_OPPOSING,8,FIB_618,2.5,1.5,0.4,0.15,0.25,574,1.8280254777070064,39.29824561403509,214.0,0.37282229965156793,1.6184971098265897,18.5,13,1.8925594094971034,1.0021523382774191,False,False
EXTREME_OPEN,5,FIB_618,2.5,1.5,0.3,0.15,0.5,739,2.3535031847133756,39.266304347826086,275.5,0.37280108254397837,1.616331096196868,18.5,13,1.89174241689814,1.0030355554794366,False,False
EXTREME_OPEN,5,FIB_786,2.5,2.0,0.3,0.0,0.5,283,0.9012738853503185,39.2226148409894,105.5,0.37279151943462896,1.6133720930232558,19.0,16,2.159054810496524,1.177617674967462,False,False
LAST_OPPOSING,8,CISD,2.5,2.0,0.0,0.0,0.25,742,2.3630573248407645,40.20618556701031,276.5,0.37264150943396224,1.6810344827586208,15.0,15,1.7461499839861618,0.8451200605279456,False,False
EXTREME_OPEN,5,CISD,4.0,0.0,0.3,0.0,0.5,2805,8.933121019108281,27.977099236641223,1045.0,0.37254901960784315,1.5537890832008479,21.0,19,2.2328566582664036,1.0138993981102415,False,False
EXTREME_OPEN,3,FIB_618,2.5,1.5,0.3,0.15,0.25,706,2.248407643312102,39.26031294452347,263.0,0.37252124645892354,1.6159250585480094,17.0,12,1.9101740611126283,1.0169432423576115,False,False
EXTREME_OPEN,8,FIB_618,2.5,1.5,0.4,0.05,0.25,588,1.872611464968153,39.249146757679185,219.0,0.37244897959183676,1.6151685393258426,16.5,12,1.910380803778436,1.0270974358037979,False,False
EXTREME_OPEN,8,FIB_618,3.0,1.2,0.4,0.15,0.5,924,2.9426751592356686,34.34782608695652,344.0,0.3722943722943723,1.5695364238410596,14.0,14,2.0651928373134343,1.0663368862247502,False,False
EXTREME_OPEN,5,FIB_618,2.5,1.5,0.4,0.05,0.5,583,1.856687898089172,39.24268502581756,217.0,0.37221269296740994,1.614730878186969,16.5,12,1.8941403374066568,1.0175097011945418,False,False
EXTREME_OPEN,5,FIB_618,3.0,1.5,0.4,0.05,0.25,583,1.856687898089172,34.369602763385146,217.0,0.37221269296740994,1.5710526315789475,20.0,13,2.0719093572364793,1.0775428568198897,False,False
LAST_OPPOSING,8,FIB_705,3.0,1.2,0.4,0.05,0.5,879,2.799363057324841,34.32155074116305,327.0,0.3720136518771331,1.5677083333333333,19.0,17,2.1508138624955735,1.1352011200330807,False,False
LAST_OPPOSING,8,FIB_786,2.5,2.0,0.4,0.15,0.25,199,0.6337579617834395,39.19597989949749,74.0,0.37185929648241206,1.6115702479338843,9.5,7,2.2127600036209696,1.170534706623158,False,False
LAST_OPPOSING,3,CISD,3.0,2.0,0.0,0.0,0.5,635,2.022292993630573,35.38732394366197,236.0,0.3716535433070866,1.6430517711171662,16.0,15,1.8991941204831049,0.8823791408170997,False,False
LAST_OPPOSING,5,CISD,4.0,1.5,0.4,0.0,0.5,754,2.4012738853503186,28.35820895522388,280.0,0.3713527851458886,1.5833333333333333,17.0,15,2.1947226223450045,0.9663454960976061,False,False
LAST_OPPOSING,3,FIB_705,2.5,1.5,0.0,0.0,0.5,940,2.9936305732484074,39.19062832800852,349.0,0.37127659574468086,1.6112084063047285,13.5,11,1.9738027909430897,1.0793845639979602,False,False
EXTREME_OPEN,3,FIB_786,2.5,2.0,0.4,0.0,0.5,194,0.6178343949044586,39.175257731958766,72.0,0.3711340206185567,1.6101694915254237,18.5,18,2.179040165611246,1.17431367422712,False,False
LAST_OPPOSING,5,FIB_786,2.5,2.0,0.3,0.05,0.25,291,0.9267515923566879,39.175257731958766,108.0,0.3711340206185567,1.6101694915254237,11.5,9,2.169423722950413,1.175269774576636,False,False
LAST_OPPOSING,5,FIB_786,2.5,2.0,0.3,0.05,0.5,291,0.9267515923566879,39.175257731958766,108.0,0.3711340206185567,1.6101694915254237,11.5,9,2.1186621394869984,1.1415511600493302,False,False
EXTREME_OPEN,5,FIB_786,4.0,2.0,0.4,0.15,0.5,194,0.6178343949044586,27.461139896373055,72.0,0.3711340206185567,1.5142857142857142,17.0,12,2.5641066620582675,1.3419453775178178,False,False
LAST_OPPOSING,5,FIB_705,3.0,1.5,0.4,0.05,0.25,512,1.6305732484076434,34.31372549019608,190.0,0.37109375,1.5671641791044777,28.0,10,2.1604681642613954,1.135235078855612,False,False
LAST_OPPOSING,3,FIB_705,2.5,2.0,0.0,0.0,0.25,434,1.3821656050955413,39.1705069124424,161.0,0.3709677419354839,1.6098484848484849,13.0,8,1.9826355303621084,1.0630420106909293,False,False
LAST_OPPOSING,8,CISD,3.0,2.0,0.0,0.0,0.25,739,2.3535031847133756,35.410334346504555,274.0,0.37077131258457374,1.6447058823529412,15.0,15,1.8910759853976553,0.8790052376741095,False,False
EXTREME_OPEN,3,CISD,2.5,1.5,0.4,0.05,0.25,730,2.3248407643312103,39.73988439306358,270.5,0.37054794520547946,1.6486810551558753,13.5,9,1.7141871287339654,0.8931150875975503,False,False
LAST_OPPOSING,8,FIB_618,2.5,1.5,0.4,0.05,0.5,598,1.9044585987261147,39.225589225589225,221.5,0.3704013377926421,1.613573407202216,15.0,15,1.8782763869955739,0.9989419236622151,False,False
EXTREME_OPEN,8,FIB_618,2.5,1.5,0.4,0.0,0.25,594,1.89171974522293,39.189189189189186,220.0,0.37037037037037035,1.6111111111111112,17.5,12,1.9077669216825053,1.0284004398349698,False,False
EXTREME_OPEN,3,CISD,4.0,0.0,0.3,0.0,0.5,2730,8.694267515923567,27.916992952231794,1011.0,0.37032967032967035,1.5491580662683324,25.0,18,2.235335109306915,1.01716132753596,False,False
EXTREME_OPEN,8,CISD,4.0,0.0,0.3,0.0,0.5,2826,9.0,27.942293090356873,1046.0,0.37013446567586694,1.5511064278187565,22.0,19,2.2312230524816283,1.0125172585948479,False,False
EXTREME_OPEN,5,FIB_618,2.5,1.5,0.4,0.0,0.5,589,1.875796178343949,39.182282793867124,218.0,0.3701188455008489,1.6106442577030813,17.5,12,1.8914563191547864,1.018662485566829,False,False
LAST_OPPOSING,3,FIB_705,2.5,2.0,0.3,0.05,0.25,304,0.9681528662420382,39.14473684210527,112.5,0.37006578947368424,1.6081081081081081,10.5,10,1.9606184683174588,1.0597759691742,False,False
LAST_OPPOSING,5,CISD,4.0,1.5,0.4,0.15,0.5,727,2.3152866242038215,28.328173374613,269.0,0.3700137551581843,1.5809935205183585,23.0,23,2.189356085231465,0.9595409379715409,False,False
EXTREME_OPEN,5,FIB_705,4.0,1.2,0.4,0.0,0.25,873,2.7802547770700636,27.408256880733944,323.0,0.3699885452462772,1.5102685624012637,24.0,18,2.4974297840211457,1.2617190741218582,False,False
LAST_OPPOSING,3,CISD,4.0,1.5,0.4,0.0,0.5,711,2.2643312101910826,28.322784810126585,263.0,0.369901547116737,1.5805739514348787,21.0,15,2.2135876805191037,0.9697283271109856,False,False
EXTREME_OPEN,3,FIB_618,2.5,1.5,0.4,0.05,0.25,561,1.786624203821656,39.17710196779964,207.5,0.3698752228163993,1.6102941176470589,15.5,12,1.9143513395446046,1.0295865292867616,False,False
EXTREME_OPEN,8,FIB_786,4.0,1.5,0.4,0.05,0.5,457,1.4554140127388535,27.412280701754387,169.0,0.36980306345733044,1.5105740181268883,16.0,14,2.5717674562696313,1.360712895943611,False,False
LAST_OPPOSING,8,FIB_786,4.0,1.5,0.4,0.0,0.5,457,1.4554140127388535,27.412280701754387,169.0,0.36980306345733044,1.5105740181268883,23.0,19,2.546907652763304,1.3254950504440235,False,False
LAST_OPPOSING,5,CISD,3.0,2.0,0.0,0.0,0.5,717,2.28343949044586,35.36776212832551,265.0,0.3695955369595537,1.6416464891041163,18.0,15,1.8866143485622393,0.8762960920927801,False,False
EXTREME_OPEN,8,FIB_786,2.5,2.0,0.4,0.0,0.5,207,0.6592356687898089,39.130434782608695,76.5,0.3695652173913043,1.6071428571428572,17.0,14,2.161503128044962,1.1738574383341405,False,False
LAST_OPPOSING,8,CISD,2.5,2.0,0.0,0.05,0.5,732,2.3312101910828025,40.08941877794337,270.5,0.36953551912568305,1.6728855721393034,15.0,15,1.7359811658038797,0.842693879600639,False,False
LAST_OPPOSING,5,FIB_786,4.0,1.5,0.4,0.15,0.5,428,1.3630573248407643,27.400468384074944,158.0,0.3691588785046729,1.5096774193548388,21.0,18,2.5490708749134163,1.3211066955183348,False,False
LAST_OPPOSING,3,FIB_618,2.5,1.5,0.3,0.0,0.25,745,2.372611464968153,39.189189189189186,275.0,0.3691275167785235,1.6111111111111112,17.0,14,1.9096257883967838,1.0101112322879955,False,False
EXTREME_OPEN,8,FIB_618,4.0,0.0,0.0,0.05,0.5,3484,11.095541401273886,27.44643891140706,1286.0,0.36911595866819746,1.51316839584996,29.0,18,2.4037608213926984,1.1624944609134398,False,False
LAST_OPPOSING,3,FIB_786,4.0,1.5,0.3,0.15,0.5,542,1.7261146496815287,27.40740740740741,200.0,0.36900369003690037,1.510204081632653,23.0,18,2.5592024468873413,1.3189315402637645,False,False
EXTREME_OPEN,3,FIB_618,3.0,1.5,0.4,0.05,0.25,561,1.786624203821656,34.29084380610413,207.0,0.3689839572192513,1.5655737704918034,19.0,13,2.069510856204295,1.080996858739609,False,False
EXTREME_OPEN,3,FIB_786,4.0,1.5,0.3,0.15,0.5,556,1.7707006369426752,27.387387387387385,205.0,0.368705035971223,1.5086848635235732,20.0,17,2.574918287146222,1.3596690740753747,False,False
LAST_OPPOSING,3,FIB_786,4.0,1.5,0.3,0.05,0.5,575,1.8312101910828025,27.399650959860384,212.0,0.36869565217391304,1.5096153846153846,23.0,19,2.578623133087228,1.320463535194724,False,False
LAST_OPPOSING,3,FIB_705,3.0,1.5,0.4,0.05,0.25,483,1.5382165605095541,34.232365145228215,178.0,0.36853002070393376,1.5615141955835963,29.0,10,2.1660746275675984,1.1438820369365488,False,False
EXTREME_OPEN,8,FIB_705,4.0,1.2,0.4,0.05,0.25,874,2.78343949044586,27.376861397479956,322.0,0.3684210526315789,1.5078864353312302,21.0,15,2.490332741904622,1.2601503525413211,False,False
LAST_OPPOSING,3,FIB_705,3.0,1.5,0.4,0.0,0.25,486,1.5477707006369428,34.22680412371134,179.0,0.3683127572016461,1.561128526645768,29.0,10,2.165671479637279,1.1439474677761687,False,False
LAST_OPPOSING,5,FIB_618,2.5,1.5,0.3,0.05,0.25,793,2.5254777070063694,39.18575063613232,292.0,0.3682219419924338,1.610878661087866,17.0,14,1.893363954711226,1.0086362843771537,False,False
EXTREME_OPEN,8,FIB_705,2.5,2.0,0.3,0.05,0.25,330,1.0509554140127388,39.09090909090909,121.5,0.36818181818181817,1.6044776119402986,11.5,11,1.973922404769733,1.0935413355715498,False,False
LAST_OPPOSING,5,FIB_786,4.0,2.0,0.4,0.0,0.25,201,0.6401273885350318,27.363184079601986,74.0,0.3681592039800995,1.5068493150684932,14.0,13,2.5876304046926633,1.321662834208861,False,False
LAST_OPPOSING,5,FIB_786,4.0,2.0,0.4,0.05,0.25,201,0.6401273885350318,27.363184079601986,74.0,0.3681592039800995,1.5068493150684932,14.0,13,2.5876304046926633,1.321662834208861,False,False
LAST_OPPOSING,3,FIB_618,2.5,1.5,0.3,0.15,0.5,697,2.2197452229299364,39.16184971098266,256.5,0.3680057388809182,1.6092636579572446,17.5,16,1.8829088153573414,0.9893706279892668,False,False
LAST_OPPOSING,8,CISD,2.5,2.0,0.0,0.0,0.5,742,2.3630573248407645,40.058910162002945,273.0,0.36792452830188677,1.6707616707616708,15.0,15,1.733958644889057,0.842564868286762,False,False
LAST_OPPOSING,8,FIB_618,3.0,1.5,0.4,0.05,0.25,598,1.9044585987261147,34.29054054054054,220.0,0.36789297658862874,1.5655526992287918,21.0,15,2.0570251683733365,1.0635998255473436,False,False
LAST_OPPOSING,8,FIB_786,4.0,1.5,0.4,0.05,0.5,454,1.4458598726114649,27.373068432671083,167.0,0.36784140969163,1.5075987841945289,23.0,19,2.548432152658916,1.3240227267072258,False,False
EXTREME_OPEN,3,FIB_618,2.5,1.5,0.4,0.0,0.25,567,1.805732484076433,39.11504424778761,208.5,0.36772486772486773,1.6061046511627908,16.5,12,1.9115709706211828,1.0309252415153656,False,False
EXTREME_OPEN,3,FIB_705,3.0,1.5,0.4,0.05,0.25,495,1.5764331210191083,34.21052631578947,182.0,0.36767676767676766,1.56,21.0,11,2.1739149554095856,1.1616842232603355,False,False
LAST_OPPOSING,5,CISD,4.0,1.5,0.4,0.05,0.5,748,2.3821656050955413,28.270676691729324,275.0,0.36764705882352944,1.5765199161425576,17.0,15,2.1921289329913027,0.9667029631373641,False,False
LAST_OPPOSING,8,CISD,4.0,1.5,0.4,0.15,0.25,740,2.356687898089172,28.267477203647417,272.0,0.3675675675675676,1.576271186440678,23.0,23,2.19285564425873,0.9715361631278693,False,False
EXTREME_OPEN,8,FIB_618,2.5,1.5,0.4,0.15,0.25,562,1.7898089171974523,39.107142857142854,206.5,0.36743772241992884,1.6055718475073313,20.0,10,1.9024541300827582,1.0199504183185515,False,False
EXTREME_OPEN,3,FIB_705,3.0,1.5,0.4,0.0,0.25,501,1.5955414012738853,34.2,184.0,0.36726546906187624,1.5592705167173253,22.0,11,2.171323075359964,1.1621840698906785,False,False
EXTREME_OPEN,3,FIB_786,2.5,2.0,0.4,0.05,0.25,192,0.6114649681528662,39.0625,70.5,0.3671875,1.6025641025641026,18.5,18,2.2353171492131345,1.1976083196516143,False,False
EXTREME_OPEN,5,FIB_618,2.5,1.5,0.4,0.15,0.5,557,1.7738853503184713,39.0990990990991,204.5,0.36714542190305205,1.6050295857988166,20.0,10,1.8876437916306865,1.010871964096785,False,False
LAST_OPPOSING,8,FIB_618,2.5,1.5,0.4,0.0,0.5,602,1.9171974522292994,39.130434782608695,221.0,0.36710963455149503,1.6071428571428572,15.0,15,1.8792820851364893,1.0008450519192864,False,False
EXTREME_OPEN,3,FIB_786,4.0,1.5,0.4,0.05,0.5,436,1.3885350318471337,27.35632183908046,160.0,0.3669724770642202,1.5063291139240507,15.0,14,2.57334916639235,1.3717183779053674,False,False
LAST_OPPOSING,3,FIB_705,2.5,1.5,0.0,0.05,0.5,920,2.929936305732484,39.06420021762786,337.5,0.36684782608695654,1.6026785714285714,13.0,11,1.9743206319991042,1.0809297978207613,False,False
EXTREME_OPEN,3,FIB_618,4.0,0.0,0.0,0.05,0.5,3332,10.611464968152866,27.399333938843473,1222.0,0.3667466986794718,1.5095913261050875,27.0,21,2.4073507013286757,1.1660051933617583,False,False
LAST_OPPOSING,8,FIB_618,2.5,1.5,0.4,0.15,0.5,574,1.8280254777070064,39.122807017543856,210.5,0.3667247386759582,1.606628242074928,18.5,13,1.8712191402435276,0.9917253744315594,False,False
EXTREME_OPEN,5,FIB_618,4.0,0.0,0.3,0.0,0.5,2576,8.203821656050955,27.401019208153667,944.0,0.36645962732919257,1.509719222462203,27.0,21,2.4165301291384558,1.1672843446591425,False,False
LAST_OPPOSING,3,FIB_618,3.0,1.5,0.4,0.05,0.5,554,1.7643312101910829,34.244080145719494,203.0,0.3664259927797834,1.5623268698060941,20.0,16,2.0606261853796086,1.0530283560999882,False,False
LAST_OPPOSING,3,CISD,4.0,1.5,0.4,0.15,0.5,685,2.1815286624203822,28.24302134646962,251.0,0.36642335766423356,1.574370709382151,22.0,22,2.207262167645185,0.9634405550975298,False,False
EXTREME_OPEN,5,FIB_705,3.0,2.0,0.4,0.05,0.25,232,0.7388535031847133,34.1991341991342,85.0,0.36637931034482757,1.5592105263157894,10.0,9,2.158898376972548,1.137038470020959,False,False
EXTREME_OPEN,8,FIB_705,2.5,2.0,0.3,0.0,0.25,333,1.0605095541401275,39.03903903903904,122.0,0.3663663663663664,1.6009852216748768,11.5,11,1.9704197839028195,1.094530531456595,False,False
LAST_OPPOSING,5,FIB_618,3.0,1.5,0.4,0.05,0.5,587,1.8694267515923566,34.251290877796905,215.0,0.36626916524701875,1.5628272251308901,21.0,16,2.0474458916793083,1.050813068452439,False,False
LAST_OPPOSING,3,FIB_618,3.0,1.5,0.4,0.0,0.5,557,1.7738853503184713,34.23913043478261,204.0,0.36624775583482944,1.56198347107438,20.0,16,2.0616703982090265,1.053236660303444,False,False
EXTREME_OPEN,5,FIB_786,4.0,1.5,0.3,0.15,0.5,579,1.8439490445859872,27.33564013840831,212.0,0.36614853195164077,1.5047619047619047,20.0,16,2.57536262210845,1.3572973287398329,False,False
EXTREME_OPEN,3,CISD,2.5,1.5,0.4,0.15,0.25,706,2.248407643312102,39.61136023916293,258.5,0.3661473087818697,1.6398514851485149,13.5,10,1.7135670156308378,0.888456778816807,False,False
LAST_OPPOSING,3,FIB_705,3.0,1.2,0.4,0.15,0.5,762,2.426751592356688,34.16557161629435,279.0,0.3661417322834646,1.5568862275449102,22.0,17,2.150709598261964,1.1414854311227058,False,False
EXTREME_OPEN,8,FIB_786,2.5,2.0,0.4,0.05,0.25,205,0.6528662420382165,39.02439024390244,75.0,0.36585365853658536,1.6,17.0,14,2.218847562971812,1.1991855442739452,False,False
LAST_OPPOSING,8,FIB_786,2.5,2.0,0.4,0.0,0.25,205,0.6528662420382165,39.02439024390244,75.0,0.36585365853658536,1.6,9.5,8,2.207282307319918,1.1727879064813385,False,False
LAST_OPPOSING,8,FIB_786,2.5,2.0,0.4,0.05,0.25,205,0.6528662420382165,39.02439024390244,75.0,0.36585365853658536,1.6,9.5,8,2.207282307319918,1.1727879064813385,False,False
EXTREME_OPEN,8,FIB_786,3.0,2.0,0.3,0.05,0.5,287,0.9140127388535032,34.146341463414636,105.0,0.36585365853658536,1.5555555555555556,22.0,17,2.277349814389645,1.2434017145101972,False,False
EXTREME_OPEN,8,FIB_786,4.0,1.5,0.4,0.0,0.5,462,1.4713375796178343,27.331887201735356,169.0,0.3658008658008658,1.5044776119402985,17.0,15,2.5660415790797666,1.3627649005517914,False,False
LAST_OPPOSING,8,FIB_618,4.0,0.0,0.3,0.0,0.5,2537,8.079617834394904,27.4032708416434,928.0,0.3657863618446985,1.5098901098901099,30.0,19,2.4046495294031973,1.162220997415546,False,False
EXTREME_OPEN,5,FIB_786,4.0,2.0,0.3,0.15,0.5,268,0.8535031847133758,27.340823970037455,98.0,0.3656716417910448,1.5051546391752577,21.0,14,2.5462865065153464,1.345311675649185,False,False
LAST_OPPOSING,5,FIB_705,3.0,1.2,0.4,0.15,0.5,807,2.570063694267516,34.161490683229815,295.0,0.3655514250309789,1.5566037735849056,21.0,17,2.1427848121085864,1.1363625423462302,False,False
EXTREME_OPEN,8,FIB_786,3.0,2.0,0.3,0.0,0.5,290,0.9235668789808917,34.13793103448276,106.0,0.36551724137931035,1.5549738219895288,22.0,17,2.277589178073092,1.2432905813359219,False,False
LAST_OPPOSING,8,FIB_618,3.0,1.5,0.4,0.0,0.25,602,1.9171974522292994,34.22818791946309,220.0,0.3654485049833887,1.5612244897959184,21.0,15,2.0577925793643015,1.0652459270001824,False,False
LAST_OPPOSING,8,CISD,4.0,1.5,0.4,0.05,0.25,761,2.4235668789808917,28.21270310192024,278.0,0.36530880420499345,1.5720164609053497,17.0,15,2.1962257452444387,0.9786578315930559,False,False
EXTREME_OPEN,3,CISD,2.5,1.5,0.4,0.0,0.25,738,2.3503184713375798,39.57142857142858,269.5,0.36517615176151763,1.6371158392434988,17.0,10,1.7095238444228518,0.8960987802316477,False,False
EXTREME_OPEN,8,FIB_618,2.5,1.5,0.3,0.05,0.25,797,2.538216560509554,39.042821158690174,291.0,0.36511919698870765,1.6012396694214877,16.0,13,1.905603286954796,1.0237249468350693,False,False
EXTREME_OPEN,5,FIB_618,3.0,1.5,0.4,0.0,0.25,589,1.875796178343949,34.18803418803419,215.0,0.36502546689303905,1.5584415584415585,21.0,13,2.0663631319080444,1.0805964990250803,False,False
LAST_OPPOSING,8,FIB_705,3.0,1.2,0.4,0.15,0.25,825,2.627388535031847,34.143377885783714,301.0,0.36484848484848487,1.555350553505535,22.0,17,2.1605828470373822,1.1610094914923144,False,False
EXTREME_OPEN,8,FIB_618,4.0,0.0,0.3,0.0,0.5,2598,8.273885350318471,27.36105713175282,947.0,0.3645111624326405,1.5066880684858213,28.0,21,2.413210611354063,1.1675730519954446,False,False
LAST_OPPOSING,5,FIB_618,2.5,1.5,0.3,0.15,0.5,749,2.3853503184713376,39.083557951482476,273.0,0.3644859813084112,1.6039823008849559,18.5,16,1.8676499947716338,0.9891573142005341,False,False
EXTREME_OPEN,3,FIB_618,2.5,1.5,0.4,0.15,0.25,535,1.7038216560509554,39.02439024390244,195.0,0.3644859813084112,1.6,19.0,10,1.9062175887276875,1.0221997864902168,False,False
EXTREME_OPEN,8,FIB_705,4.0,1.2,0.4,0.0,0.25,884,2.8152866242038215,27.293318233295583,322.0,0.36425339366515835,1.5015576323987538,21.0,16,2.4891093639020654,1.26175896294116,False,False
EXTREME_OPEN,3,FIB_618,2.5,1.5,0.3,0.05,0.25,754,2.4012738853503186,39.01464713715047,274.5,0.3640583554376658,1.5993449781659388,15.0,13,1.912933712112906,1.0254049650560868,False,False
LAST_OPPOSING,3,CISD,4.0,1.5,0.4,0.05,0.5,706,2.248407643312102,28.18471337579618,257.0,0.3640226628895184,1.5698447893569845,20.0,15,2.2096673551716304,0.9709126554720197,False,False
LAST_OPPOSING,5,FIB_618,3.0,1.5,0.4,0.0,0.5,591,1.8821656050955413,34.18803418803419,215.0,0.3637901861252115,1.5584415584415585,21.0,16,2.049049765440153,1.0524005449864424,False,False
EXTREME_OPEN,8,FIB_705,2.5,2.0,0.0,0.05,0.5,462,1.4713375796178343,38.961038961038966,168.0,0.36363636363636365,1.5957446808510638,9.5,7,1.984103016557157,1.0812309782734544,False,False
EXTREME_OPEN,3,FIB_786,2.5,2.0,0.3,0.05,0.25,267,0.8503184713375797,38.951310861423224,97.0,0.36329588014981273,1.5950920245398772,21.5,21,2.2148849210936707,1.1980752541564073,False,False
LAST_OPPOSING,5,FIB_786,4.0,1.5,0.3,0.15,0.5,581,1.8503184713375795,27.288428324697755,211.0,0.36316695352839934,1.501187648456057,26.0,20,2.539284153442315,1.3219677963069234,False,False
LAST_OPPOSING,8,FIB_786,2.5,2.0,0.3,0.15,0.25,285,0.9076433121019108,38.94736842105263,103.5,0.3631578947368421,1.5948275862068966,12.5,8,2.157468440102039,1.1848292098051472,False,False
LAST_OPPOSING,8,FIB_786,2.5,2.0,0.3,0.15,0.5,285,0.9076433121019108,38.94736842105263,103.5,0.3631578947368421,1.5948275862068966,12.5,8,2.106718038427491,1.1500819381682534,False,False
EXTREME_OPEN,5,FIB_618,2.5,1.5,0.3,0.05,0.5,788,2.5095541401273884,38.98089171974522,286.0,0.3629441624365482,1.5970772442588725,18.5,13,1.8906950398398048,1.0110344411930432,False,False
EXTREME_OPEN,3,FIB_786,4.0,1.5,0.4,0.0,0.5,441,1.4044585987261147,27.27272727272727,160.0,0.36281179138321995,1.5,16.0,15,2.5673326951625732,1.3737433183116499,False,False
LAST_OPPOSING,3,FIB_786,4.0,1.5,0.0,0.15,0.5,739,2.3535031847133756,27.27272727272727,268.0,0.36265223274695535,1.5,26.0,17,2.5714249293665974,1.3316655763097285,False,False
EXTREME_OPEN,5,FIB_705,3.0,1.5,0.4,0.15,0.25,491,1.5636942675159236,34.08163265306122,178.0,0.3625254582484725,1.5510835913312693,27.0,13,2.155412458148461,1.1513683241035575,False,False
EXTREME_OPEN,5,FIB_786,2.5,2.0,0.3,0.05,0.25,280,0.89171974522293,38.92857142857143,101.5,0.3625,1.5935672514619883,19.0,16,2.206055764415029,1.2090432663130066,False,False
LAST_OPPOSING,8,CISD,3.0,2.0,0.0,0.05,0.5,729,2.321656050955414,35.12269938650307,264.0,0.36213991769547327,1.624113475177305,16.0,15,1.8813642303504992,0.8784928943916029,False,False
EXTREME_OPEN,5,FIB_786,2.5,2.0,0.4,0.0,0.25,203,0.6464968152866242,38.91625615763547,73.5,0.3620689655172414,1.592741935483871,16.0,13,2.227716106208762,1.20141633592048,False,False
EXTREME_OPEN,8,FIB_786,4.0,2.0,0.3,0.0,0.25,290,0.9235668789808917,27.241379310344826,105.0,0.3620689655172414,1.4976303317535544,20.0,17,2.5615712745976773,1.3777598213757312,False,False
EXTREME_OPEN,8,FIB_786,2.5,2.0,0.3,0.15,0.25,275,0.8757961783439491,38.90909090909091,99.5,0.3618181818181818,1.5922619047619047,20.5,15,2.1874997438074884,1.211153626217134,False,False
EXTREME_OPEN,5,FIB_786,4.0,1.5,0.4,0.15,0.5,434,1.3821656050955413,27.25173210161663,157.0,0.3617511520737327,1.4984126984126984,16.0,14,2.5666050762471735,1.358567688466695,False,False
EXTREME_OPEN,3,CISD,3.0,2.0,0.0,0.15,0.25,575,1.8312101910828025,35.077519379844965,208.0,0.3617391304347826,1.6208955223880597,22.0,22,1.850654654127417,0.8930199343379773,False,False
EXTREME_OPEN,5,FIB_705,3.0,2.0,0.4,0.15,0.25,224,0.7133757961783439,34.08071748878923,81.0,0.36160714285714285,1.5510204081632653,10.0,9,2.172258430717704,1.1397058116743886,False,False
EXTREME_OPEN,3,FIB_618,3.0,1.5,0.4,0.0,0.25,567,1.805732484076433,34.10301953818828,205.0,0.36155202821869487,1.5525606469002695,20.0,13,2.06377481438374,1.0841324341317409,False,False
EXTREME_OPEN,3,FIB_786,4.0,1.5,0.3,0.05,0.5,592,1.8853503184713376,27.241962774957702,214.0,0.3614864864864865,1.4976744186046511,20.0,19,2.5907620558961284,1.3635941150181872,False,False
LAST_OPPOSING,8,FIB_786,3.0,2.0,0.3,0.15,0.25,285,0.9076433121019108,34.03508771929825,103.0,0.36140350877192984,1.547872340425532,15.0,14,2.281161696441208,1.2422902775231974,False,False
LAST_OPPOSING,8,FIB_705,2.5,1.5,0.3,0.15,0.5,670,2.1337579617834397,38.92215568862276,242.0,0.3611940298507463,1.5931372549019607,16.0,11,1.928753284489748,1.0670490826371795,False,False
EXTREME_OPEN,5,FIB_705,3.0,1.5,0.4,0.05,0.5,515,1.6401273885350318,34.04669260700389,186.0,0.3611650485436893,1.5486725663716814,23.0,11,2.149948073241182,1.1392694877063567,False,False
EXTREME_OPEN,3,CISD,4.0,0.0,0.3,0.05,0.5,2614,8.32484076433121,27.718724448078497,944.0,0.361132364192808,1.5339366515837105,30.0,18,2.232009117243778,1.014148078121819,False,False
EXTREME_OPEN,3,FIB_786,2.5,2.0,0.3,0.0,0.25,270,0.8598726114649682,38.88888888888889,97.5,0.3611111111111111,1.5909090909090908,21.5,21,2.216581373607865,1.198958121744056,False,False
LAST_OPPOSING,5,FIB_786,4.0,1.5,0.3,0.05,0.5,615,1.9585987261146496,27.24306688417618,222.0,0.36097560975609755,1.4977578475336324,21.0,20,2.555459148456394,1.3236792712135892,False,False
EXTREME_OPEN,5,FIB_705,3.0,1.5,0.4,0.0,0.5,521,1.6592356687898089,34.03846153846154,188.0,0.36084452975047987,1.5481049562682216,24.0,11,2.14770353724808,1.13964845678664,False,False
EXTREME_OPEN,5,CISD,4.0,0.0,0.3,0.05,0.5,2691,8.570063694267516,27.724741447891805,971.0,0.36083240431066516,1.5343973582828838,21.0,19,2.2275880806645527,1.0112476244420527,False,False
EXTREME_OPEN,5,CISD,3.0,2.0,0.0,0.15,0.25,621,1.9777070063694266,35.14492753623188,224.0,0.3607085346215781,1.6256983240223464,24.0,24,1.8435178520821165,0.8867325045072771,False,False
LAST_OPPOSING,5,FIB_618,3.0,1.5,0.4,0.15,0.5,563,1.7929936305732483,34.1113105924596,203.0,0.3605683836589698,1.553133514986376,21.0,14,2.0412542905344453,1.0440762882460268,False,False
EXTREME_OPEN,8,FIB_618,2.5,1.5,0.4,0.05,0.5,588,1.872611464968153,38.907849829351534,212.0,0.36054421768707484,1.5921787709497206,16.5,12,1.8875742638168398,1.0207049071538346,False,False
EXTREME_OPEN,8,FIB_618,3.0,1.5,0.4,0.05,0.25,588,1.872611464968153,34.07534246575342,212.0,0.36054421768707484,1.5506493506493506,20.0,13,2.0640411570064003,1.07974504251915,False,False
EXTREME_OPEN,3,FIB_618,4.0,1.2,0.4,0.05,0.25,932,2.968152866242038,27.31229597388466,336.0,0.3605150214592275,1.5029940119760479,21.0,18,2.414821826814936,1.1599226941949594,False,False
EXTREME_OPEN,5,FIB_786,2.5,2.0,0.3,0.0,0.25,283,0.9012738853503185,38.869257950530034,102.0,0.36042402826855124,1.5895953757225434,19.0,16,2.207767883315624,1.2097693094656399,False,False
LAST_OPPOSING,3,FIB_618,3.0,1.5,0.4,0.15,0.5,530,1.6878980891719746,34.095238095238095,191.0,0.360377358490566,1.5520231213872833,20.0,14,2.054645912934796,1.0459724309062735,False,False
LAST_OPPOSING,8,FIB_705,2.5,1.5,0.3,0.05,0.5,709,2.2579617834394905,38.8967468175389,255.5,0.3603667136812412,1.5914351851851851,15.0,15,1.9433478437933256,1.0697576946095009,False,False
LAST_OPPOSING,8,FIB_786,3.0,2.0,0.3,0.0,0.25,297,0.945859872611465,34.00673400673401,107.0,0.3602693602693603,1.5459183673469388,16.0,16,2.2780276994213797,1.2412277304731736,False,False
EXTREME_OPEN,3,CISD,2.5,2.0,0.0,0.15,0.25,576,1.8343949044585988,39.73634651600753,207.5,0.3602430555555556,1.6484375,19.0,19,1.7023632877660217,0.859060669289236,False,False
LAST_OPPOSING,8,FIB_705,2.5,1.5,0.3,0.0,0.5,717,2.28343949044586,38.88111888111888,258.0,0.3598326359832636,1.5903890160183067,15.0,15,1.9426041881911615,1.0704289544818264,False,False
LAST_OPPOSING,8,FIB_618,3.0,1.2,0.4,0.15,0.5,934,2.9745222929936306,34.05172413793103,336.0,0.35974304068522484,1.5490196078431373,19.0,14,2.047550253138974,1.0646326866357065,False,False
LAST_OPPOSING,3,FIB_618,3.0,1.5,0.0,0.15,0.5,937,2.984076433121019,34.088457389428264,337.0,0.35965848452508004,1.5515548281505729,26.0,20,2.0496500556424797,1.051996372133308,False,False
EXTREME_OPEN,5,FIB_786,4.0,2.0,0.4,0.0,0.5,203,0.6464968152866242,27.22772277227723,73.0,0.35960591133004927,1.4965986394557824,14.0,13,2.542247814402316,1.342175452937871,False,False
LAST_OPPOSING,3,FIB_618,2.5,1.5,0.3,0.05,0.5,740,2.356687898089172,38.91156462585034,266.0,0.35945945945945945,1.5924276169265033,17.5,16,1.884969862019326,0.9974884220024143,False,False
EXTREME_OPEN,3,FIB_786,4.0,2.0,0.4,0.05,0.5,192,0.6114649681528662,27.225130890052355,69.0,0.359375,1.4964028776978417,18.0,18,2.5404285349964986,1.342217283489944,False,False
LAST_OPPOSING,3,FIB_786,4.0,1.5,0.3,0.0,0.5,579,1.8439490445859872,27.209705372616984,208.0,0.3592400690846287,1.4952380952380953,23.0,19,2.5730608717024115,1.324714450891165,False,False
LAST_OPPOSING,5,FIB_786,4.0,2.0,0.4,0.15,0.25,195,0.6210191082802548,27.17948717948718,70.0,0.358974358974359,1.4929577464788732,14.0,12,2.591179035955581,1.323944181873411,False,False
LAST_OPPOSING,5,FIB_618,2.5,1.5,0.3,0.0,0.25,801,2.550955414012739,38.91687657430731,287.5,0.3589263420724095,1.592783505154639,17.0,14,1.8915510136109248,1.0126413294263688,False,False
EXTREME_OPEN,8,FIB_786,4.0,2.0,0.3,0.05,0.25,287,0.9140127388535032,27.177700348432055,103.0,0.3588850174216028,1.492822966507177,20.0,17,2.5618781916198974,1.3788074849750094,False,False
EXTREME_OPEN,8,FIB_618,2.5,1.5,0.4,0.0,0.5,594,1.89171974522293,38.85135135135135,213.0,0.35858585858585856,1.5883977900552486,17.5,12,1.884979162286852,1.0218157131462948,False,False
LAST_OPPOSING,5,FIB_705,2.5,2.0,0.0,0.15,0.25,449,1.429936305732484,38.839285714285715,161.0,0.3585746102449889,1.5875912408759123,13.5,9,1.9430316612821725,1.0515818963405694,False,False
EXTREME_OPEN,8,FIB_618,2.5,1.5,0.3,0.0,0.25,806,2.56687898089172,38.85429638854296,289.0,0.358560794044665,1.5885947046843176,16.0,13,1.901764657997058,1.0267313870551713,False,False
EXTREME_OPEN,8,CISD,4.0,0.0,0.3,0.05,0.5,2712,8.636942675159236,27.689873417721518,972.0,0.3584070796460177,1.5317286652078774,20.0,19,2.225926602118043,1.0098279197873807,False,False
LAST_OPPOSING,3,FIB_705,4.0,1.2,0.4,0.0,0.25,815,2.5955414012738856,27.183271832718326,292.0,0.35828220858895704,1.4932432432432432,25.0,21,2.483173271397213,1.2602041014403438,False,False
LAST_OPPOSING,3,CISD,4.0,1.5,0.3,0.0,0.25,922,2.9363057324840764,28.000000000000004,330.0,0.3579175704989154,1.5555555555555556,24.0,24,2.222604736270618,0.984221521540741,False,False
LAST_OPPOSING,3,FIB_705,4.0,1.2,0.4,0.05,0.25,808,2.573248407643312,27.1712158808933,289.0,0.35767326732673266,1.4923339011925043,25.0,21,2.4826287950624266,1.260533221061374,False,False
LAST_OPPOSING,8,FIB_705,3.0,1.5,0.4,0.0,0.25,526,1.6751592356687899,33.969465648854964,188.0,0.3574144486692015,1.5433526011560694,29.0,10,2.1489810677845793,1.137619795917833,False,False
EXTREME_OPEN,3,FIB_618,2.5,1.5,0.4,0.05,0.5,561,1.786624203821656,38.81932021466905,200.5,0.357397504456328,1.5862573099415205,16.5,12,1.892700373580677,1.023197790100609,False,False
EXTREME_OPEN,5,FIB_618,3.0,1.5,0.4,0.15,0.25,557,1.7738853503184713,33.99638336347197,199.0,0.35727109515260325,1.5452054794520549,24.0,13,2.065209038667119,1.0726864064064427,False,False
LAST_OPPOSING,8,CISD,4.0,1.5,0.4,0.0,0.5,767,2.4426751592356686,28.046989720998532,274.0,0.35723598435462844,1.5591836734693878,17.0,15,2.1867587202913716,0.9670190938502286,False,False
EXTREME_OPEN,3,FIB_618,2.5,1.5,0.3,0.0,0.25,763,2.429936305732484,38.81578947368421,272.5,0.35714285714285715,1.586021505376344,15.0,13,1.9087922851583057,1.028561020958332,False,False
LAST_OPPOSING,5,FIB_786,3.0,2.0,0.3,0.15,0.5,280,0.89171974522293,33.92857142857143,100.0,0.35714285714285715,1.5405405405405406,14.0,13,2.2412285194158805,1.2080514966776985,False,False
EXTREME_OPEN,5,FIB_786,4.0,1.5,0.3,0.05,0.5,616,1.9617834394904459,27.15447154471545,220.0,0.35714285714285715,1.4910714285714286,18.0,15,2.5874581744748073,1.3615920267422896,False,False
EXTREME_OPEN,3,FIB_786,4.0,1.5,0.0,0.15,0.5,756,2.4076433121019107,27.1523178807947,270.0,0.35714285714285715,1.490909090909091,20.0,17,2.5809514850344737,1.3590983583634233,False,False
EXTREME_OPEN,3,FIB_786,4.0,2.0,0.4,0.15,0.5,185,0.589171974522293,27.173913043478258,66.0,0.3567567567567568,1.492537313432836,21.0,21,2.554162374577516,1.347268343158406,False,False
EXTREME_OPEN,5,CISD,2.5,2.0,0.0,0.15,0.25,623,1.984076433121019,39.71880492091388,222.0,0.3563402889245586,1.6472303206997085,20.0,20,1.6977479337622259,0.8513020028401123,False,False
EXTREME_OPEN,5,FIB_618,2.5,1.5,0.3,0.0,0.5,797,2.538216560509554,38.79093198992443,284.0,0.35633626097867,1.5843621399176955,18.5,13,1.886767362322953,1.0139539083501636,False,False
EXTREME_OPEN,8,FIB_618,2.5,1.5,0.3,0.15,0.5,748,2.3821656050955413,38.79194630872483,266.5,0.35628342245989303,1.5844298245614035,19.5,13,1.8799588300874643,1.0082634251974343,False,False
LAST_OPPOSING,5,FIB_786,3.0,2.0,0.3,0.0,0.5,292,0.9299363057324841,33.9041095890411,104.0,0.3561643835616438,1.538860103626943,15.0,15,2.2384350661794605,1.2069490041061148,False,False
LAST_OPPOSING,5,FIB_705,2.5,2.0,0.0,0.0,0.25,486,1.5477707006369428,38.76288659793815,173.0,0.3559670781893004,1.5824915824915824,14.0,9,1.949465356689459,1.059057866157132,False,False
EXTREME_OPEN,5,FIB_618,2.5,2.0,0.0,0.15,0.25,465,1.480891719745223,38.82863340563991,165.5,0.35591397849462364,1.5868794326241136,14.0,10,1.875293080753097,1.00435407360473,False,False
EXTREME_OPEN,5,CISD,2.5,1.5,0.4,0.05,0.25,765,2.4363057324840764,39.335180055401665,272.0,0.35555555555555557,1.6210045662100456,13.5,9,1.709322952928379,0.8916682618222018,False,False
EXTREME_OPEN,3,CISD,3.0,1.5,0.4,0.05,0.25,723,2.3025477707006368,34.575260804769,257.0,0.355463347164592,1.5854214123006833,20.0,13,1.891207159554979,0.9339222698443573,False,False
LAST_OPPOSING,8,CISD,4.0,1.5,0.4,0.15,0.5,740,2.356687898089172,28.00608828006088,263.0,0.3554054054054054,1.5560253699788584,23.0,23,2.181195885376519,0.960358652474109,False,False
LAST_OPPOSING,8,FIB_618,3.0,1.5,0.4,0.15,0.25,574,1.8280254777070064,33.978873239436616,204.0,0.3554006968641115,1.544,22.0,13,2.049332132658688,1.0581032825317374,False,False
EXTREME_OPEN,3,FIB_618,2.5,1.5,0.4,0.0,0.5,567,1.805732484076433,38.76106194690265,201.5,0.35537918871252205,1.5823699421965318,16.5,12,1.889927451239591,1.0243351119027972,False,False
LAST_OPPOSING,8,FIB_786,2.5,2.0,0.3,0.0,0.25,297,0.945859872611465,38.72053872053872,105.5,0.3552188552188552,1.5796703296703296,12.5,10,2.1567381591956325,1.1860883220568625,False,False
LAST_OPPOSING,8,FIB_786,2.5,2.0,0.3,0.0,0.5,297,0.945859872611465,38.72053872053872,105.5,0.3552188552188552,1.5796703296703296,12.5,10,2.1059334409159574,1.151340210461893,False,False
EXTREME_OPEN,8,CISD,2.5,1.5,0.4,0.05,0.25,777,2.4745222929936306,39.34426229508197,276.0,0.3552123552123552,1.6216216216216217,14.5,9,1.7094344955714378,0.8896812087835556,False,False
LAST_OPPOSING,3,FIB_618,2.5,1.5,0.3,0.0,0.5,745,2.372611464968153,38.78378378378378,264.5,0.35503355704697986,1.5838852097130243,17.5,16,1.8846620371621154,0.9993169947217219,False,False
EXTREME_OPEN,8,FIB_618,2.5,1.5,0.4,0.15,0.5,562,1.7898089171974523,38.75,199.5,0.35498220640569395,1.5816326530612246,20.0,10,1.880831747961767,1.0142740455728578,False,False
LAST_OPPOSING,5,FIB_618,2.5,1.5,0.3,0.05,0.5,793,2.5254777070063694,38.80407124681934,281.5,0.35498108448928123,1.5852390852390852,18.5,16,1.8683771767466222,0.9972262344700219,False,False
LAST_OPPOSING,3,FIB_786,4.0,1.5,0.4,0.15,0.5,403,1.28343949044586,27.114427860696516,143.0,0.3548387096774194,1.4880546075085324,23.0,16,2.55119622918404,1.3334734307903087,False,False
EXTREME_OPEN,3,CISD,3.0,1.5,0.4,0.15,0.25,699,2.2261146496815285,34.5679012345679,248.0,0.3547925608011445,1.5849056603773586,20.0,13,1.885542764969987,0.9262271571735986,False,False
EXTREME_OPEN,5,FIB_705,3.0,2.0,0.4,0.0,0.25,234,0.7452229299363057,33.90557939914164,83.0,0.3547008547008547,1.5389610389610389,11.0,9,2.1491896999719144,1.1414831439949986,False,False
EXTREME_OPEN,3,FIB_618,3.0,1.5,0.0,0.15,0.25,939,2.9904458598726116,33.941997851772285,333.0,0.3546325878594249,1.5414634146341464,27.0,15,2.0705972219263846,1.077913838332638,False,False
LAST_OPPOSING,8,CISD,3.0,2.0,0.0,0.0,0.5,739,2.3535031847133756,34.954407294832826,262.0,0.35453315290933696,1.6121495327102804,16.0,15,1.878960841645794,0.8778789342524872,False,False
EXTREME_OPEN,3,CISD,2.5,2.0,0.0,0.15,0.5,576,1.8343949044585988,39.548022598870055,204.0,0.3541666666666667,1.6355140186915889,19.0,19,1.69386160182738,0.8584282743577015,False,False
EXTREME_OPEN,5,FIB_705,3.0,1.5,0.0,0.15,0.25,882,2.8089171974522293,33.86363636363636,312.0,0.35374149659863946,1.5360824742268042,26.0,12,2.1523213812603825,1.1594649455550932,False,False
LAST_OPPOSING,5,FIB_786,4.0,1.5,0.3,0.0,0.5,622,1.980891719745223,27.09677419354839,220.0,0.3536977491961415,1.4867256637168142,21.0,20,2.55058020481723,1.3281238423113084,False,False
EXTREME_OPEN,8,FIB_786,2.5,2.0,0.3,0.05,0.5,287,0.9140127388535032,38.67595818815331,101.5,0.35365853658536583,1.5767045454545454,20.0,17,2.134160313433743,1.1847135165181317,False,False
EXTREME_OPEN,8,FIB_618,3.0,1.5,0.4,0.0,0.25,594,1.89171974522293,33.89830508474576,210.0,0.35353535353535354,1.5384615384615385,21.0,13,2.058621093846354,1.0827507363653817,False,False
LAST_OPPOSING,8,CISD,4.0,1.5,0.4,0.05,0.5,761,2.4235668789808917,27.958579881656803,269.0,0.35348226018396844,1.5523613963039014,17.0,15,2.184146548085208,0.9673757652460955,False,False
EXTREME_OPEN,8,CISD,3.0,1.5,0.4,0.05,0.25,767,2.4426751592356686,34.55571227080395,271.0,0.3533246414602347,1.584051724137931,19.0,14,1.8806816364934982,0.9283921277398167,False,False
EXTREME_OPEN,3,FIB_618,3.0,1.5,0.4,0.15,0.25,535,1.7038216560509554,33.89830508474576,189.0,0.3532710280373832,1.5384615384615385,23.0,13,2.062418447849211,1.076108561860399,False,False
LAST_OPPOSING,8,FIB_618,2.5,1.5,0.3,0.15,0.25,763,2.429936305732484,38.75661375661375,269.5,0.3532110091743119,1.58207343412527,19.0,13,1.8739366402689182,1.0080075583738088,False,False
EXTREME_OPEN,3,FIB_786,2.5,2.0,0.4,0.0,0.25,194,0.6178343949044586,38.659793814432994,68.5,0.35309278350515466,1.5756302521008403,18.5,18,2.230397324652123,1.2048337124736213,False,False
LAST_OPPOSING,3,FIB_786,4.0,2.0,0.3,0.15,0.25,255,0.8121019108280255,27.058823529411764,90.0,0.35294117647058826,1.4838709677419355,22.0,22,2.5794009835411624,1.3228775055569253,False,False
LAST_OPPOSING,5,FIB_705,3.0,1.5,0.4,0.0,0.5,516,1.643312101910828,33.85214007782101,182.0,0.35271317829457366,1.535294117647059,28.0,13,2.1439551674446697,1.1187645452808421,False,False
EXTREME_OPEN,3,FIB_618,2.5,1.5,0.3,0.15,0.5,706,2.248407643312102,38.69132290184922,249.0,0.3526912181303116,1.5777262180974478,18.5,13,1.8861366465069842,1.0103922182749487,False,False
EXTREME_OPEN,8,FIB_786,2.5,2.0,0.4,0.0,0.25,207,0.6592356687898089,38.64734299516908,73.0,0.3526570048309179,1.5748031496062993,17.0,14,2.214395839337253,1.2059419295793787,False,False
EXTREME_OPEN,8,CISD,3.0,1.5,0.4,0.15,0.25,743,2.3662420382165603,34.54810495626822,262.0,0.35262449528936746,1.5835189309576838,19.0,14,1.8750126938711766,0.9209740831000195,False,False
LAST_OPPOSING,8,FIB_705,3.0,1.5,0.4,0.05,0.25,522,1.6624203821656052,33.84615384615385,184.0,0.3524904214559387,1.5348837209302326,29.0,10,2.1468679121894407,1.1380533123865562,False,False
EXTREME_OPEN,3,FIB_618,4.0,1.2,0.4,0.15,0.25,874,2.78343949044586,27.1461716937355,308.0,0.3524027459954233,1.4904458598726114,19.0,17,2.408501653170296,1.1563194375544295,False,False
EXTREME_OPEN,3,FIB_786,4.0,2.0,0.3,0.05,0.5,267,0.8503184713375797,27.06766917293233,94.0,0.352059925093633,1.4845360824742269,23.0,21,2.540167804191868,1.3377838906284376,False,False
LAST_OPPOSING,3,CISD,4.0,1.5,0.3,0.05,0.25,915,2.9140127388535033,27.87286063569682,322.0,0.3519125683060109,1.5457627118644068,24.0,24,2.2208311570112858,0.9840719003500799,False,False
EXTREME_OPEN,8,FIB_786,2.5,2.0,0.3,0.0,0.5,290,0.9235668789808917,38.62068965517241,102.0,0.35172413793103446,1.5730337078651686,20.0,17,2.1358809478167338,1.1852095026334295,False,False
LAST_OPPOSING,5,FIB_705,4.0,1.2,0.4,0.05,0.25,853,2.71656050955414,27.058823529411764,300.0,0.3516998827667057,1.4838709677419355,24.0,21,2.470403903461065,1.2562498224244383,False,False
EXTREME_OPEN,3,FIB_786,4.0,1.5,0.3,0.0,0.5,600,1.910828025477707,27.04507512520868,211.0,0.3516666666666667,1.482837528604119,20.0,19,2.5838090460599803,1.3681197403001364,False,False
EXTREME_OPEN,3,CISD,3.0,1.5,0.4,0.0,0.25,731,2.328025477707006,34.46244477172312,257.0,0.35157318741450067,1.5775280898876405,21.0,13,1.8873425504786738,0.9364879438607591,False,False
EXTREME_OPEN,8,FIB_705,3.0,1.5,0.4,0.15,0.25,495,1.5764331210191083,33.80566801619433,174.0,0.3515151515151515,1.5321100917431192,27.0,13,2.1500925861386206,1.1545055191631566,False,False
EXTREME_OPEN,3,FIB_618,2.5,1.5,0.4,0.15,0.5,535,1.7038216560509554,38.649155722326455,188.0,0.3514018691588785,1.5749235474006116,19.0,10,1.8858667005775163,1.016563529816697,False,False
EXTREME_OPEN,3,CISD,2.5,1.5,0.4,0.05,0.5,730,2.3248407643312103,39.16184971098266,256.5,0.35136986301369866,1.6092636579572446,13.5,9,1.6993011500880035,0.8906258101105008,False,False
LAST_OPPOSING,8,FIB_786,3.0,2.0,0.3,0.05,0.25,296,0.9426751592356688,33.78378378378378,104.0,0.35135135135135137,1.530612244897959,16.0,16,2.2736071558095485,1.245300604007334,False,False
EXTREME_OPEN,3,CISD,2.5,1.5,0.4,0.15,0.5,706,2.248407643312102,39.162929745889386,248.0,0.35127478753541075,1.6093366093366093,13.5,10,1.6972632619938304,0.8830221107538127,False,False
EXTREME_OPEN,8,FIB_705,2.5,2.0,0.3,0.15,0.5,316,1.0063694267515924,38.607594936708864,111.0,0.3512658227848101,1.5721649484536082,10.5,10,1.957038945981618,1.087228713194019,False,False
LAST_OPPOSING,3,FIB_705,2.5,2.0,0.0,0.05,0.25,430,1.3694267515923566,38.604651162790695,151.0,0.3511627906976744,1.571969696969697,13.0,8,1.9737791471021051,1.0701415378732952,False,False
EXTREME_OPEN,5,CISD,2.5,1.5,0.4,0.15,0.25,741,2.359872611464968,39.19885550786839,260.0,0.3508771929824561,1.611764705882353,13.5,10,1.7085745857621952,0.887183120367663,False,False
LAST_OPPOSING,5,FIB_705,4.0,1.2,0.4,0.0,0.25,861,2.7420382165605095,27.03962703962704,302.0,0.3507549361207898,1.4824281150159744,25.0,21,2.4720945144411255,1.2570156596944821,False,False
EXTREME_OPEN,5,CISD,2.5,2.0,0.0,0.15,0.5,623,1.984076433121019,39.54305799648506,218.5,0.3507223113964687,1.635174418604651,20.0,20,1.689686522140524,0.8500787224134287,False,False
EXTREME_OPEN,8,FIB_705,3.0,1.5,0.4,0.05,0.5,519,1.6528662420382165,33.78378378378378,182.0,0.35067437379576105,1.530612244897959,23.0,11,2.1445872866546933,1.1419477383194325,False,False
LAST_OPPOSING,3,FIB_786,4.0,2.0,0.0,0.0,0.25,385,1.2261146496815287,27.01298701298701,135.0,0.35064935064935066,1.480427046263345,22.0,22,2.581123844387976,1.3383852997481516,False,False
EXTREME_OPEN,8,CISD,2.5,1.5,0.4,0.15,0.25,753,2.3980891719745223,39.21015514809591,264.0,0.350597609561753,1.6125290023201857,14.5,10,1.7087016097192353,0.8852042113190924,False,False
EXTREME_OPEN,5,CISD,2.5,1.5,0.4,0.0,0.25,773,2.461783439490446,39.178082191780824,271.0,0.35058214747736094,1.6103603603603605,17.0,10,1.704921154202432,0.8945318320294033,False,False
EXTREME_OPEN,8,FIB_705,3.0,1.5,0.4,0.0,0.5,525,1.6719745222929936,33.778625954198475,184.0,0.3504761904761905,1.5302593659942363,24.0,11,2.142421118020623,1.1422932114378117,False,False
EXTREME_OPEN,3,FIB_618,2.5,2.0,0.0,0.15,0.25,441,1.4044585987261147,38.672768878718536,154.5,0.35034013605442177,1.5764925373134329,14.0,11,1.8811035204144075,1.0068877040239832,False,False
EXTREME_OPEN,8,CISD,2.5,1.5,0.4,0.0,0.25,785,2.5,39.189189189189186,275.0,0.3503184713375796,1.6111111111111112,18.0,10,1.7050988487481238,0.8925212548911682,False,False
LAST_OPPOSING,3,CISD,4.0,1.5,0.3,0.15,0.25,877,2.7929936305732483,27.84163473818646,307.0,0.3500570125427594,1.5433628318584072,25.0,25,2.2190739683401017,0.9805491084681788,False,False
EXTREME_OPEN,8,CISD,3.0,1.5,0.4,0.0,0.25,775,2.468152866242038,34.449093444909344,271.0,0.3496774193548387,1.5765957446808512,21.0,14,1.8771450880415144,0.9308692230208824,False,False
EXTREME_OPEN,5,FIB_705,3.0,1.5,0.3,0.05,0.25,695,2.213375796178344,33.76623376623377,243.0,0.3496402877697842,1.5294117647058822,22.0,18,2.1673396296252863,1.164075511708922,False,False
LAST_OPPOSING,8,FIB_705,2.5,2.0,0.0,0.15,0.25,465,1.480891719745223,38.577586206896555,162.5,0.34946236559139787,1.5701754385964912,14.5,9,1.9316742996130019,1.0589219127260794,False,False
LAST_OPPOSING,3,FIB_786,4.0,2.0,0.0,0.15,0.25,352,1.1210191082802548,26.988636363636363,123.0,0.3494318181818182,1.4785992217898833,19.0,18,2.5716342439010322,1.3312603336453523,False,False
EXTREME_OPEN,5,FIB_786,4.0,1.5,0.0,0.15,0.5,790,2.515923566878981,26.996197718631176,276.0,0.3493670886075949,1.4791666666666667,18.0,14,2.5769301489764835,1.3598565949531025,False,False
EXTREME_OPEN,8,FIB_786,4.0,1.5,0.4,0.15,0.5,438,1.394904458598726,27.002288329519452,153.0,0.3493150684931507,1.4796238244514106,16.0,14,2.5566191511536993,1.3612468202208043,False,False
EXTREME_OPEN,8,FIB_786,4.0,1.5,0.0,0.15,0.5,805,2.5636942675159236,26.990049751243784,281.0,0.3490683229813665,1.4787052810902896,19.0,14,2.5679379676279535,1.358994027318975,False,False
EXTREME_OPEN,3,FIB_705,4.0,1.2,0.4,0.05,0.5,831,2.6464968152866244,26.987951807228917,290.0,0.3489771359807461,1.4785478547854785,24.0,17,2.459611475338946,1.2453183403368546,False,False
EXTREME_OPEN,3,FIB_705,3.0,1.5,0.0,0.15,0.25,838,2.6687898089171975,33.73205741626794,292.0,0.34844868735083534,1.5270758122743682,27.0,14,2.158153743034978,1.1621518775302113,False,False
EXTREME_OPEN,8,FIB_618,2.5,2.0,0.0,0.15,0.25,478,1.5222929936305734,38.607594936708864,166.5,0.348326359832636,1.5721649484536082,15.0,10,1.8614414488444053,1.0064820165974504,False,False
LAST_OPPOSING,3,FIB_786,4.0,2.0,0.3,0.0,0.25,267,0.8503184713375797,26.96629213483146,93.0,0.34831460674157305,1.476923076923077,22.0,22,2.573094769208013,1.3231340595300825,False,False
LAST_OPPOSING,8,FIB_786,2.5,2.0,0.3,0.05,0.25,296,0.9426751592356688,38.513513513513516,103.0,0.34797297297297297,1.565934065934066,12.5,10,2.1519078536235794,1.1899749138058329,False,False
LAST_OPPOSING,8,FIB_786,2.5,2.0,0.3,0.05,0.5,296,0.9426751592356688,38.513513513513516,103.0,0.34797297297297297,1.565934065934066,12.5,10,2.1012099375086146,1.1551121781971572,False,False
EXTREME_OPEN,3,FIB_705,4.0,1.2,0.4,0.15,0.25,776,2.4713375796178343,26.96774193548387,270.0,0.3479381443298969,1.4770318021201414,22.0,16,2.4847316448981265,1.2695472644992247,False,False
EXTREME_OPEN,5,FIB_786,4.0,1.5,0.3,0.0,0.5,624,1.9872611464968153,26.96629213483146,217.0,0.34775641025641024,1.476923076923077,18.0,15,2.5808149455480147,1.3659692573118036,False,False
LAST_OPPOSING,5,FIB_786,4.0,1.5,0.0,0.15,0.5,814,2.5923566878980893,26.970443349753694,283.0,0.3476658476658477,1.4772344013490726,27.0,19,2.537858105463808,1.3321740135743245,False,False
LAST_OPPOSING,5,FIB_705,3.0,1.5,0.4,0.05,0.5,512,1.6305732484076434,33.72549019607843,178.0,0.34765625,1.5266272189349113,28.0,13,2.141693321859549,1.1192632781978356,False,False
LAST_OPPOSING,8,FIB_705,2.5,2.0,0.0,0.0,0.25,502,1.5987261146496816,38.522954091816366,174.5,0.34760956175298807,1.5665584415584415,15.0,9,1.938740033377346,1.0656186073965686,False,False
EXTREME_OPEN,8,FIB_618,2.5,1.5,0.3,0.05,0.5,797,2.538216560509554,38.539042821158695,277.0,0.3475533249686324,1.5676229508196722,19.5,13,1.8796477417960649,1.015850572407146,False,False
EXTREME_OPEN,8,FIB_786,4.0,1.5,0.3,0.15,0.5,587,1.8694267515923566,26.96245733788396,204.0,0.3475298126064736,1.4766355140186915,21.0,16,2.558520627001134,1.3627777990893513,False,False
EXTREME_OPEN,8,FIB_705,3.0,1.5,0.0,0.15,0.25,898,2.859872611464968,33.705357142857146,312.0,0.34743875278396436,1.5252525252525253,26.0,12,2.143824859811229,1.1604576854537585,False,False
EXTREME_OPEN,5,CISD,3.0,1.5,0.4,0.05,0.25,757,2.410828025477707,34.37945791726106,263.0,0.3474240422721268,1.5717391304347825,19.0,14,1.8822655819742176,0.9318181449736289,False,False
LAST_OPPOSING,5,FIB_786,3.0,2.0,0.3,0.05,0.5,291,0.9267515923566879,33.67697594501718,101.0,0.3470790378006873,1.5233160621761659,15.0,15,2.234085734965337,1.2109768777943708,False,False
EXTREME_OPEN,8,FIB_705,2.5,2.0,0.3,0.05,0.5,330,1.0509554140127388,38.484848484848484,114.5,0.346969696969697,1.564039408866995,11.5,11,1.9543251885286488,1.086153521882055,False,False
EXTREME_OPEN,3,FIB_786,4.0,2.0,0.0,0.15,0.5,346,1.1019108280254777,26.956521739130434,120.0,0.3468208092485549,1.4761904761904763,24.0,22,2.572609029951128,1.346189768968326,False,False
EXTREME_OPEN,5,CISD,3.0,1.5,0.4,0.15,0.25,733,2.3343949044585988,34.365781710914455,254.0,0.34652114597544337,1.5707865168539326,19.0,14,1.8765711622240846,0.9244110743682296,False,False
EXTREME_OPEN,8,FIB_786,4.0,2.0,0.4,0.05,0.5,205,0.6528662420382165,26.96078431372549,71.0,0.3463414634146341,1.476510067114094,15.0,14,2.529617155979698,1.3434449202262801,False,False
LAST_OPPOSING,5,FIB_705,3.0,1.5,0.0,0.15,0.25,924,2.9426751592356686,33.69565217391305,320.0,0.3463203463203463,1.5245901639344261,28.0,18,2.124935556991278,1.1418027478489017,False,False
EXTREME_OPEN,3,CISD,2.5,1.5,0.4,0.0,0.5,738,2.3503184713375798,39.0,255.5,0.3462059620596206,1.598360655737705,17.0,10,1.6946882597488349,0.8934601470018939,False,False
LAST_OPPOSING,5,FIB_618,2.5,1.5,0.3,0.0,0.5,801,2.550955414012739,38.539042821158695,277.0,0.34581772784019976,1.5676229508196722,18.5,16,1.8666751088289966,1.0011016721539794,False,False
EXTREME_OPEN,3,FIB_618,2.5,1.5,0.3,0.05,0.5,754,2.4012738853503186,38.48202396804261,260.5,0.34549071618037136,1.5638528138528138,18.5,13,1.8875590401247848,1.017794826575157,False,False
LAST_OPPOSING,8,FIB_705,3.0,1.2,0.4,0.15,0.5,825,2.627388535031847,33.65735115431349,285.0,0.34545454545454546,1.521978021978022,22.0,17,2.131691592274374,1.1408100016514495,False,False
EXTREME_OPEN,3,FIB_786,4.0,2.0,0.4,0.0,0.5,194,0.6178343949044586,26.94300518134715,67.0,0.34536082474226804,1.475177304964539,18.0,18,2.5317507895938487,1.347262150475445,False,False
EXTREME_OPEN,8,FIB_705,2.5,2.0,0.3,0.0,0.5,333,1.0605095541401275,38.43843843843844,115.0,0.34534534534534533,1.5609756097560976,11.5,11,1.9507129001083559,1.0869205741632906,False,False
EXTREME_OPEN,3,FIB_786,4.0,1.5,0.4,0.15,0.5,417,1.3280254777070064,26.923076923076923,144.0,0.34532374100719426,1.4736842105263157,15.0,14,2.5575100653169374,1.3727806392739144,False,False
EXTREME_OPEN,8,FIB_618,3.0,1.5,0.4,0.15,0.25,562,1.7898089171974523,33.691756272401435,194.0,0.34519572953736655,1.5243243243243243,24.0,13,2.0570364405488997,1.0750336794371051,False,False
LAST_OPPOSING,3,FIB_618,4.0,1.2,0.4,0.0,0.25,925,2.945859872611465,27.0032930845225,319.0,0.34486486486486484,1.4796992481203008,33.0,20,2.4107735346184356,1.155272174759819,False,False
EXTREME_OPEN,3,FIB_705,4.0,1.2,0.4,0.0,0.5,841,2.678343949044586,26.904761904761905,290.0,0.3448275862068966,1.4723127035830619,24.0,18,2.45865177229264,1.2466418915731299,False,False
EXTREME_OPEN,5,FIB_618,3.0,1.5,0.4,0.05,0.5,583,1.856687898089172,33.67875647668394,201.0,0.34476843910806176,1.5234375,20.0,13,2.043408275543409,1.0702420181340144,False,False
LAST_OPPOSING,8,FIB_618,2.5,1.5,0.3,0.05,0.25,807,2.570063694267516,38.5,278.0,0.3444857496902107,1.565040650406504,17.0,14,1.8767963035749406,1.0162747605633846,False,False
EXTREME_OPEN,3,FIB_618,4.0,1.2,0.4,0.05,0.5,932,2.968152866242038,26.985854189336234,321.0,0.3444206008583691,1.4783904619970194,21.0,18,2.3841669989716667,1.1449729328924736,False,False
EXTREME_OPEN,5,FIB_618,4.0,1.2,0.4,0.15,0.25,909,2.894904458598726,26.978818283166113,313.0,0.34433443344334436,1.4778625954198474,22.0,18,2.397688829997104,1.1548945941085584,False,False
LAST_OPPOSING,5,FIB_705,2.5,2.0,0.3,0.0,0.25,334,1.0636942675159236,38.43843843843844,115.0,0.344311377245509,1.5609756097560976,11.5,10,1.9309686511744026,1.0676779679620962,False,False
LAST_OPPOSING,5,FIB_705,2.5,2.0,0.3,0.15,0.25,321,1.0222929936305734,38.4375,110.5,0.3442367601246106,1.5609137055837563,10.5,9,1.9335994911163144,1.0680897919070356,False,False
LAST_OPPOSING,8,FIB_786,4.0,1.5,0.4,0.15,0.5,436,1.3885350318471337,26.89655172413793,150.0,0.3440366972477064,1.471698113207547,22.0,19,2.5250251650842896,1.3254922376694047,False,False
EXTREME_OPEN,5,CISD,3.0,1.5,0.4,0.0,0.25,765,2.4363057324840764,34.27362482369535,263.0,0.3437908496732026,1.5643776824034334,20.0,14,1.8786662399949587,0.9342917929539629,False,False
EXTREME_OPEN,5,FIB_705,3.0,1.5,0.3,0.0,0.25,704,2.2420382165605095,33.61823361823362,242.0,0.34375,1.51931330472103,23.0,18,2.162647956984534,1.1668266821426663,False,False
LAST_OPPOSING,3,FIB_705,3.0,1.5,0.4,0.05,0.5,483,1.5382165605095541,33.60995850622407,166.0,0.34368530020703936,1.51875,29.0,13,2.1471965177729073,1.128524268035239,False,False
LAST_OPPOSING,3,FIB_705,3.0,1.5,0.4,0.0,0.5,486,1.5477707006369428,33.608247422680414,167.0,0.3436213991769547,1.5186335403726707,29.0,13,2.1471180325564143,1.1285040746417607,False,False
EXTREME_OPEN,8,FIB_786,4.0,2.0,0.4,0.15,0.5,198,0.6305732484076433,26.903553299492383,68.0,0.3434343434343434,1.4722222222222223,18.0,13,2.5420670583502574,1.3482077459627444,False,False
EXTREME_OPEN,8,FIB_705,3.0,2.0,0.4,0.05,0.25,236,0.7515923566878981,33.61702127659574,81.0,0.3432203389830508,1.5192307692307692,11.0,9,2.147681087480314,1.14386148260923,False,False
LAST_OPPOSING,5,FIB_705,3.0,1.5,0.4,0.15,0.25,490,1.5605095541401275,33.60655737704918,168.0,0.34285714285714286,1.5185185185185186,31.0,17,2.1341185895741592,1.136429466506511,False,False
EXTREME_OPEN,5,FIB_786,4.0,2.0,0.3,0.05,0.5,280,0.89171974522293,26.881720430107524,96.0,0.34285714285714286,1.4705882352941178,19.0,16,2.534698226315145,1.3490212125883176,False,False
LAST_OPPOSING,3,FIB_705,3.0,1.5,0.0,0.15,0.25,831,2.6464968152866244,33.57487922705314,284.0,0.3417569193742479,1.5163636363636364,26.0,17,2.144048730976989,1.1502806735445616,False,False
EXTREME_OPEN,8,FIB_786,2.5,2.0,0.3,0.05,0.25,287,0.9140127388535032,38.32752613240418,98.0,0.34146341463414637,1.5536723163841808,20.0,17,2.1825786576731234,1.217278343249967,False,False
LAST_OPPOSING,8,FIB_786,4.0,2.0,0.4,0.0,0.25,205,0.6528662420382165,26.82926829268293,70.0,0.34146341463414637,1.4666666666666666,15.0,14,2.5607207621242867,1.3281103752106829,False,False
LAST_OPPOSING,8,FIB_786,4.0,2.0,0.4,0.05,0.25,205,0.6528662420382165,26.82926829268293,70.0,0.34146341463414637,1.4666666666666666,15.0,14,2.5607207621242867,1.3281103752106829,False,False
EXTREME_OPEN,8,FIB_618,2.5,1.5,0.3,0.0,0.5,806,2.56687898089172,38.35616438356164,275.0,0.3411910669975186,1.5555555555555556,19.5,13,1.875887278646515,1.01868366191496,False,False
LAST_OPPOSING,8,FIB_618,3.0,1.5,0.4,0.05,0.5,598,1.9044585987261147,33.61486486486486,204.0,0.3411371237458194,1.5190839694656488,21.0,16,2.0276025717442154,1.055151888383646,False,False
EXTREME_OPEN,3,CISD,3.0,2.0,0.0,0.15,0.5,575,1.8312101910828025,34.49612403100775,196.0,0.3408695652173913,1.5798816568047338,22.0,22,1.8329771994138178,0.8944027362810036,False,False
EXTREME_OPEN,5,FIB_618,2.5,2.0,0.0,0.15,0.5,465,1.480891719745223,38.39479392624729,158.5,0.34086021505376346,1.5580985915492958,14.0,10,1.8574501297991466,0.9968313841568057,False,False
EXTREME_OPEN,5,FIB_705,3.0,1.5,0.3,0.15,0.25,652,2.0764331210191083,33.53846153846154,222.0,0.34049079754601225,1.5138888888888888,24.0,20,2.1509961915115263,1.1629612335123962,False,False
EXTREME_OPEN,3,FIB_618,3.0,1.5,0.4,0.05,0.5,561,1.786624203821656,33.572710951526034,191.0,0.3404634581105169,1.5162162162162163,19.0,13,2.040914951792528,1.0743104709477351,False,False
LAST_OPPOSING,3,FIB_618,4.0,1.2,0.4,0.05,0.25,917,2.9203821656050954,26.910299003322258,312.0,0.34023991275899673,1.4727272727272727,33.0,20,2.4112259022685696,1.1562418038136615,False,False
EXTREME_OPEN,8,FIB_786,4.0,1.5,0.3,0.05,0.5,624,1.9872611464968153,26.80577849117175,212.0,0.33974358974358976,1.4649122807017543,18.0,15,2.571459752123965,1.366692473074257,False,False
EXTREME_OPEN,8,FIB_786,2.5,2.0,0.3,0.0,0.25,290,0.9235668789808917,38.275862068965516,98.5,0.3396551724137931,1.5502793296089385,20.0,17,2.1844923161872405,1.217901670771982,False,False
EXTREME_OPEN,5,FIB_705,4.0,1.2,0.4,0.05,0.5,863,2.748407643312102,26.798143851508122,293.0,0.33951332560834296,1.4643423137876386,24.0,17,2.448279352899399,1.2400253946040865,False,False
LAST_OPPOSING,8,FIB_618,2.5,1.5,0.3,0.15,0.5,763,2.429936305732484,38.35978835978836,259.0,0.3394495412844037,1.555793991416309,19.0,16,1.8501486041158253,0.9972470491228504,False,False
EXTREME_OPEN,5,FIB_618,3.0,1.5,0.3,0.05,0.25,784,2.4968152866242037,33.54755784061697,266.0,0.3392857142857143,1.5145067698259187,21.0,13,2.076207222125796,1.0843343880653233,False,False
LAST_OPPOSING,5,FIB_705,4.0,1.5,0.4,0.05,0.25,510,1.624203821656051,26.82445759368836,173.0,0.3392156862745098,1.4663072776280324,23.0,17,2.459643970455783,1.2326468529215469,False,False
LAST_OPPOSING,3,FIB_618,3.0,1.5,0.3,0.05,0.25,737,2.3471337579617835,33.56164383561644,250.0,0.33921302578018997,1.5154639175257731,24.0,16,2.0725752970343247,1.073015031193099,False,False
EXTREME_OPEN,8,FIB_618,4.0,1.2,0.4,0.15,0.25,920,2.929936305732484,26.87224669603524,312.0,0.3391304347826087,1.4698795180722892,23.0,19,2.387737932745891,1.1545099948585062,False,False
LAST_OPPOSING,8,FIB_618,3.0,1.5,0.4,0.0,0.5,602,1.9171974522292994,33.557046979865774,204.0,0.3388704318936877,1.5151515151515151,21.0,16,2.0293089881435504,1.0566815285030335,False,False
EXTREME_OPEN,3,FIB_618,2.5,1.5,0.3,0.0,0.5,763,2.429936305732484,38.28947368421053,258.5,0.33879423328964614,1.5511727078891258,18.5,13,1.8834933324137817,1.0207646455211412,False,False
LAST_OPPOSING,5,FIB_705,4.0,1.5,0.4,0.0,0.25,514,1.6369426751592357,26.810176125244617,174.0,0.33852140077821014,1.46524064171123,23.0,17,2.4616009568025863,1.2339829278238656,False,False
LAST_OPPOSING,3,FIB_705,3.0,1.5,0.4,0.15,0.25,461,1.4681528662420382,33.47826086956522,156.0,0.3383947939262473,1.5098039215686274,32.0,16,2.1383350410079256,1.1455642126995011,False,False
EXTREME_OPEN,3,FIB_705,3.0,1.5,0.3,0.05,0.25,665,2.1178343949044587,33.4841628959276,225.0,0.3383458646616541,1.510204081632653,22.0,18,2.1687576983945225,1.1689087339705628,False,False
LAST_OPPOSING,5,FIB_705,2.5,2.0,0.0,0.05,0.25,482,1.535031847133758,38.25363825363826,163.0,0.3381742738589212,1.5488215488215489,14.0,9,1.9412891627133346,1.0653584058050203,False,False
EXTREME_OPEN,8,CISD,3.0,2.0,0.0,0.15,0.25,645,2.054140127388535,34.56140350877193,218.0,0.33798449612403103,1.584450402144772,24.0,24,1.8263193968929274,0.8852016370394338,False,False
EXTREME_OPEN,5,FIB_705,4.0,1.2,0.4,0.15,0.25,808,2.573248407643312,26.765799256505574,273.0,0.3378712871287129,1.4619289340101522,22.0,16,2.472943574554362,1.264286502218549,False,False
EXTREME_OPEN,5,FIB_618,3.0,1.5,0.4,0.0,0.5,589,1.875796178343949,33.5042735042735,199.0,0.3378607809847199,1.5115681233933163,21.0,13,2.039682841043335,1.0730768333538232,False,False
LAST_OPPOSING,5,FIB_705,2.5,2.0,0.3,0.05,0.25,333,1.0605095541401275,38.25301204819277,112.5,0.33783783783783783,1.548780487804878,11.5,10,1.928630935022283,1.0699956327713898,False,False
EXTREME_OPEN,3,FIB_705,3.0,2.0,0.4,0.05,0.25,222,0.7070063694267515,33.4841628959276,75.0,0.33783783783783783,1.510204081632653,10.0,9,2.156330261775367,1.1443762718061594,False,False
LAST_OPPOSING,8,FIB_786,4.0,1.5,0.3,0.15,0.5,592,1.8853503184713376,26.779661016949152,200.0,0.33783783783783783,1.462962962962963,27.0,22,2.513123804622635,1.3318003932267841,False,False
EXTREME_OPEN,8,FIB_705,3.0,2.0,0.4,0.15,0.25,228,0.7261146496815286,33.480176211453745,77.0,0.33771929824561403,1.509933774834437,11.0,9,2.16041316521267,1.1467214327455209,False,False
EXTREME_OPEN,5,CISD,2.5,1.5,0.4,0.05,0.5,765,2.4363057324840764,38.78116343490305,258.0,0.33725490196078434,1.583710407239819,13.5,9,1.6940563806370799,0.8887577123499604,False,False
EXTREME_OPEN,8,CISD,2.5,1.5,0.4,0.05,0.5,777,2.4745222929936306,38.79781420765027,262.0,0.33719433719433717,1.5848214285714286,14.5,9,1.6941353485635515,0.8870730266547501,False,False
LAST_OPPOSING,8,FIB_786,4.0,1.5,0.3,0.05,0.5,626,1.9936305732484076,26.76282051282051,211.0,0.33706070287539935,1.461706783369803,23.0,22,2.5304354241011136,1.332947755482893,False,False
EXTREME_OPEN,3,FIB_786,4.0,2.0,0.3,0.0,0.5,270,0.8598726114649682,26.765799256505574,91.0,0.337037037037037,1.4619289340101522,23.0,21,2.539292036111798,1.3450418540697855,False,False
EXTREME_OPEN,8,CISD,2.5,2.0,0.0,0.15,0.25,647,2.0605095541401273,39.182282793867124,218.0,0.3369397217928903,1.6106442577030813,20.0,20,1.6855745746268536,0.8488360918893331,False,False
EXTREME_OPEN,5,CISD,2.5,1.5,0.4,0.15,0.5,741,2.359872611464968,38.76967095851216,249.5,0.3367071524966262,1.5829439252336448,13.5,10,1.6919448779902406,0.8814526568950685,False,False
EXTREME_OPEN,8,CISD,2.5,1.5,0.4,0.15,0.5,753,2.3980891719745223,38.787023977433,253.5,0.33665338645418325,1.5841013824884793,14.5,10,1.6920600122673064,0.8798306912646306,False,False
EXTREME_OPEN,5,CISD,3.0,2.0,0.0,0.15,0.5,621,1.9777070063694266,34.48275862068966,209.0,0.3365539452495974,1.5789473684210527,24.0,24,1.8277437577846458,0.8872917592227992,False,False
LAST_OPPOSING,3,FIB_786,4.0,1.5,0.0,0.05,0.5,821,2.6146496815286624,26.73992673992674,276.0,0.33617539585870887,1.46,23.0,18,2.5701699002601837,1.3498468214776824,False,False
EXTREME_OPEN,5,FIB_618,3.0,1.5,0.3,0.15,0.25,735,2.340764331210191,33.470507544581615,247.0,0.3360544217687075,1.5092783505154639,21.0,13,2.078124148776984,1.0795145643053319,False,False
LAST_OPPOSING,3,FIB_618,4.0,1.2,0.4,0.15,0.25,863,2.748407643312102,26.823529411764707,290.0,0.33603707995365006,1.4662379421221865,29.0,19,2.405146107023287,1.151567519522322,False,False
EXTREME_OPEN,3,FIB_786,4.0,2.0,0.0,0.0,0.5,390,1.2420382165605095,26.735218508997427,131.0,0.33589743589743587,1.4596491228070176,24.0,24,2.594355375651906,1.3636472778632012,False,False
LAST_OPPOSING,3,FIB_618,3.0,1.5,0.3,0.15,0.25,694,2.210191082802548,33.47889374090248,233.0,0.3357348703170029,1.5098468271334793,24.0,16,2.0705440355679183,1.068111893638123,False,False
EXTREME_OPEN,5,FIB_618,3.0,1.5,0.4,0.15,0.5,557,1.7738853503184713,33.45388788426763,187.0,0.3357271095152603,1.5081521739130435,24.0,13,2.0376045241485206,1.0644581854665043,False,False
EXTREME_OPEN,5,FIB_705,4.0,1.2,0.4,0.0,0.5,873,2.7802547770700636,26.72018348623853,293.0,0.3356242840778923,1.458528951486698,24.0,18,2.447484634643331,1.2413610601791554,False,False
LAST_OPPOSING,8,FIB_618,2.5,1.5,0.3,0.0,0.25,815,2.5955414012738856,38.242574257425744,273.5,0.3355828220858896,1.5480961923847696,17.0,14,1.875177132271565,1.0201360283853864,False,False
LAST_OPPOSING,3,FIB_618,3.0,1.5,0.3,0.0,0.25,742,2.3630573248407645,33.46938775510204,249.0,0.33557951482479786,1.50920245398773,24.0,16,2.071768121658689,1.0744845661535245,False,False
EXTREME_OPEN,3,FIB_705,3.0,1.5,0.4,0.15,0.25,471,1.5,33.40425531914894,158.0,0.3354564755838641,1.5047923322683705,25.0,13,2.1476007310230667,1.1647226088216744,False,False
EXTREME_OPEN,3,FIB_705,3.0,1.5,0.4,0.05,0.5,495,1.5764331210191083,33.40080971659919,166.0,0.33535353535353535,1.5045592705167172,21.0,11,2.145178578194957,1.1524861201146872,False,False
EXTREME_OPEN,3,FIB_705,3.0,1.5,0.4,0.0,0.5,501,1.5955414012738853,33.4,168.0,0.33532934131736525,1.5045045045045045,22.0,11,2.1429015596677545,1.1527219346783153,False,False
EXTREME_OPEN,3,FIB_618,4.0,1.2,0.4,0.15,0.5,874,2.78343949044586,26.798143851508122,293.0,0.3352402745995423,1.4643423137876386,19.0,17,2.3770029514344757,1.1422149815125724,False,False
EXTREME_OPEN,5,FIB_705,4.0,1.5,0.4,0.05,0.25,514,1.6369426751592357,26.705653021442494,172.0,0.3346303501945525,1.4574468085106382,21.0,15,2.464301743299657,1.2574564638725934,False,False
LAST_OPPOSING,5,FIB_618,3.0,1.5,0.3,0.05,0.25,789,2.5127388535031847,33.46153846153846,264.0,0.33460076045627374,1.5086705202312138,25.0,16,2.0524815493134523,1.0748898895264947,False,False
LAST_OPPOSING,8,FIB_705,3.0,1.5,0.4,0.0,0.5,526,1.6751592356687899,33.396946564885496,176.0,0.33460076045627374,1.504297994269341,29.0,13,2.129939363635612,1.121775907327651,False,False
LAST_OPPOSING,3,FIB_786,4.0,2.0,0.3,0.05,0.25,266,0.8471337579617835,26.691729323308273,89.0,0.33458646616541354,1.4564102564102563,22.0,22,2.567428056668096,1.327974198233723,False,False
LAST_OPPOSING,8,FIB_618,3.0,1.5,0.4,0.15,0.5,574,1.8280254777070064,33.45070422535211,192.0,0.3344947735191638,1.507936507936508,22.0,14,2.0206999391257487,1.0487256243107175,False,False
EXTREME_OPEN,3,FIB_618,2.5,2.0,0.0,0.15,0.5,441,1.4044585987261147,38.215102974828376,147.5,0.3344671201814059,1.5462962962962963,14.0,11,1.863122655253728,1.0000715159392184,False,False
EXTREME_OPEN,3,FIB_618,3.0,1.5,0.0,0.15,0.5,939,2.9904458598726116,33.44086021505376,314.0,0.3343982960596379,1.507269789983845,27.0,15,2.04327604791801,1.0682227699065316,False,False
EXTREME_OPEN,8,FIB_705,3.0,1.5,0.3,0.05,0.25,703,2.238853503184713,33.38088445078459,235.0,0.33428165007112376,1.5032119914346895,22.0,18,2.1553931024269146,1.1690042406958727,False,False
EXTREME_OPEN,3,FIB_618,3.0,1.5,0.3,0.05,0.25,751,2.3917197452229297,33.422818791946305,251.0,0.33422103861517977,1.5060483870967742,21.0,13,2.07556323977283,1.0857735105431185,False,False
EXTREME_OPEN,8,FIB_705,4.0,1.2,0.4,0.05,0.5,874,2.78343949044586,26.689576174112258,292.0,0.3340961098398169,1.45625,23.0,15,2.4398985808968856,1.2398476902611588,False,False
EXTREME_OPEN,8,FIB_618,2.5,2.0,0.0,0.15,0.5,478,1.5222929936305734,38.18565400843882,159.5,0.33368200836820083,1.5443686006825939,15.0,10,1.8434207226460892,0.9986114029594803,False,False
EXTREME_OPEN,3,CISD,3.0,1.5,0.4,0.05,0.5,723,2.3025477707006368,33.97913561847988,241.0,0.3333333333333333,1.5440180586907448,20.0,13,1.869276655857267,0.9295698143643322,False,False
EXTREME_OPEN,5,FIB_618,2.5,2.0,0.0,0.05,0.25,507,1.6146496815286624,38.17097415506958,169.0,0.3333333333333333,1.5434083601286173,13.0,10,1.8730102658015402,1.0166300691338148,False,False
EXTREME_OPEN,3,FIB_618,3.0,1.5,0.4,0.0,0.5,567,1.805732484076433,33.39253996447602,189.0,0.3333333333333333,1.504,20.0,13,2.037071352183994,1.077212226587215,False,False
EXTREME_OPEN,8,FIB_618,3.0,1.5,0.4,0.05,0.5,588,1.872611464968153,33.39041095890411,196.0,0.3333333333333333,1.5038560411311055,20.0,13,2.035572916765354,1.0729888200376996,False,False
LAST_OPPOSING,8,FIB_786,3.0,2.0,0.3,0.0,0.5,297,0.945859872611465,33.33333333333333,99.0,0.3333333333333333,1.5,16.0,16,2.2190252465866527,1.2193633884545083,False,False
LAST_OPPOSING,8,FIB_786,3.0,2.0,0.3,0.15,0.5,285,0.9076433121019108,33.33333333333333,95.0,0.3333333333333333,1.5,15.0,14,2.2209524363097537,1.2209692499710842,False,False
EXTREME_OPEN,8,FIB_786,4.0,2.0,0.4,0.0,0.5,207,0.6592356687898089,26.699029126213592,69.0,0.3333333333333333,1.4569536423841059,15.0,14,2.5215888475252033,1.3481610985920511,False,False
LAST_OPPOSING,5,FIB_618,3.0,1.5,0.3,0.15,0.25,745,2.372611464968153,33.42391304347826,248.0,0.33288590604026846,1.506122448979592,25.0,16,2.0518032215152675,1.0698847759744547,False,False
EXTREME_OPEN,8,CISD,2.5,1.5,0.4,0.0,0.5,785,2.5,38.648648648648646,261.0,0.332484076433121,1.5748898678414096,18.0,10,1.689851289126468,0.889773871105061,False,False
EXTREME_OPEN,5,CISD,2.5,1.5,0.4,0.0,0.5,773,2.461783439490446,38.63013698630137,257.0,0.33247089262613194,1.5736607142857142,17.0,10,1.6897066330113375,0.8914830492295623,False,False
EXTREME_OPEN,8,CISD,3.0,1.5,0.4,0.05,0.5,767,2.4426751592356686,33.99153737658674,255.0,0.3324641460234681,1.544871794871795,19.0,14,1.8596440673009969,0.9240969216479851,False,False
EXTREME_OPEN,5,FIB_786,4.0,2.0,0.0,0.15,0.5,361,1.1496815286624205,26.666666666666668,120.0,0.33240997229916897,1.4545454545454546,20.0,15,2.5579960021730535,1.3542359557122874,False,False
EXTREME_OPEN,3,FIB_705,3.0,1.5,0.3,0.0,0.25,674,2.1464968152866244,33.33333333333333,224.0,0.3323442136498516,1.5,22.0,18,2.163838261958302,1.1717178214854012,False,False
EXTREME_OPEN,8,FIB_705,4.0,1.2,0.4,0.15,0.25,819,2.6082802547770703,26.65036674816626,272.0,0.3321123321123321,1.4533333333333334,18.0,14,2.4642916782404036,1.2642950736559102,False,False
EXTREME_OPEN,8,FIB_705,3.0,2.0,0.4,0.0,0.25,238,0.7579617834394905,33.33333333333333,79.0,0.3319327731092437,1.5,12.0,9,2.1382298444586176,1.1481741199401072,False,False
EXTREME_OPEN,3,CISD,3.0,1.5,0.4,0.15,0.5,699,2.2261146496815285,33.95061728395062,232.0,0.3319027181688126,1.5420560747663552,20.0,13,1.864272798546773,0.9223066291047568,False,False
EXTREME_OPEN,5,FIB_705,3.0,2.0,0.4,0.05,0.5,232,0.7388535031847133,33.33333333333333,77.0,0.33189655172413796,1.5,10.0,9,2.1245918468741674,1.133096782852228,False,False
EXTREME_OPEN,3,FIB_705,3.0,2.0,0.4,0.15,0.25,214,0.6815286624203821,33.33333333333333,71.0,0.3317757009345794,1.5,10.0,9,2.170218612790963,1.1474425659400371,False,False
LAST_OPPOSING,8,FIB_786,4.0,2.0,0.4,0.15,0.25,199,0.6337579617834395,26.633165829145728,66.0,0.3316582914572864,1.452054794520548,15.0,13,2.5633867181085015,1.3305402648619302,False,False
EXTREME_OPEN,8,CISD,2.5,2.0,0.0,0.15,0.5,647,2.0605095541401273,39.01192504258944,214.5,0.3315301391035549,1.5991620111731844,20.0,20,1.6774092232767235,0.8473859715770286,False,False
LAST_OPPOSING,8,FIB_618,2.5,1.5,0.3,0.05,0.5,807,2.570063694267516,38.125,267.5,0.33147459727385375,1.5404040404040404,18.5,16,1.8518173977899537,1.0047349121180449,False,False
LAST_OPPOSING,3,FIB_705,2.5,2.0,0.3,0.0,0.5,305,0.9713375796178344,38.0327868852459,101.0,0.33114754098360655,1.5343915343915344,11.0,10,1.9481369499439634,1.0566861462738284,False,False
LAST_OPPOSING,5,FIB_618,4.0,1.2,0.4,0.15,0.25,912,2.9044585987261144,26.7260579064588,302.0,0.33114035087719296,1.458966565349544,32.0,21,2.3883380513349297,1.1529513814353498,False,False
EXTREME_OPEN,3,CISD,3.0,1.5,0.3,0.15,0.25,897,2.856687898089172,33.935018050541515,297.0,0.3311036789297659,1.540983606557377,25.0,19,1.853013769711109,0.928733733312308,False,False
EXTREME_OPEN,8,CISD,3.0,1.5,0.4,0.15,0.5,743,2.3662420382165603,33.965014577259474,246.0,0.3310901749663526,1.5430463576158941,19.0,14,1.854625388451218,0.9170870751854879,False,False
EXTREME_OPEN,3,FIB_786,4.0,1.5,0.0,0.05,0.5,861,2.7420382165605095,26.627906976744185,285.0,0.3310104529616725,1.451664025356577,24.0,19,2.5804067308067147,1.3819722086757815,False,False
EXTREME_OPEN,8,FIB_786,4.0,2.0,0.3,0.15,0.5,275,0.8757961783439491,26.642335766423358,91.0,0.33090909090909093,1.4527363184079602,22.0,15,2.5119918081543613,1.3532290236826658,False,False
EXTREME_OPEN,3,FIB_618,3.0,1.5,0.4,0.15,0.5,535,1.7038216560509554,33.33333333333333,177.0,0.33084112149532713,1.5,23.0,13,2.0347513705879,1.068486517634377,False,False
EXTREME_OPEN,8,FIB_786,4.0,1.5,0.3,0.0,0.5,632,2.0127388535031847,26.62440570522979,209.0,0.33069620253164556,1.451403887688985,18.0,15,2.565103126377902,1.370949733050081,False,False
LAST_OPPOSING,3,FIB_705,2.5,2.0,0.3,0.15,0.5,292,0.9299363057324841,38.013698630136986,96.5,0.3304794520547945,1.5331491712707181,11.0,9,1.9531741016200495,1.0576998584630184,False,False
LAST_OPPOSING,8,FIB_705,2.5,2.0,0.0,0.05,0.25,498,1.585987261146497,38.028169014084504,164.5,0.33032128514056225,1.5340909090909092,15.0,9,1.9307403811891122,1.0717694167846004,False,False
EXTREME_OPEN,8,FIB_705,4.0,1.2,0.4,0.0,0.5,884,2.8152866242038215,26.613816534541336,292.0,0.33031674208144796,1.4506172839506173,23.0,16,2.4392085567820416,1.2411687457933585,False,False
LAST_OPPOSING,8,FIB_786,4.0,1.5,0.3,0.0,0.5,633,2.015923566878981,26.62440570522979,209.0,0.330173775671406,1.451403887688985,23.0,22,2.5259179882826728,1.3372125956612442,False,False
EXTREME_OPEN,5,FIB_705,3.0,1.5,0.4,0.15,0.5,491,1.5636942675159236,33.265306122448976,162.0,0.329938900203666,1.4954128440366972,27.0,13,2.127377421162689,1.1422580378500424,False,False
EXTREME_OPEN,3,CISD,3.0,1.5,0.4,0.0,0.5,731,2.328025477707006,33.87334315169367,241.0,0.32968536251709984,1.5367483296213809,21.0,13,1.865605178342632,0.9320050928757103,False,False
LAST_OPPOSING,8,FIB_705,4.0,1.2,0.4,0.05,0.25,871,2.7738853503184715,26.61290322580645,287.0,0.32950631458094143,1.4505494505494505,25.0,21,2.455564371524569,1.2594453249796862,False,False
LAST_OPPOSING,8,FIB_705,3.0,1.5,0.4,0.05,0.5,522,1.6624203821656052,33.26923076923077,172.0,0.32950191570881227,1.4956772334293948,29.0,13,2.127613447630213,1.1222881615454439,False,False
EXTREME_OPEN,5,FIB_618,3.0,1.5,0.3,0.0,0.25,793,2.5254777070063694,33.29097839898348,261.0,0.3291298865069357,1.497142857142857,21.0,13,2.0694300723285797,1.088375988616102,False,False
EXTREME_OPEN,8,CISD,3.0,1.5,0.4,0.0,0.5,775,2.468152866242038,33.89121338912134,255.0,0.32903225806451614,1.5379746835443038,21.0,14,1.8562804681335805,0.9264504335622408,False,False
LAST_OPPOSING,5,FIB_705,4.0,1.5,0.0,0.15,0.25,915,2.9140127388535033,26.62266226622662,301.0,0.3289617486338798,1.4512743628185907,28.0,20,2.4082490053803376,1.2266983037445225,False,False
EXTREME_OPEN,5,FIB_705,4.0,1.5,0.4,0.0,0.25,520,1.6560509554140128,26.589595375722542,171.0,0.32884615384615384,1.4488188976377954,21.0,15,2.4617280325064783,1.260123236522997,False,False
LAST_OPPOSING,8,FIB_705,4.0,1.2,0.4,0.0,0.25,879,2.799363057324841,26.59817351598174,289.0,0.32878270762229805,1.4494556765163298,26.0,21,2.457355420795701,1.2601663965030832,False,False
EXTREME_OPEN,8,FIB_705,3.0,1.5,0.3,0.0,0.25,712,2.267515923566879,33.23943661971831,234.0,0.32865168539325845,1.4936708860759493,23.0,18,2.1509051546821056,1.1716621977527175,False,False
EXTREME_OPEN,5,FIB_786,4.0,2.0,0.3,0.0,0.5,283,0.9012738853503185,26.595744680851062,93.0,0.3286219081272085,1.4492753623188406,19.0,16,2.5339206692551137,1.355826647794269,False,False
EXTREME_OPEN,3,FIB_618,3.0,1.5,0.3,0.15,0.25,703,2.238853503184713,33.28550932568149,231.0,0.3285917496443812,1.4967741935483871,21.0,13,2.074974238155237,1.0813975702276903,False,False
LAST_OPPOSING,8,FIB_786,4.0,1.5,0.0,0.15,0.5,837,2.6656050955414012,26.586826347305387,275.0,0.32855436081242534,1.4486133768352365,29.0,20,2.5135766856452717,1.334407184287318,False,False
EXTREME_OPEN,5,FIB_705,3.0,2.0,0.0,0.15,0.25,408,1.2993630573248407,33.251231527093594,134.0,0.3284313725490196,1.4944649446494465,13.0,9,2.154987121615419,1.1495490841684353,False,False
LAST_OPPOSING,3,FIB_705,2.5,2.0,0.0,0.15,0.5,398,1.267515923566879,37.93969849246231,130.5,0.3278894472361809,1.5283400809716599,12.5,8,1.9634918902479974,1.0637915816793622,False,False
LAST_OPPOSING,3,CISD,2.5,2.0,0.4,0.15,0.25,334,1.0636942675159236,38.762214983713356,109.5,0.3278443113772455,1.5824468085106382,9.0,9,1.661917480811541,0.8512202151410138,False,False
EXTREME_OPEN,5,FIB_618,4.0,1.2,0.4,0.15,0.5,909,2.894904458598726,26.644370122630995,298.0,0.3278327832783278,1.452887537993921,22.0,18,2.366265310190805,1.140462555919234,False,False
EXTREME_OPEN,3,FIB_786,4.0,2.0,0.0,0.05,0.5,385,1.2261146496815287,26.5625,126.0,0.32727272727272727,1.446808510638298,24.0,24,2.5811223669058494,1.3650889749152912,False,False
EXTREME_OPEN,3,FIB_618,2.5,2.0,0.0,0.05,0.25,483,1.5382165605095541,37.995824634655534,158.0,0.32712215320910976,1.531986531986532,12.5,10,1.8782020180412933,1.01955337121992,False,False
LAST_OPPOSING,8,FIB_705,2.5,2.0,0.3,0.0,0.25,341,1.085987261146497,37.94117647058823,111.5,0.32697947214076245,1.528436018957346,11.5,10,1.9202684894147264,1.0754073771080048,False,False
LAST_OPPOSING,3,FIB_786,4.0,1.5,0.0,0.0,0.5,838,2.6687898089171975,26.555023923444978,274.0,0.3269689737470167,1.4462540716612378,24.0,19,2.560866420027813,1.355740770413276,False,False
EXTREME_OPEN,8,FIB_618,2.5,2.0,0.0,0.05,0.25,520,1.6560509554140128,37.98449612403101,170.0,0.3269230769230769,1.53125,13.0,10,1.8603344899208014,1.0182792399196654,False,False
EXTREME_OPEN,8,FIB_618,3.0,1.5,0.4,0.0,0.5,594,1.89171974522293,33.220338983050844,194.0,0.3265993265993266,1.4923857868020305,21.0,13,2.0319579861797052,1.0757720277027591,False,False
LAST_OPPOSING,5,CISD,4.0,1.5,0.3,0.15,0.25,940,2.9936305732484074,27.326968973747018,307.0,0.32659574468085106,1.5041050903119868,26.0,26,2.1881974614791413,0.9849032976618574,False,False
LAST_OPPOSING,3,FIB_705,4.0,1.5,0.4,0.0,0.25,484,1.5414012738853504,26.556016597510375,158.0,0.32644628099173556,1.4463276836158192,25.0,17,2.463434691268146,1.2440738434274166,False,False
EXTREME_OPEN,5,CISD,3.0,1.5,0.4,0.05,0.5,757,2.410828025477707,33.80884450784593,247.0,0.32628797886393657,1.5323275862068966,19.0,14,1.861156529680628,0.9271795892271026,False,False
LAST_OPPOSING,5,FIB_618,3.0,1.5,0.3,0.0,0.25,797,2.538216560509554,33.24873096446701,260.0,0.32622333751568383,1.494296577946768,25.0,16,2.0497400746135637,1.0782500052645456,False,False
LAST_OPPOSING,8,FIB_705,2.5,2.0,0.3,0.15,0.25,328,1.0445859872611465,37.920489296636084,107.0,0.32621951219512196,1.5270935960591132,10.5,9,1.9224190916052073,1.076116760660512,False,False
EXTREME_OPEN,5,FIB_705,3.0,2.0,0.0,0.0,0.25,454,1.4458598726114649,33.1858407079646,148.0,0.32599118942731276,1.490066225165563,14.0,11,2.16860008391049,1.1556144627736227,False,False
LAST_OPPOSING,5,FIB_786,4.0,1.5,0.0,0.05,0.5,899,2.8630573248407645,26.53288740245262,293.0,0.3259176863181313,1.4446130500758725,21.0,18,2.538264696996726,1.3501740136161167,False,False
EXTREME_OPEN,3,FIB_705,3.0,2.0,0.4,0.0,0.25,224,0.7133757961783439,33.18385650224215,73.0,0.32589285714285715,1.4899328859060403,11.0,9,2.146211091294322,1.1489538526381011,False,False
EXTREME_OPEN,5,FIB_705,3.0,2.0,0.0,0.05,0.25,448,1.4267515923566878,33.18385650224215,146.0,0.32589285714285715,1.4899328859060403,14.0,10,2.164255947117091,1.1540761087417106,False,False
EXTREME_OPEN,5,FIB_705,3.0,2.0,0.4,0.15,0.5,224,0.7133757961783439,33.18385650224215,73.0,0.32589285714285715,1.4899328859060403,10.0,9,2.137526906259197,1.1364537898309355,False,False
EXTREME_OPEN,3,FIB_705,3.0,1.5,0.3,0.15,0.25,623,1.984076433121019,33.17230273752013,203.0,0.3258426966292135,1.489156626506024,23.0,20,2.149272406405347,1.1687828069962165,False,False
LAST_OPPOSING,3,CISD,3.0,2.0,0.3,0.15,0.25,439,1.3980891719745223,34.005037783375315,143.0,0.32574031890660593,1.5458015267175573,16.0,15,1.8137539188981255,0.8849729258112904,False,False
EXTREME_OPEN,5,CISD,3.0,1.5,0.4,0.15,0.5,733,2.3343949044585988,33.775811209439524,238.0,0.3246930422919509,1.530066815144766,19.0,14,1.8561189044578799,0.9201750436612954,False,False
LAST_OPPOSING,3,CISD,4.0,1.5,0.3,0.0,0.5,921,2.93312101910828,27.28380024360536,299.0,0.3246471226927253,1.5008375209380234,24.0,24,2.2031294916558224,0.9786287912526551,False,False
LAST_OPPOSING,3,FIB_705,3.0,1.5,0.0,0.05,0.25,915,2.9140127388535033,33.15038419319429,297.0,0.32459016393442625,1.4876847290640394,25.0,13,2.145942448677585,1.162653602624778,False,False
EXTREME_OPEN,5,FIB_618,2.5,2.0,0.0,0.0,0.25,513,1.6337579617834395,37.91748526522593,166.5,0.32456140350877194,1.5268987341772151,13.5,11,1.8700503719711612,1.0210323164151203,False,False
LAST_OPPOSING,8,FIB_786,3.0,2.0,0.3,0.05,0.5,296,0.9426751592356688,33.108108108108105,96.0,0.32432432432432434,1.4848484848484849,16.0,16,2.214683810090359,1.2233651642235315,False,False
LAST_OPPOSING,3,FIB_705,4.0,1.5,0.4,0.05,0.25,481,1.5318471337579618,26.513569937369518,156.0,0.32432432432432434,1.4431818181818181,25.0,17,2.4633152208169133,1.2446326293555188,False,False
EXTREME_OPEN,8,FIB_705,4.0,1.5,0.4,0.05,0.25,518,1.6496815286624205,26.4990328820116,168.0,0.32432432432432434,1.4421052631578948,21.0,15,2.456832836377889,1.2596351491919477,False,False
EXTREME_OPEN,8,FIB_705,3.0,1.5,0.3,0.15,0.25,660,2.1019108280254777,33.130699088145896,214.0,0.3242424242424242,1.4863636363636363,24.0,20,2.1384694322455493,1.1682245830630003,False,False
EXTREME_OPEN,8,FIB_618,3.0,1.5,0.3,0.05,0.25,793,2.5254777070063694,33.16391359593393,257.0,0.3240857503152585,1.4885931558935361,22.0,13,2.063187457006762,1.0880568666797918,False,False
LAST_OPPOSING,3,FIB_705,2.5,2.0,0.3,0.05,0.5,304,0.9681528662420382,37.82894736842105,98.5,0.32401315789473684,1.5211640211640212,11.0,10,1.9457831769373726,1.05920518003849,False,False
LAST_OPPOSING,8,FIB_705,3.0,1.5,0.4,0.15,0.25,500,1.5923566878980893,33.13253012048193,162.0,0.324,1.4864864864864864,32.0,17,2.1204469179047836,1.1393478145597986,False,False
EXTREME_OPEN,8,FIB_618,3.0,1.5,0.4,0.15,0.5,562,1.7898089171974523,33.15412186379928,182.0,0.3238434163701068,1.4879356568364612,24.0,13,2.029458310261471,1.0673835212008536,False,False
EXTREME_OPEN,8,FIB_786,4.0,1.5,0.0,0.05,0.5,911,2.9012738853503186,26.483516483516485,295.0,0.3238199780461032,1.4409566517189836,23.0,14,2.565581368529778,1.3799971940717637,False,False
EXTREME_OPEN,3,FIB_618,3.0,1.5,0.3,0.0,0.25,760,2.4203821656050954,33.15649867374005,246.0,0.3236842105263158,1.4880952380952381,21.0,13,2.068499445104388,1.0899735594042597,False,False
EXTREME_OPEN,3,FIB_786,4.0,1.5,0.0,0.0,0.5,881,2.805732484076433,26.477272727272727,285.0,0.32349602724177073,1.4404945904173108,25.0,20,2.569721730581853,1.3852631512576745,False,False
EXTREME_OPEN,5,FIB_786,4.0,2.0,0.0,0.0,0.5,405,1.2898089171974523,26.48514851485149,131.0,0.3234567901234568,1.4410774410774412,20.0,19,2.580524515865742,1.3701727365820822,False,False
EXTREME_OPEN,5,FIB_618,2.5,2.0,0.4,0.05,0.25,266,0.8471337579617835,37.878787878787875,86.0,0.3233082706766917,1.524390243902439,11.0,9,1.8535543900050782,1.0188497175378883,False,False
EXTREME_OPEN,5,CISD,3.0,1.5,0.4,0.0,0.5,765,2.4363057324840764,33.70944992947813,247.0,0.32287581699346407,1.525531914893617,20.0,14,1.8577331452965957,0.9295316289564035,False,False
EXTREME_OPEN,8,FIB_618,4.0,1.2,0.4,0.15,0.5,920,2.929936305732484,26.54185022026432,297.0,0.32282608695652176,1.4452773613193404,23.0,19,2.356345145606363,1.1404671822513677,False,False
LAST_OPPOSING,3,CISD,4.0,1.5,0.3,0.05,0.5,914,2.910828025477707,27.23926380368098,295.0,0.3227571115973742,1.4974704890387858,24.0,24,2.2015189424416786,0.9784684823944227,False,False
LAST_OPPOSING,8,FIB_618,2.5,1.5,0.3,0.0,0.5,815,2.5955414012738856,37.87128712871287,263.0,0.3226993865030675,1.5239043824701195,18.5,16,1.8503071178263162,1.0084700730550582,False,False
LAST_OPPOSING,3,FIB_705,2.5,2.0,0.0,0.0,0.5,434,1.3821656050955413,37.78801843317972,140.0,0.3225806451612903,1.5185185185185186,13.5,8,1.965285150176676,1.0701317792289575,False,False
EXTREME_OPEN,3,CISD,2.5,1.5,0.3,0.15,0.25,904,2.878980891719745,38.33528722157092,291.5,0.32245575221238937,1.5541825095057034,15.0,11,1.6913443333882314,0.8925031438714957,False,False
EXTREME_OPEN,5,FIB_786,4.0,1.5,0.0,0.05,0.5,897,2.856687898089172,26.450892857142854,289.0,0.3221850613154961,1.4385432473444613,22.0,14,2.5731918247871612,1.3823354783800306,False,False
LAST_OPPOSING,3,FIB_786,4.0,2.0,0.0,0.05,0.25,382,1.21656050955414,26.439790575916227,123.0,0.3219895287958115,1.4377224199288257,22.0,22,2.563160101200951,1.347747883056805,False,False
LAST_OPPOSING,3,FIB_705,3.0,1.5,0.0,0.0,0.25,935,2.977707006369427,33.08270676691729,301.0,0.32192513368983955,1.4831460674157304,27.0,13,2.144524089677754,1.1646346735621096,False,False
LAST_OPPOSING,5,FIB_705,3.0,1.5,0.0,0.15,0.5,923,2.9394904458598727,33.07943416757345,297.0,0.3217768147345612,1.4829268292682927,32.0,18,2.106748102097145,1.126733245199805,False,False
LAST_OPPOSING,5,CISD,4.0,2.0,0.0,0.15,0.25,662,2.1082802547770703,27.447552447552447,213.0,0.3217522658610272,1.5132530120481928,21.0,16,2.1613884239596386,0.9454578283011307,False,False
LAST_OPPOSING,3,FIB_705,4.0,1.2,0.4,0.0,0.5,815,2.5955414012738856,26.44526445264453,262.0,0.3214723926380368,1.4381270903010033,25.0,21,2.430904244187629,1.240345939579167,False,False
LAST_OPPOSING,3,CISD,3.0,2.0,0.4,0.15,0.25,333,1.0605095541401275,34.00673400673401,107.0,0.3213213213213213,1.5459183673469388,11.0,9,1.8100366055747694,0.8803991419797976,False,False
LAST_OPPOSING,8,FIB_705,2.5,2.0,0.3,0.05,0.25,340,1.0828025477707006,37.75811209439528,109.0,0.3205882352941177,1.5165876777251184,11.5,10,1.9179474316487983,1.077700058845183,False,False
LAST_OPPOSING,3,FIB_705,4.0,1.2,0.4,0.05,0.5,808,2.573248407643312,26.426799007444167,259.0,0.32054455445544555,1.436762225969646,25.0,21,2.4297908113561792,1.2409040959827973,False,False
EXTREME_OPEN,5,FIB_705,3.0,2.0,0.4,0.0,0.5,234,0.7452229299363057,33.047210300429185,75.0,0.32051282051282054,1.4807692307692308,11.0,9,2.1149645643268706,1.137185652629051,False,False
EXTREME_OPEN,5,FIB_705,3.0,1.5,0.0,0.15,0.5,880,2.8025477707006368,33.029612756264235,282.0,0.32045454545454544,1.4795918367346939,30.0,12,2.122940929231187,1.1472308783573906,False,False
EXTREME_OPEN,3,FIB_618,2.5,2.0,0.4,0.05,0.25,256,0.8152866242038217,37.79527559055118,82.0,0.3203125,1.518987341772152,11.0,9,1.859470639316266,1.0165923212416246,False,False
EXTREME_OPEN,5,FIB_618,2.5,2.0,0.4,0.15,0.25,256,0.8152866242038217,37.79527559055118,82.0,0.3203125,1.518987341772152,11.0,8,1.8585338956412294,1.020727984339001,False,False
LAST_OPPOSING,3,CISD,4.0,2.0,0.0,0.15,0.25,584,1.8598726114649682,27.36220472440945,187.0,0.3202054794520548,1.5067750677506775,24.0,16,2.175021844856761,0.9557992072980361,False,False
EXTREME_OPEN,8,FIB_618,3.0,1.5,0.3,0.15,0.25,744,2.3694267515923566,33.06233062330624,238.0,0.31989247311827956,1.4817813765182186,22.0,13,2.0642237104984154,1.0835405104815596,False,False
EXTREME_OPEN,8,FIB_786,4.0,2.0,0.0,0.15,0.5,372,1.1847133757961783,26.41509433962264,119.0,0.31989247311827956,1.435897435897436,21.0,16,2.5345439151486406,1.3552741757496514,False,False
LAST_OPPOSING,3,CISD,4.0,1.5,0.3,0.15,0.5,876,2.789808917197452,27.17948717948718,280.0,0.319634703196347,1.4929577464788732,25.0,25,2.199033113422171,0.9752374921563333,False,False
EXTREME_OPEN,5,FIB_618,2.5,2.0,0.0,0.05,0.5,507,1.6146496815286624,37.77335984095427,162.0,0.31952662721893493,1.5175718849840256,13.0,10,1.8547556653004131,1.0084794942922592,False,False
EXTREME_OPEN,8,FIB_705,3.0,1.5,0.4,0.15,0.5,495,1.5764331210191083,32.99595141700405,158.0,0.3191919191919192,1.4773413897280967,27.0,13,2.121939106758499,1.1450419931381464,False,False
LAST_OPPOSING,5,FIB_786,4.0,1.5,0.0,0.0,0.5,919,2.926751592356688,26.39040348964013,293.0,0.3188248095756257,1.434074074074074,22.0,18,2.5305289470890613,1.3557998990275246,False,False
EXTREME_OPEN,8,FIB_705,4.0,1.5,0.4,0.0,0.25,524,1.6687898089171975,26.38623326959847,167.0,0.3187022900763359,1.4337662337662338,21.0,15,2.454364294066969,1.2622566180207524,False,False
EXTREME_OPEN,8,FIB_618,2.5,2.0,0.0,0.0,0.25,526,1.6751592356687899,37.73946360153257,167.5,0.31844106463878324,1.5153846153846153,13.5,11,1.8575923399593943,1.0225538745785905,False,False
LAST_OPPOSING,5,FIB_705,3.0,1.5,0.4,0.15,0.5,490,1.5605095541401275,32.99180327868852,156.0,0.3183673469387755,1.4770642201834863,31.0,17,2.1181170355295316,1.1209145032042962,False,False
EXTREME_OPEN,5,CISD,2.5,2.0,0.0,0.05,0.25,668,2.127388535031847,38.52459016393443,212.5,0.3181137724550898,1.5666666666666667,19.0,19,1.6810604322898373,0.8684158572446083,False,False
EXTREME_OPEN,3,FIB_618,2.5,2.0,0.0,0.0,0.25,489,1.5573248407643312,37.7319587628866,155.5,0.3179959100204499,1.5149006622516556,13.5,11,1.8750331508666043,1.024135810980233,False,False
LAST_OPPOSING,3,FIB_618,4.0,1.2,0.4,0.0,0.5,925,2.945859872611465,26.454445664105382,294.0,0.3178378378378378,1.4388059701492537,33.0,20,2.378747787652145,1.1404450413687837,False,False
EXTREME_OPEN,3,FIB_705,3.0,2.0,0.0,0.15,0.25,387,1.232484076433121,32.98701298701299,123.0,0.3178294573643411,1.4767441860465116,13.0,13,2.1657716401958513,1.1502270275628228,False,False
EXTREME_OPEN,3,FIB_705,4.0,1.5,0.4,0.05,0.25,494,1.5732484076433122,26.369168356997974,157.0,0.31781376518218624,1.4325068870523416,21.0,15,2.455723378132868,1.2686604098602188,False,False
LAST_OPPOSING,3,CISD,2.5,2.0,0.4,0.15,0.5,334,1.0636942675159236,38.43648208469055,106.0,0.31736526946107785,1.560846560846561,9.0,9,1.64814572430348,0.845870584141061,False,False
EXTREME_OPEN,3,FIB_618,2.5,2.0,0.4,0.15,0.25,246,0.7834394904458599,37.704918032786885,78.0,0.3170731707317073,1.513157894736842,11.0,8,1.864893061820195,1.0184551762746419,False,False
LAST_OPPOSING,3,FIB_705,4.0,1.2,0.4,0.15,0.25,757,2.410828025477707,26.35761589403974,240.0,0.31704095112285335,1.4316546762589928,21.0,17,2.45708703339699,1.2642891520478012,False,False
EXTREME_OPEN,8,FIB_786,4.0,1.5,0.0,0.0,0.5,931,2.964968152866242,26.344086021505376,295.0,0.31686358754027927,1.4306569343065694,24.0,15,2.5557886961854552,1.383153822113362,False,False
EXTREME_OPEN,3,CISD,2.5,2.0,0.0,0.05,0.25,622,1.980891719745223,38.39441535776614,197.0,0.3167202572347267,1.5580736543909348,18.0,18,1.6830317003861943,0.8771851722788869,False,False
LAST_OPPOSING,5,FIB_705,4.0,1.2,0.4,0.05,0.5,853,2.71656050955414,26.35294117647059,270.0,0.31652989449003516,1.4313099041533546,24.0,21,2.418400748609626,1.2359608574624463,False,False
EXTREME_OPEN,3,FIB_705,3.0,2.0,0.0,0.0,0.25,433,1.3789808917197452,32.94663573085847,137.0,0.3163972286374134,1.4740484429065743,14.0,11,2.178899116009391,1.156514548326364,False,False
LAST_OPPOSING,3,CISD,2.5,2.0,0.4,0.05,0.25,343,1.0923566878980893,38.41269841269842,108.5,0.3163265306122449,1.559278350515464,9.0,9,1.6560868358399943,0.855605459055531,False,False
EXTREME_OPEN,3,FIB_618,2.5,2.0,0.3,0.15,0.25,332,1.0573248407643312,37.68996960486322,105.0,0.31626506024096385,1.5121951219512195,11.5,10,1.8651672678219795,1.0153288078698868,False,False
EXTREME_OPEN,3,FIB_705,3.0,2.0,0.0,0.05,0.25,427,1.3598726114649682,32.94117647058823,135.0,0.3161592505854801,1.4736842105263157,14.0,11,2.174486050222858,1.1549131851109535,False,False
LAST_OPPOSING,8,FIB_618,4.0,1.2,0.4,0.15,0.25,930,2.961783439490446,26.419213973799128,294.0,0.3161290322580645,1.4362017804154303,33.0,22,2.3724029111204143,1.1551742607093516,False,False
EXTREME_OPEN,5,FIB_618,2.5,2.0,0.3,0.15,0.25,348,1.10828025477707,37.68115942028986,110.0,0.3160919540229885,1.5116279069767442,11.5,10,1.8581952225614544,1.0179748166778197,False,False
LAST_OPPOSING,5,FIB_705,4.0,1.2,0.4,0.0,0.5,861,2.7420382165605095,26.340326340326342,272.0,0.3159117305458769,1.4303797468354431,25.0,21,2.420606575926124,1.2364900259176095,False,False
EXTREME_OPEN,3,FIB_705,4.0,1.2,0.4,0.15,0.5,776,2.4713375796178343,26.322580645161292,245.0,0.31572164948453607,1.4290718038528896,22.0,16,2.433362012720519,1.2492739519127216,False,False
LAST_OPPOSING,3,FIB_786,4.0,2.0,0.4,0.0,0.5,187,0.5955414012738853,26.344086021505376,59.0,0.3155080213903743,1.4306569343065694,18.0,18,2.533332875534151,1.2997014181630673,False,False
LAST_OPPOSING,3,FIB_786,4.0,2.0,0.4,0.05,0.5,187,0.5955414012738853,26.344086021505376,59.0,0.3155080213903743,1.4306569343065694,18.0,18,2.533332875534151,1.2997014181630673,False,False
LAST_OPPOSING,3,FIB_705,3.0,1.5,0.3,0.05,0.25,647,2.0605095541401273,32.91925465838509,204.0,0.31530139103554866,1.4722222222222223,27.0,18,2.148388286663046,1.1564653169263328,False,False
EXTREME_OPEN,3,FIB_618,2.5,2.0,0.4,0.0,0.25,257,0.8184713375796179,37.64705882352941,81.0,0.3151750972762646,1.509433962264151,12.0,9,1.8543121634095425,1.0176467351166245,False,False
EXTREME_OPEN,5,FIB_786,4.0,1.5,0.0,0.0,0.5,917,2.9203821656050954,26.31004366812227,289.0,0.31515812431842966,1.4281481481481482,23.0,14,2.5630836600350215,1.3854893006489102,False,False
EXTREME_OPEN,5,FIB_705,3.0,1.5,0.3,0.05,0.5,695,2.213375796178344,32.900432900432904,219.0,0.31510791366906477,1.4709677419354839,22.0,18,2.133348672502587,1.1518336130201252,False,False
EXTREME_OPEN,5,FIB_786,4.0,2.0,0.0,0.05,0.5,400,1.2738853503184713,26.31578947368421,126.0,0.315,1.4285714285714286,20.0,19,2.567614859200335,1.3716419382287048,False,False
LAST_OPPOSING,5,FIB_705,4.0,1.2,0.4,0.15,0.25,801,2.550955414012739,26.31578947368421,252.0,0.3146067415730337,1.4285714285714286,22.0,17,2.4475874707163703,1.2597226251013998,False,False
LAST_OPPOSING,3,FIB_705,3.0,1.5,0.0,0.15,0.5,830,2.643312101910828,32.889963724304714,261.0,0.3144578313253012,1.4702702702702704,30.0,17,2.1243443069411763,1.1356175986782124,False,False
EXTREME_OPEN,8,FIB_618,3.0,1.5,0.3,0.0,0.25,802,2.554140127388535,32.914572864321606,252.0,0.314214463840399,1.4719101123595506,22.0,13,2.05663246710262,1.0920113391601376,False,False
EXTREME_OPEN,8,FIB_618,2.5,2.0,0.0,0.05,0.5,520,1.6560509554140128,37.5968992248062,163.0,0.31346153846153846,1.5062111801242235,13.0,10,1.841926764183725,1.0098245395921008,False,False
LAST_OPPOSING,8,FIB_705,4.0,1.5,0.4,0.05,0.25,520,1.6560509554140128,26.305609284332686,163.0,0.31346153846153846,1.4278215223097113,24.0,17,2.4402380288336594,1.2353151736937062,False,False
EXTREME_OPEN,3,FIB_705,3.0,1.5,0.0,0.15,0.5,836,2.662420382165605,32.853717026378895,262.0,0.3133971291866029,1.4678571428571427,31.0,19,2.1306879199691955,1.1510081451995784,False,False
LAST_OPPOSING,8,FIB_786,4.0,1.5,0.0,0.05,0.5,923,2.9394904458598727,26.275787187839306,289.0,0.3131094257854821,1.4256259204712813,23.0,19,2.5189907660155804,1.3504424370270145,False,False
LAST_OPPOSING,3,FIB_618,4.0,1.2,0.4,0.05,0.5,917,2.9203821656050954,26.356589147286826,287.0,0.31297709923664124,1.431578947368421,33.0,20,2.377840314868663,1.1415578348737598,False,False
LAST_OPPOSING,8,FIB_705,4.0,1.5,0.4,0.0,0.25,524,1.6687898089171975,26.29558541266795,164.0,0.31297709923664124,1.4270833333333333,24.0,17,2.442305805071723,1.2366053821225296,False,False
EXTREME_OPEN,5,CISD,2.5,2.0,0.0,0.05,0.5,668,2.127388535031847,38.36065573770492,209.0,0.312874251497006,1.5558510638297873,19.0,19,1.6727725914184004,0.8665720056334226,False,False
LAST_OPPOSING,5,FIB_705,2.5,2.0,0.0,0.0,0.5,486,1.5477707006369428,37.52577319587629,152.0,0.31275720164609055,1.5016501650165017,14.0,10,1.9337229113762044,1.0634276961870623,False,False
EXTREME_OPEN,8,FIB_705,3.0,2.0,0.0,0.15,0.25,419,1.3343949044585988,32.853717026378895,131.0,0.3126491646778043,1.4678571428571427,13.0,9,2.1357688714834473,1.1540455627571706,False,False
EXTREME_OPEN,3,FIB_618,2.5,2.0,0.0,0.05,0.5,483,1.5382165605095541,37.578288100208766,151.0,0.31262939958592134,1.5050167224080269,12.5,10,1.859801041237268,1.0120166635661618,False,False
LAST_OPPOSING,3,CISD,2.5,2.0,0.4,0.0,0.25,344,1.0955414012738853,38.291139240506325,107.5,0.3125,1.5512820512820513,9.0,9,1.6546672285715172,0.8564190590901595,False,False
EXTREME_OPEN,8,FIB_786,4.0,2.0,0.0,0.0,0.5,416,1.3248407643312101,26.265060240963855,130.0,0.3125,1.4248366013071896,21.0,20,2.558957232154922,1.370679739621341,False,False
LAST_OPPOSING,3,FIB_705,3.0,1.5,0.4,0.15,0.5,461,1.4681528662420382,32.826086956521735,144.0,0.3123644251626898,1.4660194174757282,32.0,16,2.122399749895218,1.1307213223293575,False,False
EXTREME_OPEN,3,CISD,4.0,2.0,0.0,0.15,0.25,570,1.8152866242038217,27.16297786720322,178.0,0.312280701754386,1.4917127071823204,26.0,22,2.0949925657049295,0.9564727191138461,False,False
EXTREME_OPEN,3,FIB_705,4.0,1.5,0.4,0.0,0.25,500,1.5923566878980893,26.252505010020037,156.0,0.312,1.423913043478261,21.0,15,2.453149659289964,1.271299406064787,False,False
EXTREME_OPEN,8,FIB_705,3.0,2.0,0.0,0.0,0.25,465,1.480891719745223,32.82937365010799,145.0,0.3118279569892473,1.4662379421221865,14.0,11,2.150960966941583,1.1595226463521666,False,False
LAST_OPPOSING,5,FIB_705,2.5,2.0,0.0,0.15,0.5,449,1.429936305732484,37.5,140.0,0.311804008908686,1.5,13.5,10,1.9275645417388891,1.0580411848559144,False,False
EXTREME_OPEN,8,FIB_705,3.0,2.0,0.0,0.05,0.25,459,1.4617834394904459,32.822757111597376,143.0,0.3115468409586057,1.4657980456026058,14.0,10,2.146490361309216,1.158072246559519,False,False
EXTREME_OPEN,5,CISD,2.5,2.0,0.0,0.0,0.25,679,2.162420382165605,38.349514563106794,211.5,0.3114874815905744,1.5551181102362204,19.0,19,1.6739405400874512,0.8695187279469587,False,False
LAST_OPPOSING,3,FIB_705,3.0,1.5,0.3,0.0,0.25,652,2.0764331210191083,32.81972265023113,203.0,0.3113496932515337,1.4655963302752293,27.0,18,2.146666179657014,1.1581642802966308,False,False
LAST_OPPOSING,8,FIB_618,3.0,1.5,0.3,0.05,0.25,803,2.5573248407643314,32.87153652392947,250.0,0.31133250311332505,1.4690431519699811,25.0,16,2.0330572145794377,1.0814113089663424,False,False
EXTREME_OPEN,3,CISD,2.5,2.0,0.0,0.05,0.5,622,1.980891719745223,38.21989528795812,193.5,0.31109324758842444,1.5466101694915255,18.0,18,1.6743187469299847,0.8758307481288643,False,False
EXTREME_OPEN,5,FIB_618,2.5,2.0,0.0,0.0,0.5,513,1.6337579617834395,37.524557956778,159.5,0.310916179337232,1.501572327044025,13.5,11,1.851731021031544,1.012720792127138,False,False
EXTREME_OPEN,3,CISD,2.5,1.5,0.3,0.15,0.5,904,2.878980891719745,37.98358733880422,281.0,0.3108407079646018,1.5311909262759924,15.0,11,1.6780205890726159,0.8887989583270768,False,False
EXTREME_OPEN,3,CISD,3.0,1.5,0.3,0.15,0.5,896,2.8535031847133756,33.373493975903614,278.0,0.31026785714285715,1.5027124773960217,25.0,19,1.836412531541519,0.9258814565933061,False,False
EXTREME_OPEN,8,FIB_705,3.0,1.5,0.0,0.15,0.5,896,2.8535031847133756,32.774049217002236,278.0,0.31026785714285715,1.4625623960066556,30.0,12,2.1154846920381876,1.1490718250215295,False,False
LAST_OPPOSING,5,CISD,3.0,2.0,0.4,0.15,0.25,361,1.1496815286624205,33.75,112.0,0.31024930747922436,1.528301886792453,10.0,9,1.791144660754602,0.8762096390593543,False,False
EXTREME_OPEN,5,FIB_618,3.0,1.5,0.3,0.15,0.5,735,2.340764331210191,32.82967032967033,228.0,0.31020408163265306,1.4662576687116564,21.0,13,2.050505292116374,1.0705686328248425,False,False
EXTREME_OPEN,5,FIB_618,2.5,2.0,0.4,0.05,0.5,266,0.8471337579617835,37.5,82.5,0.3101503759398496,1.5,11.0,9,1.8368187594476595,1.0144912005432531,False,False
EXTREME_OPEN,8,FIB_786,4.0,2.0,0.3,0.05,0.5,287,0.9140127388535032,26.223776223776223,89.0,0.31010452961672474,1.4218009478672986,20.0,17,2.502120093604798,1.356517045168921,False,False
EXTREME_OPEN,5,FIB_618,3.0,1.5,0.3,0.05,0.5,784,2.4968152866242037,32.818532818532816,243.0,0.30994897959183676,1.4655172413793103,21.0,13,2.049089748333026,1.0755296234181793,False,False
EXTREME_OPEN,5,FIB_705,3.0,1.5,0.3,0.0,0.5,704,2.2420382165605095,32.763532763532766,218.0,0.3096590909090909,1.4618644067796611,23.0,18,2.1289638398899338,1.1543573390928783,False,False
EXTREME_OPEN,3,CISD,2.5,2.0,0.0,0.0,0.25,633,2.015923566878981,38.209982788296045,196.0,0.30963665086887837,1.5459610027855153,18.0,18,1.6753601510110283,0.8782157990427399,False,False
EXTREME_OPEN,8,FIB_705,3.0,2.0,0.4,0.05,0.5,236,0.7515923566878981,32.76595744680851,73.0,0.3093220338983051,1.4620253164556962,11.0,9,2.113232425971966,1.1390912866132565,False,False
EXTREME_OPEN,8,CISD,3.0,2.0,0.0,0.15,0.5,645,2.054140127388535,33.74340949033392,199.0,0.3085271317829457,1.5278514588859415,24.0,24,1.8107251534690272,0.8865695883027992,False,False
LAST_OPPOSING,3,FIB_618,3.0,1.5,0.3,0.15,0.5,694,2.210191082802548,32.798833819241985,214.0,0.30835734870317005,1.4642082429501084,24.0,16,2.041397220084957,1.0584616975129413,False,False
LAST_OPPOSING,5,FIB_705,3.0,1.5,0.3,0.05,0.25,694,2.210191082802548,32.7536231884058,214.0,0.30835734870317005,1.4612068965517242,26.0,18,2.1307790596572707,1.1559483744877979,False,False
LAST_OPPOSING,8,FIB_618,3.0,1.5,0.3,0.15,0.25,759,2.417197452229299,32.800000000000004,234.0,0.308300395256917,1.4642857142857142,25.0,16,2.0312653503660725,1.0768765696502471,False,False
LAST_OPPOSING,3,FIB_618,3.0,1.5,0.3,0.05,0.5,737,2.3471337579617835,32.78463648834019,227.0,0.30800542740841247,1.463265306122449,24.0,16,2.0440951077415326,1.0637963882225614,False,False
EXTREME_OPEN,3,CISD,4.0,1.5,0.4,0.15,0.25,692,2.2038216560509554,26.904376012965965,213.0,0.3078034682080925,1.4722838137472283,23.0,23,2.1289833289490874,0.9847936144235077,False,False
LAST_OPPOSING,3,CISD,3.0,2.0,0.3,0.05,0.25,452,1.4394904458598725,33.496332518337404,139.0,0.3075221238938053,1.5110294117647058,17.0,15,1.8045979745317053,0.8904656164090711,False,False
LAST_OPPOSING,8,CISD,4.0,2.0,0.0,0.15,0.25,683,2.1751592356687897,27.11864406779661,210.0,0.3074670571010249,1.4883720930232558,22.0,17,2.1522181726700467,0.9467365370067483,False,False
LAST_OPPOSING,5,FIB_618,3.0,1.5,0.3,0.15,0.5,745,2.372611464968153,32.7891156462585,229.0,0.3073825503355705,1.4635627530364372,25.0,16,2.0235470807761216,1.0594438475358003,False,False
LAST_OPPOSING,5,FIB_705,4.0,1.5,0.4,0.15,0.25,488,1.5541401273885351,26.18556701030928,150.0,0.3073770491803279,1.4189944134078212,27.0,17,2.4331387997758833,1.2289511875732961,False,False
LAST_OPPOSING,3,FIB_618,4.0,1.2,0.4,0.15,0.5,863,2.748407643312102,26.235294117647058,265.0,0.3070683661645423,1.4226475279106858,29.0,19,2.3720174047039015,1.1377593310058192,False,False
EXTREME_OPEN,5,FIB_705,4.0,1.2,0.4,0.15,0.5,808,2.573248407643312,26.14622057001239,248.0,0.3069306930693069,1.4161073825503356,22.0,16,2.4218037709390834,1.2437063492142415,False,False
EXTREME_OPEN,3,FIB_618,2.5,2.0,0.4,0.05,0.5,256,0.8152866242038217,37.40157480314961,78.5,0.306640625,1.4937106918238994,11.0,9,1.8435763108577592,1.0130512314867672,False,False
EXTREME_OPEN,5,FIB_618,2.5,2.0,0.4,0.15,0.5,256,0.8152866242038217,37.40157480314961,78.5,0.306640625,1.4937106918238994,11.0,8,1.8421304981246758,1.0167776972667568,False,False
LAST_OPPOSING,5,CISD,2.5,2.0,0.4,0.15,0.25,362,1.1528662420382165,38.18181818181819,111.0,0.30662983425414364,1.5441176470588236,10.0,10,1.644463351541258,0.8492992190006986,False,False
EXTREME_OPEN,5,CISD,2.5,2.0,0.0,0.0,0.5,679,2.162420382165605,38.18770226537217,208.0,0.30633284241531666,1.544502617801047,19.0,19,1.665652694232923,0.8675823056026531,False,False
EXTREME_OPEN,5,FIB_618,2.5,2.0,0.3,0.05,0.25,364,1.1592356687898089,37.396121883656505,111.5,0.30631868131868134,1.4933628318584071,11.5,11,1.8525708783478227,1.0207120922423367,False,False
LAST_OPPOSING,3,CISD,2.5,2.0,0.4,0.05,0.5,343,1.0923566878980893,38.095238095238095,105.0,0.30612244897959184,1.5384615384615385,9.0,9,1.642289181654862,0.8501286383139436,False,False
EXTREME_OPEN,3,FIB_618,2.5,2.0,0.3,0.05,0.25,348,1.10828025477707,37.391304347826086,106.5,0.30603448275862066,1.4930555555555556,11.5,11,1.858963779264709,1.018313590761873,False,False
LAST_OPPOSING,8,FIB_705,2.5,2.0,0.0,0.0,0.5,502,1.5987261146496816,37.3253493013972,153.5,0.3057768924302789,1.4888535031847134,15.0,10,1.9223322681387365,1.0687532425923407,False,False
LAST_OPPOSING,3,CISD,2.5,2.0,0.3,0.15,0.25,440,1.4012738853503184,37.99019607843137,134.5,0.30568181818181817,1.5316205533596838,15.0,15,1.6739183586981694,0.8611725879704101,False,False
LAST_OPPOSING,5,FIB_618,3.0,1.5,0.3,0.05,0.5,789,2.5127388535031847,32.73427471116817,241.0,0.30544993662864384,1.4599236641221374,25.0,16,2.024808618923503,1.064768894151429,False,False
EXTREME_OPEN,5,FIB_618,2.5,2.0,0.4,0.0,0.25,267,0.8503184713375797,37.35849056603773,81.5,0.3052434456928839,1.4909638554216869,12.0,9,1.8410272638016145,1.0260733965463036,False,False
EXTREME_OPEN,8,FIB_618,2.5,2.0,0.0,0.0,0.5,526,1.6751592356687899,37.35632183908046,160.5,0.3051330798479088,1.4908256880733946,13.5,11,1.8391232107555318,1.0139456717546367,False,False
LAST_OPPOSING,5,FIB_705,3.0,1.5,0.3,0.0,0.25,702,2.2356687898089174,32.664756446991404,214.0,0.30484330484330485,1.4553191489361703,26.0,18,2.129629326790601,1.158364045696722,False,False
EXTREME_OPEN,3,CISD,4.0,1.5,0.4,0.0,0.25,722,2.299363057324841,26.82170542635659,220.0,0.3047091412742382,1.4661016949152543,22.0,18,2.1250484054292684,0.9949656513009523,False,False
LAST_OPPOSING,3,FIB_705,4.0,1.5,0.0,0.15,0.25,824,2.624203821656051,26.129426129426133,251.0,0.30461165048543687,1.4148760330578511,26.0,20,2.422723720760764,1.2388197693220835,False,False
LAST_OPPOSING,3,FIB_618,3.0,1.5,0.3,0.0,0.5,742,2.3630573248407645,32.69754768392371,226.0,0.3045822102425876,1.45748987854251,24.0,16,2.0440872659400906,1.065185534913644,False,False
LAST_OPPOSING,8,FIB_705,2.5,2.0,0.0,0.15,0.5,465,1.480891719745223,37.28448275862069,141.5,0.3043010752688172,1.486254295532646,14.5,10,1.9154794471345626,1.063975826741394,False,False
LAST_OPPOSING,8,FIB_705,4.0,1.5,0.0,0.15,0.25,940,2.9936305732484074,26.124197002141326,286.0,0.30425531914893617,1.4144927536231884,31.0,18,2.3856783995824444,1.232412697107747,False,False
EXTREME_OPEN,8,FIB_786,4.0,2.0,0.0,0.05,0.5,411,1.3089171974522293,26.097560975609756,125.0,0.30413625304136255,1.4125412541254125,21.0,20,2.546130713700623,1.372115787489578,False,False
EXTREME_OPEN,3,CISD,2.5,2.0,0.0,0.0,0.5,633,2.015923566878981,38.03786574870912,192.5,0.3041074249605055,1.5347222222222223,18.0,18,1.666654579632091,0.8767535720019413,False,False
LAST_OPPOSING,3,FIB_786,4.0,2.0,0.4,0.15,0.5,181,0.5764331210191083,26.111111111111114,55.0,0.30386740331491713,1.413533834586466,18.0,18,2.5372282303451614,1.3026366566277718,False,False
LAST_OPPOSING,8,FIB_786,4.0,2.0,0.0,0.0,0.25,441,1.4044585987261147,26.077097505668934,134.0,0.30385487528344673,1.4110429447852761,22.0,22,2.5020870107610054,1.3435920898464797,False,False
LAST_OPPOSING,5,FIB_618,4.0,1.2,0.4,0.15,0.5,912,2.9044585987261144,26.169265033407573,277.0,0.30372807017543857,1.4177978883861238,32.0,21,2.3557489985523588,1.1385231182965772,False,False
EXTREME_OPEN,8,FIB_618,2.5,2.0,0.4,0.05,0.25,270,0.8598726114649682,37.3134328358209,82.0,0.3037037037037037,1.4880952380952381,11.0,9,1.8400510850306324,1.02480231237164,False,False
EXTREME_OPEN,3,FIB_618,2.5,2.0,0.0,0.0,0.5,489,1.5573248407643312,37.31958762886598,148.5,0.30368098159509205,1.488486842105263,13.5,11,1.8565660417167138,1.0164227224079805,False,False
EXTREME_OPEN,5,FIB_705,3.0,1.5,0.3,0.15,0.5,652,2.0764331210191083,32.61538461538461,198.0,0.30368098159509205,1.452054794520548,24.0,20,2.1186744901203216,1.1520465873275052,False,False
EXTREME_OPEN,3,FIB_618,3.0,1.5,0.3,0.05,0.5,751,2.3917197452229297,32.66129032258064,228.0,0.303595206391478,1.4550898203592815,21.0,13,2.0480031243914643,1.0777410722449057,False,False
LAST_OPPOSING,5,FIB_786,4.0,2.0,0.3,0.15,0.25,280,0.89171974522293,26.071428571428573,85.0,0.30357142857142855,1.4106280193236715,19.0,16,2.5298644518640074,1.3426370417141407,False,False
EXTREME_OPEN,3,CISD,4.0,1.5,0.4,0.05,0.25,715,2.2770700636942673,26.802507836990596,217.0,0.3034965034965035,1.4646680942184154,21.0,18,2.1285118819863853,0.9935084203637904,False,False
LAST_OPPOSING,8,FIB_618,3.0,1.5,0.3,0.0,0.25,811,2.582802547770701,32.66832917705736,246.0,0.3033292231812577,1.4555555555555555,25.0,16,2.030554673694186,1.0846490905788055,False,False
LAST_OPPOSING,3,FIB_705,3.0,1.5,0.3,0.15,0.25,610,1.9426751592356688,32.61943986820428,185.0,0.30327868852459017,1.452322738386308,29.0,14,2.1283575093734974,1.156250009958965,False,False
LAST_OPPOSING,5,FIB_618,2.5,2.0,0.4,0.0,0.25,277,0.8821656050955414,37.362637362637365,84.0,0.30324909747292417,1.4912280701754386,10.0,10,1.848489375180817,0.9939277242020668,False,False
LAST_OPPOSING,5,FIB_618,2.5,2.0,0.4,0.0,0.5,277,0.8821656050955414,37.362637362637365,84.0,0.30324909747292417,1.4912280701754386,10.0,10,1.8305218968386228,0.9829675658715086,False,False
LAST_OPPOSING,5,FIB_618,2.5,2.0,0.4,0.05,0.25,277,0.8821656050955414,37.362637362637365,84.0,0.30324909747292417,1.4912280701754386,10.0,10,1.848489375180817,0.9939277242020668,False,False
LAST_OPPOSING,5,FIB_618,2.5,2.0,0.4,0.05,0.5,277,0.8821656050955414,37.362637362637365,84.0,0.30324909747292417,1.4912280701754386,10.0,10,1.8305218968386228,0.9829675658715086,False,False
EXTREME_OPEN,3,FIB_618,2.5,2.0,0.4,0.15,0.5,246,0.7834394904458599,37.295081967213115,74.5,0.30284552845528456,1.4869281045751634,11.0,8,1.849378671083032,1.0153721399040518,False,False
EXTREME_OPEN,8,FIB_705,3.0,2.0,0.4,0.15,0.5,228,0.7261146496815286,32.59911894273127,69.0,0.3026315789473684,1.4509803921568627,11.0,9,2.1255419783185845,1.1425997321979875,False,False
LAST_OPPOSING,5,FIB_705,2.5,2.0,0.3,0.0,0.5,334,1.0636942675159236,37.23723723723724,101.0,0.3023952095808383,1.4832535885167464,11.5,10,1.9174168295768348,1.0647835568093733,False,False
LAST_OPPOSING,3,CISD,2.5,2.0,0.4,0.0,0.5,344,1.0955414012738853,37.9746835443038,104.0,0.3023255813953488,1.530612244897959,9.0,9,1.6408879235984712,0.8509370002031622,False,False
LAST_OPPOSING,3,FIB_705,2.5,2.0,0.0,0.05,0.5,430,1.3694267515923566,37.2093023255814,130.0,0.3023255813953488,1.4814814814814814,13.5,8,1.956678316008825,1.0773403865186038,False,False
LAST_OPPOSING,5,CISD,3.0,2.0,0.3,0.15,0.25,483,1.5382165605095541,33.41013824884793,146.0,0.3022774327122153,1.505190311418685,15.0,15,1.78994378643079,0.8893172521944804,False,False
EXTREME_OPEN,3,FIB_705,3.0,1.5,0.3,0.05,0.5,665,2.1178343949044587,32.57918552036199,201.0,0.3022556390977444,1.4496644295302012,22.0,18,2.136474347086583,1.1576521542859408,False,False
EXTREME_OPEN,3,FIB_705,3.0,2.0,0.4,0.05,0.5,222,0.7070063694267515,32.57918552036199,67.0,0.30180180180180183,1.4496644295302012,10.0,9,2.123468939214947,1.1416568178874866,False,False
LAST_OPPOSING,3,CISD,3.0,2.0,0.3,0.0,0.25,454,1.4458598726114649,33.33333333333333,137.0,0.30176211453744495,1.5,17.0,15,1.8026816189322539,0.8927674420227844,False,False
EXTREME_OPEN,8,FIB_705,4.0,1.2,0.4,0.15,0.5,819,2.6082802547770703,26.03911980440098,247.0,0.30158730158730157,1.4082644628099175,18.0,14,2.4132157815268322,1.2434672721734228,False,False
EXTREME_OPEN,3,FIB_618,3.0,1.5,0.3,0.15,0.5,703,2.238853503184713,32.61494252873563,212.0,0.3015647226173542,1.4520255863539446,21.0,13,2.0468682431242047,1.0731262256722482,False,False
EXTREME_OPEN,3,FIB_618,2.5,2.0,0.4,0.0,0.5,257,0.8184713375796179,37.254901960784316,77.5,0.301556420233463,1.484375,12.0,9,1.8383846925514917,1.01389027893302,False,False
EXTREME_OPEN,3,FIB_705,3.0,1.5,0.4,0.15,0.5,471,1.5,32.5531914893617,142.0,0.30148619957537154,1.4479495268138802,25.0,13,2.1214064804207533,1.1562750315761514,False,False
LAST_OPPOSING,3,FIB_705,3.0,2.0,0.4,0.0,0.25,219,0.697452229299363,32.56880733944954,66.0,0.3013698630136986,1.4489795918367347,10.0,9,2.1594414292738926,1.122429088318438,False,False
LAST_OPPOSING,3,FIB_705,3.0,2.0,0.4,0.05,0.25,219,0.697452229299363,32.56880733944954,66.0,0.3013698630136986,1.4489795918367347,10.0,9,2.1594414292738926,1.122429088318438,False,False
LAST_OPPOSING,5,FIB_786,4.0,2.0,0.3,0.0,0.25,292,0.9299363057324841,26.027397260273972,88.0,0.3013698630136986,1.4074074074074074,19.0,18,2.5261339010187163,1.342059594717382,False,False
EXTREME_OPEN,8,CISD,2.5,2.0,0.0,0.05,0.25,692,2.2038216560509554,38.05732484076433,208.5,0.3013005780346821,1.5359897172236503,19.0,19,1.6702574506059522,0.8655167576913391,False,False
LAST_OPPOSING,3,CISD,3.0,2.0,0.4,0.05,0.25,342,1.089171974522293,33.442622950819676,103.0,0.30116959064327486,1.5073891625615763,12.0,9,1.8012913480164316,0.885925357831056,False,False
EXTREME_OPEN,5,FIB_705,3.0,2.0,0.3,0.15,0.25,309,0.9840764331210191,32.57328990228013,93.0,0.30097087378640774,1.4492753623188406,15.0,15,2.135146810116418,1.1601175048001546,False,False
LAST_OPPOSING,5,FIB_705,2.5,2.0,0.3,0.15,0.5,321,1.0222929936305734,37.1875,96.5,0.30062305295950154,1.4800995024875623,10.5,9,1.920754794451117,1.0660336200374283,False,False
LAST_OPPOSING,3,FIB_618,2.5,2.0,0.4,0.0,0.25,258,0.821656050955414,37.254901960784316,77.5,0.3003875968992248,1.484375,9.0,9,1.8611264307399826,0.9983770994141636,False,False
LAST_OPPOSING,3,FIB_618,2.5,2.0,0.4,0.0,0.5,258,0.821656050955414,37.254901960784316,77.5,0.3003875968992248,1.484375,9.0,9,1.8444433720470552,0.9878125776719487,False,False
LAST_OPPOSING,3,FIB_618,2.5,2.0,0.4,0.05,0.25,258,0.821656050955414,37.254901960784316,77.5,0.3003875968992248,1.484375,9.0,9,1.8611264307399826,0.9983770994141636,False,False
LAST_OPPOSING,3,FIB_618,2.5,2.0,0.4,0.05,0.5,258,0.821656050955414,37.254901960784316,77.5,0.3003875968992248,1.484375,9.0,9,1.8444433720470552,0.9878125776719487,False,False
EXTREME_OPEN,8,FIB_705,3.0,1.5,0.3,0.05,0.5,703,2.238853503184713,32.52496433666191,211.0,0.30014224751066854,1.4460887949260042,22.0,18,2.1214988901068055,1.1564866796654683,False,False
EXTREME_OPEN,5,FIB_618,3.0,1.5,0.3,0.0,0.5,793,2.5254777070063694,32.56997455470738,238.0,0.30012610340479196,1.4490566037735848,21.0,13,2.0437004697721926,1.0793801514825248,False,False
EXTREME_OPEN,8,FIB_618,2.5,2.0,0.4,0.15,0.25,260,0.8280254777070064,37.2093023255814,78.0,0.3,1.4814814814814814,11.0,8,1.8444346250041335,1.026880628715572,False,False
LAST_OPPOSING,8,FIB_705,3.0,1.5,0.4,0.15,0.5,500,1.5923566878980893,32.53012048192771,150.0,0.3,1.4464285714285714,32.0,17,2.1038891725607054,1.1240394569190704,False,False
LAST_OPPOSING,5,FIB_705,4.0,1.5,0.4,0.05,0.5,510,1.624203821656051,26.035502958579883,153.0,0.3,1.408,23.0,17,2.409262462176114,1.2157219757639015,False,False
LAST_OPPOSING,3,FIB_618,4.0,1.5,0.0,0.15,0.25,934,2.9745222929936306,26.120218579234972,280.0,0.29978586723768735,1.4142011834319526,29.0,28,2.3518073715457546,1.1503368819646298,False,False
LAST_OPPOSING,3,FIB_705,3.0,1.5,0.0,0.05,0.5,914,2.910828025477707,32.527472527472526,274.0,0.29978118161925604,1.4462540716612378,29.0,13,2.1242429667752982,1.1467624969929904,False,False
LAST_OPPOSING,5,FIB_786,4.0,2.0,0.0,0.0,0.25,427,1.3598726114649682,25.995316159250585,128.0,0.2997658079625293,1.4050632911392404,21.0,21,2.516923263221752,1.3455200153111553,False,False
LAST_OPPOSING,5,FIB_705,4.0,1.5,0.4,0.0,0.5,514,1.6369426751592357,26.027397260273972,154.0,0.29961089494163423,1.4074074074074074,23.0,17,2.4124875068005487,1.2169374244185587,False,False
EXTREME_OPEN,5,FIB_705,3.0,2.0,0.0,0.0,0.5,454,1.4458598726114649,32.52212389380531,136.0,0.29955947136563876,1.4459016393442623,14.0,11,2.1382300201435136,1.1451237690491936,False,False
EXTREME_OPEN,5,FIB_705,3.0,2.0,0.0,0.05,0.5,448,1.4267515923566878,32.511210762331835,134.0,0.29910714285714285,1.4451827242524917,14.0,10,2.1340344262267137,1.143803871720948,False,False
EXTREME_OPEN,5,FIB_705,3.0,2.0,0.0,0.15,0.5,408,1.2993630573248407,32.51231527093596,122.0,0.29901960784313725,1.4452554744525548,15.0,9,2.1245683967573514,1.1402547030164072,False,False
LAST_OPPOSING,5,FIB_705,3.0,1.5,0.3,0.15,0.25,656,2.089171974522293,32.515337423312886,196.0,0.29878048780487804,1.4454545454545455,28.0,15,2.113456038363957,1.1550281720462285,False,False
LAST_OPPOSING,5,FIB_786,4.0,2.0,0.4,0.0,0.5,201,0.6401273885350318,26.0,60.0,0.29850746268656714,1.4054054054054055,14.0,13,2.504216889225298,1.3041310733601916,False,False
LAST_OPPOSING,5,FIB_786,4.0,2.0,0.4,0.05,0.5,201,0.6401273885350318,26.0,60.0,0.29850746268656714,1.4054054054054055,14.0,13,2.504216889225298,1.3041310733601916,False,False
LAST_OPPOSING,3,CISD,3.0,2.0,0.3,0.15,0.5,439,1.3980891719745223,33.249370277078086,131.0,0.2984054669703872,1.4943396226415093,20.0,15,1.7960209345801776,0.8879659056761737,False,False
EXTREME_OPEN,8,FIB_705,3.0,2.0,0.4,0.0,0.5,238,0.7579617834394905,32.48945147679325,71.0,0.29831932773109243,1.44375,12.0,9,2.103862403811197,1.1430610619084436,False,False
EXTREME_OPEN,5,CISD,3.0,2.0,0.0,0.05,0.25,664,2.1146496815286624,33.389830508474574,198.0,0.29819277108433734,1.5038167938931297,24.0,24,1.8180561718926418,0.9048990223532712,False,False
LAST_OPPOSING,5,CISD,4.0,1.5,0.3,0.15,0.5,939,2.9904458598726116,26.706586826347305,280.0,0.29818956336528224,1.457516339869281,26.0,26,2.1700500095353585,0.9788588105190598,False,False
LAST_OPPOSING,3,FIB_786,4.0,2.0,0.3,0.15,0.5,255,0.8121019108280255,25.984251968503933,76.0,0.2980392156862745,1.4042553191489362,22.0,22,2.5105921656860857,1.2995524211177487,False,False
LAST_OPPOSING,3,FIB_705,4.0,1.5,0.0,0.05,0.25,906,2.8853503184713376,26.0,270.0,0.2980132450331126,1.4054054054054055,25.0,20,2.4168713466729947,1.2504469808621754,False,False
EXTREME_OPEN,5,FIB_705,4.0,1.5,0.4,0.15,0.25,490,1.5605095541401275,25.971370143149286,146.0,0.2979591836734694,1.4033149171270718,22.0,13,2.4397510979771866,1.2558193612312616,False,False
EXTREME_OPEN,5,FIB_705,4.0,1.5,0.0,0.15,0.25,873,2.7802547770700636,25.97701149425287,260.0,0.29782359679266895,1.4037267080745341,24.0,18,2.4172616519925523,1.2567573944225459,False,False
LAST_OPPOSING,3,CISD,2.5,2.0,0.3,0.15,0.5,440,1.4012738853503184,37.745098039215684,131.0,0.29772727272727273,1.515748031496063,15.0,15,1.6598515748571467,0.8598753745060724,False,False
LAST_OPPOSING,3,FIB_705,3.0,1.5,0.0,0.0,0.5,934,2.9745222929936306,32.47311827956989,278.0,0.29764453961456105,1.4426751592356688,31.0,13,2.1228143859224495,1.1486111643136225,False,False
LAST_OPPOSING,5,FIB_618,4.0,1.5,0.4,0.05,0.25,585,1.8630573248407643,26.09457092819615,174.0,0.29743589743589743,1.4123222748815165,25.0,25,2.366344866326296,1.148935227370885,False,False
LAST_OPPOSING,3,CISD,3.0,2.0,0.4,0.0,0.25,343,1.0923566878980893,33.33333333333333,102.0,0.29737609329446063,1.5,12.0,9,1.7994442651810596,0.8866529336711046,False,False
LAST_OPPOSING,5,FIB_618,3.0,1.5,0.3,0.0,0.5,797,2.538216560509554,32.52858958068615,237.0,0.2973651191969887,1.4463276836158192,25.0,16,2.022806522551018,1.0679858129812896,False,False
LAST_OPPOSING,3,CISD,3.0,2.0,0.4,0.15,0.5,333,1.0605095541401275,33.33333333333333,99.0,0.2972972972972973,1.5,11.0,9,1.7911326537473529,0.8798723858856148,False,False
LAST_OPPOSING,5,FIB_618,4.0,1.5,0.4,0.0,0.25,589,1.875796178343949,26.08695652173913,175.0,0.29711375212224106,1.411764705882353,25.0,25,2.3666589096200723,1.150038133087888,False,False
EXTREME_OPEN,3,FIB_705,4.0,1.5,0.0,0.05,0.25,936,2.9808917197452227,25.9656652360515,278.0,0.297008547008547,1.4028985507246376,21.0,18,2.419594377360545,1.2666119536711984,False,False
LAST_OPPOSING,5,CISD,2.5,2.0,0.4,0.15,0.5,362,1.1528662420382165,37.878787878787875,107.5,0.2969613259668508,1.524390243902439,10.0,10,1.631579645779066,0.8435925847919866,False,False
EXTREME_OPEN,3,CISD,3.0,2.0,0.0,0.05,0.25,620,1.9745222929936306,33.273381294964025,184.0,0.2967741935483871,1.4959568733153639,22.0,22,1.8234768782253108,0.9116300516891402,False,False
EXTREME_OPEN,3,FIB_705,3.0,1.5,0.3,0.0,0.5,674,2.1464968152866244,32.44047619047619,200.0,0.29673590504451036,1.4405286343612336,22.0,18,2.131852606388416,1.160210516724852,False,False
LAST_OPPOSING,5,FIB_705,3.0,2.0,0.4,0.0,0.25,236,0.7515923566878981,32.47863247863248,70.0,0.2966101694915254,1.4430379746835442,11.0,10,2.139423034852067,1.1174534558752607,False,False
LAST_OPPOSING,5,FIB_705,3.0,2.0,0.4,0.05,0.25,236,0.7515923566878981,32.47863247863248,70.0,0.2966101694915254,1.4430379746835442,11.0,10,2.139423034852067,1.1174534558752607,False,False
EXTREME_OPEN,8,FIB_786,4.0,2.0,0.3,0.0,0.5,290,0.9235668789808917,25.951557093425603,86.0,0.296551724137931,1.4018691588785046,20.0,17,2.501698320329426,1.3630806681535506,False,False
LAST_OPPOSING,5,CISD,2.5,2.0,0.4,0.05,0.25,371,1.1815286624203822,37.8698224852071,110.0,0.29649595687331537,1.5238095238095237,10.0,10,1.6394961707816678,0.8534001020948825,False,False
LAST_OPPOSING,8,CISD,2.5,2.0,0.4,0.15,0.25,371,1.1815286624203822,37.8698224852071,110.0,0.29649595687331537,1.5238095238095237,10.0,10,1.637248404604445,0.8506652386892295,False,False
EXTREME_OPEN,8,CISD,2.5,2.0,0.0,0.05,0.5,692,2.2038216560509554,37.898089171974526,205.0,0.29624277456647397,1.5256410256410255,19.0,19,1.6618802821300367,0.8634823400432049,False,False
EXTREME_OPEN,5,FIB_618,2.5,2.0,0.3,0.15,0.5,348,1.10828025477707,37.10144927536232,103.0,0.2959770114942529,1.4746543778801844,11.5,10,1.8376860736093752,1.0126394877147322,False,False
LAST_OPPOSING,5,FIB_705,2.5,2.0,0.3,0.05,0.5,333,1.0605095541401275,37.04819277108434,98.5,0.2957957957957958,1.4712918660287082,11.5,10,1.9151757871913373,1.0671075318093515,False,False
LAST_OPPOSING,5,FIB_618,4.0,1.5,0.4,0.15,0.25,562,1.7898089171974523,26.04735883424408,166.0,0.29537366548042704,1.4088669950738917,25.0,25,2.359257793383367,1.140184503876519,False,False
EXTREME_OPEN,3,FIB_618,2.5,2.0,0.3,0.15,0.5,332,1.0573248407643312,37.08206686930091,98.0,0.29518072289156627,1.4734299516908214,11.5,10,1.8451872473304838,1.0108385528353967,False,False
EXTREME_OPEN,8,CISD,2.5,2.0,0.0,0.0,0.25,703,2.238853503184713,37.89308176100629,207.5,0.2951635846372688,1.5253164556962024,19.0,19,1.6635496639674068,0.8666273399132196,False,False
EXTREME_OPEN,8,FIB_618,3.0,1.5,0.3,0.05,0.5,793,2.5254777070063694,32.44274809160305,234.0,0.29508196721311475,1.4406779661016949,22.0,13,2.036189056129622,1.0796380722676293,False,False
LAST_OPPOSING,8,FIB_705,4.0,1.2,0.4,0.05,0.5,871,2.7738853503184715,25.921658986175117,257.0,0.29506314580941445,1.3996889580093312,25.0,21,2.4036873529735296,1.2391071025690408,False,False
EXTREME_OPEN,8,FIB_705,3.0,1.5,0.3,0.0,0.5,712,2.267515923566879,32.3943661971831,210.0,0.2949438202247191,1.4375,23.0,18,2.1173131118515434,1.158923232411831,False,False
EXTREME_OPEN,3,CISD,4.0,1.5,0.4,0.15,0.5,692,2.2038216560509554,26.623376623376622,204.0,0.2947976878612717,1.4513274336283186,23.0,23,2.117548796099509,0.9746084417837149,False,False
LAST_OPPOSING,5,FIB_618,2.5,2.0,0.4,0.15,0.25,268,0.8535031847133758,37.121212121212125,79.0,0.2947761194029851,1.4759036144578312,9.5,9,1.848532223069658,0.9953304522648646,False,False
LAST_OPPOSING,5,FIB_618,2.5,2.0,0.4,0.15,0.5,268,0.8535031847133758,37.121212121212125,79.0,0.2947761194029851,1.4759036144578312,9.5,9,1.8308497444404135,0.9844591583671387,False,False
LAST_OPPOSING,8,FIB_705,4.0,1.2,0.4,0.0,0.5,879,2.799363057324841,25.91324200913242,259.0,0.29465301478953354,1.399075500770416,26.0,21,2.4059819200777315,1.2395968000423545,False,False
LAST_OPPOSING,5,FIB_705,2.5,2.0,0.0,0.05,0.5,482,1.535031847133758,37.00623700623701,142.0,0.2946058091286307,1.4686468646864685,14.0,10,1.925782688041396,1.0698029758600507,False,False
EXTREME_OPEN,5,CISD,4.0,1.5,0.4,0.15,0.25,723,2.3025477707006368,26.635514018691588,213.0,0.2946058091286307,1.4522292993630572,23.0,23,2.121365232822727,0.9826427092553209,False,False
EXTREME_OPEN,3,FIB_705,3.0,2.0,0.4,0.15,0.5,214,0.6815286624203821,32.3943661971831,63.0,0.29439252336448596,1.4375,10.0,9,2.136966462770894,1.1454906956609097,False,False
EXTREME_OPEN,8,FIB_618,3.0,1.5,0.3,0.15,0.5,744,2.3694267515923566,32.42876526458616,219.0,0.29435483870967744,1.4397590361445782,22.0,13,2.0367378340366034,1.0750076769820383,False,False
EXTREME_OPEN,5,FIB_705,3.0,2.0,0.3,0.05,0.25,323,1.0286624203821657,32.398753894081,95.0,0.29411764705882354,1.4377880184331797,16.0,16,2.129203483264141,1.1610119147037632,False,False
LAST_OPPOSING,3,CISD,2.5,2.0,0.3,0.05,0.25,453,1.4426751592356688,37.61904761904762,133.0,0.293598233995585,1.5076335877862594,15.0,15,1.666848482785249,0.8659047359662786,False,False
EXTREME_OPEN,3,FIB_618,3.0,1.5,0.3,0.0,0.5,760,2.4203821656050954,32.40371845949535,223.0,0.29342105263157897,1.4381139489194499,21.0,13,2.042392705597692,1.081732606081202,False,False
LAST_OPPOSING,5,CISD,2.5,2.0,0.4,0.0,0.25,372,1.1847133757961783,37.75811209439528,109.0,0.29301075268817206,1.5165876777251184,10.0,10,1.6382280142351686,0.8541583917961536,False,False
EXTREME_OPEN,8,CISD,4.0,1.5,0.4,0.15,0.25,731,2.328025477707006,26.625386996904027,214.0,0.292749658002736,1.4514767932489452,23.0,23,2.1192778196518915,0.9784833886783032,False,False
EXTREME_OPEN,5,CISD,4.0,1.5,0.4,0.0,0.25,753,2.3980891719745223,26.56716417910448,220.0,0.2921646746347942,1.4471544715447155,23.0,20,2.117895814632131,0.9924816704512848,False,False
EXTREME_OPEN,5,FIB_618,2.5,2.0,0.4,0.0,0.5,267,0.8503184713375797,36.9811320754717,78.0,0.29213483146067415,1.467065868263473,12.0,9,1.824307390448789,1.0214804224505274,False,False
LAST_OPPOSING,5,CISD,3.0,2.0,0.4,0.05,0.25,370,1.178343949044586,33.23170731707317,108.0,0.2918918918918919,1.4931506849315068,11.0,10,1.783520740263872,0.8814195616199336,False,False
LAST_OPPOSING,8,CISD,3.0,2.0,0.4,0.15,0.25,370,1.178343949044586,33.23170731707317,108.0,0.2918918918918919,1.4931506849315068,11.0,9,1.7809089859515672,0.8790431074585457,False,False
LAST_OPPOSING,8,FIB_705,4.0,1.2,0.4,0.15,0.25,819,2.6082802547770703,25.857843137254903,239.0,0.29181929181929184,1.3950413223140496,23.0,17,2.432307206336294,1.2630446913742153,False,False
LAST_OPPOSING,3,FIB_705,4.0,1.5,0.0,0.0,0.25,926,2.949044585987261,25.869565217391305,270.0,0.2915766738660907,1.3958944281524928,26.0,21,2.414659995689688,1.2544465412670296,False,False
EXTREME_OPEN,8,FIB_705,4.0,1.5,0.0,0.15,0.25,889,2.8312101910828025,25.84650112866817,259.0,0.29133858267716534,1.3942161339421613,24.0,15,2.407856065321987,1.256875712968732,False,False
EXTREME_OPEN,3,FIB_705,4.0,1.5,0.0,0.15,0.25,831,2.6464968152866244,25.845410628019323,242.0,0.29121540312876054,1.3941368078175895,23.0,19,2.421414933499615,1.258701657613442,False,False
LAST_OPPOSING,3,FIB_618,2.5,2.0,0.4,0.15,0.25,249,0.7929936305732485,36.99186991869919,72.5,0.29116465863453816,1.467741935483871,8.5,8,1.861629309190753,1.0000476837424315,False,False
LAST_OPPOSING,3,FIB_618,2.5,2.0,0.4,0.15,0.5,249,0.7929936305732485,36.99186991869919,72.5,0.29116465863453816,1.467741935483871,8.5,8,1.8452994219834238,0.9895931073708758,False,False
LAST_OPPOSING,3,CISD,4.0,2.0,0.0,0.15,0.5,584,1.8598726114649682,26.732673267326735,170.0,0.2910958904109589,1.4594594594594594,24.0,16,2.157413929028288,0.952456190476918,False,False
EXTREME_OPEN,3,CISD,4.0,1.5,0.4,0.05,0.5,715,2.2770700636942673,26.53061224489796,208.0,0.2909090909090909,1.4444444444444444,21.0,18,2.116591608768948,0.9831632474844378,False,False
EXTREME_OPEN,5,CISD,4.0,1.5,0.4,0.05,0.25,746,2.375796178343949,26.546003016591253,217.0,0.29088471849865954,1.4455852156057496,23.0,20,2.121148251096955,0.9910616865558176,False,False
EXTREME_OPEN,8,FIB_618,2.5,2.0,0.4,0.05,0.5,270,0.8598726114649682,36.940298507462686,78.5,0.29074074074074074,1.4644970414201184,11.0,9,1.8232580141522619,1.0199463076915818,False,False
EXTREME_OPEN,8,CISD,4.0,1.5,0.4,0.0,0.25,761,2.4235668789808917,26.55786350148368,221.0,0.290407358738502,1.4464646464646465,23.0,20,2.115927163275553,0.988382885915979,False,False
EXTREME_OPEN,8,CISD,2.5,2.0,0.0,0.0,0.5,703,2.238853503184713,37.735849056603776,204.0,0.2901849217638691,1.5151515151515151,19.0,19,1.6551738884077503,0.8645064936713697,False,False
EXTREME_OPEN,3,FIB_705,3.0,2.0,0.4,0.0,0.5,224,0.7133757961783439,32.28699551569507,65.0,0.29017857142857145,1.4304635761589404,11.0,9,2.11342189322946,1.1458517976093887,False,False
EXTREME_OPEN,8,FIB_618,2.5,2.0,0.3,0.15,0.25,355,1.1305732484076434,36.93181818181818,103.0,0.29014084507042254,1.4639639639639639,12.0,10,1.837076276101416,1.025679877892491,False,False
EXTREME_OPEN,3,FIB_705,3.0,2.0,0.3,0.15,0.25,293,0.9331210191082803,32.302405498281786,85.0,0.2901023890784983,1.4314720812182742,15.0,15,2.1429554251964213,1.1558619258927578,False,False
LAST_OPPOSING,8,FIB_705,3.0,1.5,0.3,0.05,0.25,707,2.251592356687898,32.29018492176387,205.0,0.28995756718529,1.430672268907563,28.0,18,2.117338747943667,1.162666540235839,False,False
LAST_OPPOSING,8,FIB_786,4.0,2.0,0.0,0.15,0.25,407,1.2961783439490446,25.7985257985258,118.0,0.28992628992628994,1.390728476821192,19.0,18,2.4829651422441734,1.3396097994935312,False,False
EXTREME_OPEN,5,CISD,4.0,2.0,0.0,0.15,0.25,614,1.9554140127388535,26.755218216318788,178.0,0.2899022801302932,1.461139896373057,28.0,25,2.08992294384919,0.9495117560301477,False,False
LAST_OPPOSING,3,FIB_705,4.0,1.5,0.4,0.15,0.25,459,1.4617834394904459,25.82056892778993,133.0,0.289760348583878,1.392330383480826,29.0,16,2.435311395579776,1.2412779504701181,False,False
EXTREME_OPEN,5,FIB_618,2.5,2.0,0.3,0.0,0.25,366,1.1656050955414012,36.91460055096419,106.0,0.2896174863387978,1.462882096069869,12.5,11,1.8434985523925373,1.0280300407748824,False,False
LAST_OPPOSING,8,FIB_618,4.0,1.2,0.4,0.15,0.5,930,2.961783439490446,25.87336244541485,269.0,0.289247311827957,1.3961708394698085,33.0,22,2.3398623047950404,1.1408256617440045,False,False
EXTREME_OPEN,8,CISD,4.0,1.5,0.4,0.05,0.25,754,2.4012738853503186,26.536731634182907,218.0,0.2891246684350133,1.4448979591836735,23.0,20,2.1191268145265654,0.9869399157863166,False,False
EXTREME_OPEN,5,CISD,3.0,2.0,0.0,0.0,0.25,675,2.1496815286624202,33.165829145728644,195.0,0.28888888888888886,1.4887218045112782,24.0,24,1.8098144352656362,0.9054138881172723,False,False
EXTREME_OPEN,3,FIB_705,3.0,2.0,0.0,0.0,0.5,433,1.3789808917197452,32.25058004640371,125.0,0.28868360277136257,1.428082191780822,14.0,11,2.1498111706589778,1.1470816683569596,False,False
LAST_OPPOSING,5,FIB_786,4.0,2.0,0.3,0.05,0.25,291,0.9267515923566879,25.773195876288657,84.0,0.28865979381443296,1.3888888888888888,19.0,18,2.5207926418991033,1.3465489501481573,False,False
EXTREME_OPEN,3,FIB_618,2.5,2.0,0.3,0.0,0.25,350,1.1146496815286624,36.887608069164266,101.0,0.2885714285714286,1.461187214611872,12.5,11,1.8494401875462283,1.025979779807223,False,False
LAST_OPPOSING,5,CISD,4.0,2.0,0.0,0.15,0.5,662,2.1082802547770703,26.713532513181022,191.0,0.28851963746223563,1.4580335731414868,22.0,18,2.145644780056783,0.9430765420676169,False,False
LAST_OPPOSING,5,CISD,3.0,2.0,0.4,0.0,0.25,371,1.1815286624203822,33.130699088145896,107.0,0.2884097035040431,1.4863636363636363,11.0,10,1.7818609591189123,0.8821043710790921,False,False
LAST_OPPOSING,8,FIB_705,2.5,2.0,0.0,0.05,0.5,498,1.585987261146497,36.820925553319924,143.5,0.28815261044176704,1.4570063694267517,15.0,10,1.914555661270609,1.0749664694758774,False,False
LAST_OPPOSING,5,CISD,3.0,2.0,0.4,0.15,0.5,361,1.1496815286624205,33.125,104.0,0.2880886426592798,1.485981308411215,10.0,9,1.772570429467996,0.8749508174279628,False,False
EXTREME_OPEN,3,FIB_705,3.0,2.0,0.0,0.05,0.5,427,1.3598726114649682,32.23529411764706,123.0,0.28805620608899296,1.4270833333333333,14.0,11,2.1455719688518733,1.1457243695110406,False,False
LAST_OPPOSING,3,CISD,2.5,2.0,0.3,0.0,0.25,455,1.4490445859872612,37.44075829383886,131.0,0.2879120879120879,1.496212121212121,15.0,15,1.6655418312277586,0.8683094625366333,False,False
EXTREME_OPEN,8,FIB_705,3.0,1.5,0.3,0.15,0.5,660,2.1019108280254777,32.21884498480243,190.0,0.2878787878787879,1.4260089686098654,24.0,20,2.1062305453245997,1.1570002268081374,False,False
LAST_OPPOSING,3,FIB_705,3.0,2.0,0.4,0.15,0.25,212,0.6751592356687898,32.22748815165877,61.0,0.28773584905660377,1.4265734265734267,10.0,8,2.165804118144867,1.1249573171276759,False,False
LAST_OPPOSING,5,FIB_618,2.5,2.0,0.0,0.15,0.25,511,1.627388535031847,36.904761904761905,147.0,0.2876712328767123,1.4622641509433962,16.0,11,1.8109677723701552,0.9936313548055351,False,False
EXTREME_OPEN,8,FIB_705,4.0,1.5,0.4,0.15,0.25,494,1.5732484076433122,25.760649087221093,142.0,0.2874493927125506,1.3879781420765027,22.0,13,2.432118119831062,1.258117149502498,False,False
EXTREME_OPEN,3,FIB_705,3.0,1.5,0.3,0.15,0.5,623,1.984076433121019,32.2061191626409,179.0,0.28731942215088285,1.4251781472684086,23.0,20,2.1188133246520477,1.158763284079911,False,False
LAST_OPPOSING,5,FIB_786,4.0,2.0,0.4,0.15,0.5,195,0.6210191082802548,25.773195876288657,56.0,0.28717948717948716,1.3888888888888888,14.0,12,2.506936701035246,1.306991873838624,False,False
EXTREME_OPEN,5,FIB_618,2.5,2.0,0.3,0.05,0.5,364,1.1592356687898089,36.84210526315789,104.5,0.28708791208791207,1.4583333333333333,11.5,11,1.8319660400698963,1.0149525947524534,False,False
LAST_OPPOSING,5,CISD,2.5,2.0,0.4,0.05,0.5,371,1.1815286624203822,37.573964497041416,106.5,0.28706199460916443,1.504739336492891,10.0,10,1.6265669788740629,0.847584537825519,False,False
LAST_OPPOSING,8,CISD,2.5,2.0,0.4,0.15,0.5,371,1.1815286624203822,37.573964497041416,106.5,0.28706199460916443,1.504739336492891,10.0,10,1.6240973121228046,0.8447612269485422,False,False
EXTREME_OPEN,3,CISD,3.0,2.0,0.0,0.0,0.25,631,2.0095541401273884,33.03730017761989,181.0,0.2868462757527734,1.4801061007957559,22.0,22,1.8145659432128103,0.9120634796891498,False,False
LAST_OPPOSING,8,CISD,2.5,2.0,0.4,0.05,0.25,380,1.2101910828025477,37.57225433526011,109.0,0.2868421052631579,1.5046296296296295,10.5,10,1.632569747921875,0.8546366425069808,False,False
EXTREME_OPEN,3,FIB_705,3.0,2.0,0.0,0.15,0.5,387,1.232484076433121,32.20779220779221,111.0,0.2868217054263566,1.4252873563218391,15.0,14,2.1367847897343193,1.1421811113202163,False,False
LAST_OPPOSING,8,FIB_705,3.0,1.5,0.3,0.0,0.25,715,2.2770700636942673,32.20815752461322,205.0,0.2867132867132867,1.4253112033195021,28.0,18,2.1163603004210194,1.1649631218619654,False,False
EXTREME_OPEN,3,CISD,4.0,1.5,0.4,0.0,0.5,722,2.299363057324841,26.43856920684292,207.0,0.2867036011080332,1.437632135306554,22.0,18,2.1128693360441724,0.9846549916386448,False,False
EXTREME_OPEN,8,FIB_618,2.5,2.0,0.4,0.15,0.5,260,0.8280254777070064,36.82170542635659,74.5,0.2865384615384615,1.4570552147239264,11.0,8,1.8279664666459625,1.0224074393558134,False,False
EXTREME_OPEN,8,FIB_705,3.0,2.0,0.0,0.0,0.5,465,1.480891719745223,32.18142548596112,133.0,0.2860215053763441,1.4235668789808917,14.0,11,2.122827286495919,1.1485173468175272,False,False
EXTREME_OPEN,5,FIB_705,4.0,1.5,0.4,0.05,0.5,514,1.6369426751592357,25.730994152046783,147.0,0.28599221789883267,1.3858267716535433,21.0,15,2.414065389712992,1.2432695573818875,False,False
EXTREME_OPEN,8,FIB_618,2.5,2.0,0.4,0.0,0.25,271,0.8630573248407644,36.80297397769517,77.5,0.2859778597785978,1.4558823529411764,12.0,9,1.8277586887525863,1.0318974035170758,False,False
LAST_OPPOSING,8,FIB_705,2.5,2.0,0.3,0.0,0.5,341,1.085987261146497,36.76470588235294,97.5,0.2859237536656892,1.4534883720930232,11.5,10,1.9061587051356699,1.0715356181904223,False,False
EXTREME_OPEN,3,FIB_618,2.5,2.0,0.3,0.05,0.5,348,1.10828025477707,36.811594202898554,99.5,0.2859195402298851,1.4564220183486238,11.5,11,1.838859342192817,1.013340811225626,False,False
LAST_OPPOSING,3,CISD,2.5,2.0,0.3,0.05,0.5,453,1.4426751592356688,37.38095238095238,129.5,0.2858719646799117,1.4923954372623573,15.0,15,1.6532096330869537,0.8643502471588262,False,False
EXTREME_OPEN,8,FIB_618,3.0,1.5,0.3,0.0,0.5,802,2.554140127388535,32.20125786163522,229.0,0.2855361596009975,1.424860853432282,22.0,13,2.031005026617265,1.0833992851297,False,False
EXTREME_OPEN,8,FIB_705,3.0,2.0,0.0,0.05,0.5,459,1.4617834394904459,32.16630196936542,131.0,0.28540305010893247,1.4225806451612903,14.0,10,2.118530897657984,1.1472734415093706,False,False
LAST_OPPOSING,3,FIB_705,4.0,1.5,0.4,0.0,0.5,484,1.5414012738853504,25.72614107883817,138.0,0.28512396694214875,1.3854748603351956,25.0,17,2.412724311812775,1.2276966547976111,False,False
LAST_OPPOSING,3,FIB_618,2.5,2.0,0.0,0.15,0.25,456,1.4522292993630572,36.80709534368071,130.0,0.2850877192982456,1.456140350877193,18.0,10,1.8319990153832217,1.003742799483865,False,False
LAST_OPPOSING,5,FIB_786,4.0,2.0,0.0,0.15,0.25,393,1.2515923566878981,25.699745547073793,112.0,0.28498727735368956,1.3835616438356164,18.0,17,2.49840375201899,1.341562654731381,False,False
LAST_OPPOSING,3,FIB_618,4.0,1.5,0.4,0.0,0.25,555,1.767515923566879,25.830258302583026,158.0,0.28468468468468466,1.3930348258706469,24.0,24,2.3745492274256437,1.154979648908006,False,False
EXTREME_OPEN,3,CISD,4.0,1.5,0.3,0.15,0.25,886,2.821656050955414,26.35561160151324,252.0,0.28442437923250563,1.4315068493150684,30.0,26,2.105667542155121,0.9903231933661664,False,False
LAST_OPPOSING,3,FIB_705,3.0,1.5,0.3,0.05,0.5,647,2.0605095541401273,32.142857142857146,184.0,0.28438948995363217,1.4210526315789473,27.0,18,2.122304077645198,1.1400956472449453,False,False
LAST_OPPOSING,3,FIB_705,4.0,1.2,0.4,0.15,0.5,757,2.410828025477707,25.695364238410594,215.0,0.28401585204755614,1.3832442067736186,30.0,17,2.4031386306971876,1.244124327542255,False,False
EXTREME_OPEN,8,FIB_705,3.0,2.0,0.0,0.15,0.5,419,1.3343949044585988,32.13429256594724,119.0,0.2840095465393795,1.4204946996466432,16.0,9,2.107833329242115,1.1441486729176862,False,False
LAST_OPPOSING,5,FIB_705,3.0,2.0,0.4,0.15,0.25,229,0.7292993630573248,32.158590308370044,65.0,0.2838427947598253,1.422077922077922,11.0,9,2.144701468387847,1.119641906008257,False,False
LAST_OPPOSING,3,FIB_618,4.0,1.5,0.0,0.15,0.5,934,2.9745222929936306,25.792349726775953,265.0,0.2837259100642398,1.390279823269514,30.0,28,2.321407196002445,1.1354267618450065,False,False
LAST_OPPOSING,5,CISD,3.0,2.0,0.3,0.05,0.25,497,1.5828025477707006,32.88590604026846,141.0,0.2837022132796781,1.47,16.0,15,1.7792417765354631,0.8953271166915046,False,False
LAST_OPPOSING,5,CISD,2.5,2.0,0.4,0.0,0.5,372,1.1847133757961783,37.46312684365782,105.5,0.28360215053763443,1.4976415094339623,10.0,10,1.6253134558401443,0.8483388942512707,False,False
LAST_OPPOSING,8,FIB_705,2.5,2.0,0.3,0.15,0.5,328,1.0445859872611465,36.69724770642202,93.0,0.28353658536585363,1.4492753623188406,10.5,9,1.9089792268030774,1.073026615428713,False,False
LAST_OPPOSING,8,CISD,2.5,2.0,0.4,0.0,0.25,381,1.213375796178344,37.46397694524496,108.0,0.28346456692913385,1.4976958525345623,10.5,10,1.6313497274167887,0.8553737743402111,False,False
LAST_OPPOSING,5,FIB_705,4.0,1.2,0.4,0.15,0.5,801,2.550955414012739,25.68922305764411,227.0,0.2833957553058677,1.3827993254637436,31.0,17,2.3945546421612867,1.23890402686386,False,False
EXTREME_OPEN,3,FIB_705,3.0,2.0,0.3,0.05,0.25,307,0.9777070063694268,32.131147540983605,87.0,0.28338762214983715,1.4202898550724639,16.0,16,2.1363462552146446,1.156997015480931,False,False
LAST_OPPOSING,8,FIB_618,3.0,1.5,0.3,0.15,0.5,759,2.417197452229299,32.176234979973295,215.0,0.28326745718050067,1.4232283464566928,25.0,16,2.003077884103599,1.0662797583118657,False,False
LAST_OPPOSING,5,CISD,4.0,2.0,0.0,0.05,0.25,699,2.2261146496815285,26.578073089701,198.0,0.2832618025751073,1.4479638009049773,21.0,16,2.1435329621922596,0.9553858873762937,False,False
LAST_OPPOSING,3,FIB_705,3.0,2.0,0.4,0.0,0.5,219,0.697452229299363,32.11009174311927,62.0,0.2831050228310502,1.4189189189189189,10.0,9,2.140062299370952,1.113297355136907,False,False
LAST_OPPOSING,3,FIB_705,3.0,2.0,0.4,0.05,0.5,219,0.697452229299363,32.11009174311927,62.0,0.2831050228310502,1.4189189189189189,10.0,9,2.140062299370952,1.113297355136907,False,False
LAST_OPPOSING,3,FIB_705,4.0,1.5,0.4,0.05,0.5,481,1.5318471337579618,25.678496868475992,136.0,0.28274428274428276,1.3820224719101124,25.0,17,2.4112147276569154,1.2283355968964003,False,False
LAST_OPPOSING,8,FIB_618,3.0,1.5,0.3,0.05,0.5,803,2.5573248407643314,32.156368221941996,227.0,0.28268991282689915,1.4219330855018588,25.0,16,2.0054390276302176,1.0711373943088571,False,False
LAST_OPPOSING,3,FIB_618,4.0,1.5,0.4,0.05,0.25,552,1.7579617834394905,25.788497217068645,156.0,0.2826086956521739,1.39,24.0,24,2.374339275178915,1.155187495252356,False,False
EXTREME_OPEN,3,CISD,4.0,2.0,0.0,0.15,0.5,570,1.8152866242038217,26.518218623481783,161.0,0.2824561403508772,1.443526170798898,26.0,22,2.0791336504547426,0.9546400290921533,False,False
EXTREME_OPEN,5,FIB_705,3.0,2.0,0.3,0.0,0.25,326,1.0382165605095541,32.098765432098766,92.0,0.2822085889570552,1.4181818181818182,17.0,16,2.124196685766701,1.166616654126551,False,False
EXTREME_OPEN,5,CISD,4.0,1.5,0.4,0.15,0.5,723,2.3025477707006368,26.365054602184085,204.0,0.2821576763485477,1.4322033898305084,23.0,23,2.10915129712906,0.9724270637262036,False,False
LAST_OPPOSING,3,FIB_786,4.0,2.0,0.3,0.05,0.5,266,0.8471337579617835,25.660377358490567,75.0,0.2819548872180451,1.380710659898477,22.0,22,2.4991845676412994,1.3038425040472061,False,False
EXTREME_OPEN,8,FIB_618,2.5,2.0,0.3,0.05,0.25,371,1.1815286624203822,36.684782608695656,104.5,0.2816711590296496,1.4484978540772533,12.0,11,1.8324688417337576,1.0280332130031362,False,False
LAST_OPPOSING,8,FIB_705,4.0,1.5,0.4,0.15,0.25,498,1.585987261146497,25.656565656565654,140.0,0.28112449799196787,1.3804347826086956,28.0,17,2.413407799902981,1.2318115961174838,False,False
LAST_OPPOSING,3,CISD,4.0,2.0,0.0,0.05,0.25,619,1.9713375796178343,26.492537313432834,174.0,0.28109854604200324,1.4416243654822336,24.0,16,2.1600522044198285,0.9642797704104035,False,False
LAST_OPPOSING,5,CISD,2.5,2.0,0.3,0.15,0.25,484,1.5414012738853504,37.30337078651685,136.0,0.2809917355371901,1.4874551971326164,15.0,15,1.6523794413972896,0.8621787613644467,False,False
LAST_OPPOSING,8,FIB_705,3.0,2.0,0.4,0.0,0.25,242,0.7707006369426752,32.083333333333336,68.0,0.2809917355371901,1.4171779141104295,13.0,10,2.123117999415185,1.1202892204529504,False,False
LAST_OPPOSING,8,FIB_705,3.0,2.0,0.4,0.05,0.25,242,0.7707006369426752,32.083333333333336,68.0,0.2809917355371901,1.4171779141104295,13.0,10,2.123117999415185,1.1202892204529504,False,False
LAST_OPPOSING,3,CISD,3.0,2.0,0.3,0.05,0.5,452,1.4394904458598725,32.76283618581907,127.0,0.2809734513274336,1.461818181818182,21.0,15,1.7869859561344834,0.8930662403204203,False,False
LAST_OPPOSING,5,FIB_618,2.5,2.0,0.0,0.15,0.5,511,1.627388535031847,36.7063492063492,143.5,0.2808219178082192,1.4498432601880877,16.0,11,1.7930742108822386,0.9829153956072647,False,False
LAST_OPPOSING,8,CISD,3.0,2.0,0.3,0.15,0.25,495,1.5764331210191083,32.80898876404494,139.0,0.2808080808080808,1.4648829431438126,16.0,15,1.7810879678463873,0.8955817445268567,False,False
EXTREME_OPEN,5,FIB_705,4.0,1.5,0.4,0.0,0.5,520,1.6560509554140128,25.626204238921,146.0,0.28076923076923077,1.378238341968912,21.0,15,2.4128209890023204,1.245675327114078,False,False
LAST_OPPOSING,8,FIB_786,4.0,2.0,0.3,0.15,0.25,285,0.9076433121019108,25.6140350877193,80.0,0.2807017543859649,1.3773584905660377,20.0,17,2.5053490098804603,1.3549734798760873,False,False
LAST_OPPOSING,3,FIB_705,3.0,1.5,0.3,0.0,0.5,652,2.0764331210191083,32.04930662557781,183.0,0.28067484662576686,1.4149659863945578,27.0,18,2.120860346362086,1.1417183364947758,False,False
EXTREME_OPEN,8,CISD,4.0,1.5,0.4,0.15,0.5,731,2.328025477707006,26.356589147286826,205.0,0.280437756497948,1.431578947368421,23.0,23,2.107650495955344,0.9687241782824042,False,False
LAST_OPPOSING,5,FIB_618,4.0,1.5,0.4,0.05,0.5,585,1.8630573248407643,25.74430823117338,164.0,0.28034188034188035,1.3867924528301887,25.0,25,2.3397319147283704,1.1340366143647849,False,False
LAST_OPPOSING,3,CISD,2.5,2.0,0.3,0.0,0.5,455,1.4490445859872612,37.203791469194314,127.5,0.2802197802197802,1.4811320754716981,15.0,15,1.6519058491760812,0.8667020996185661,False,False
LAST_OPPOSING,5,FIB_618,4.0,1.5,0.4,0.0,0.5,589,1.875796178343949,25.73913043478261,165.0,0.2801358234295416,1.3864168618266979,25.0,25,2.340990426955111,1.1350642959402457,False,False
LAST_OPPOSING,3,FIB_618,4.0,1.5,0.4,0.15,0.25,529,1.6847133757961783,25.72533849129594,148.0,0.27977315689981097,1.3854166666666667,24.0,24,2.3671576804902275,1.146162723149218,False,False
LAST_OPPOSING,5,FIB_705,3.0,2.0,0.4,0.0,0.5,236,0.7515923566878981,32.05128205128205,66.0,0.2796610169491525,1.4150943396226414,11.0,10,2.121295178340391,1.1072457948299923,False,False
LAST_OPPOSING,5,FIB_705,3.0,2.0,0.4,0.05,0.5,236,0.7515923566878981,32.05128205128205,66.0,0.2796610169491525,1.4150943396226414,11.0,10,2.121295178340391,1.1072457948299923,False,False
LAST_OPPOSING,5,FIB_705,3.0,1.5,0.3,0.05,0.5,694,2.210191082802548,32.028985507246375,194.0,0.27953890489913547,1.4136460554371002,26.0,18,2.1080657483807235,1.1386340243587705,False,False
LAST_OPPOSING,8,FIB_705,3.0,1.5,0.3,0.15,0.25,669,2.1305732484076434,32.03007518796993,187.0,0.2795216741405082,1.413716814159292,30.0,15,2.09958892161552,1.16214581900528,False,False
LAST_OPPOSING,8,FIB_786,4.0,2.0,0.3,0.0,0.25,297,0.945859872611465,25.589225589225588,83.0,0.27946127946127947,1.3755656108597285,20.0,19,2.5026717858298797,1.3539073122633027,False,False
LAST_OPPOSING,8,FIB_705,2.5,2.0,0.3,0.05,0.5,340,1.0828025477707006,36.57817109144543,95.0,0.27941176470588236,1.441860465116279,11.5,10,1.9039306897274,1.0738316056503454,False,False
EXTREME_OPEN,3,CISD,4.0,1.5,0.3,0.05,0.25,931,2.964968152866242,26.22754491017964,260.0,0.27926960257787325,1.422077922077922,27.0,27,2.1000258608535187,0.9979936971811353,False,False
EXTREME_OPEN,8,CISD,3.0,2.0,0.0,0.05,0.25,688,2.1910828025477707,32.89473684210527,192.0,0.27906976744186046,1.4705882352941178,24.0,24,1.8028208182989214,0.9028301183633544,False,False
EXTREME_OPEN,5,CISD,4.0,1.5,0.4,0.05,0.5,746,2.375796178343949,26.283987915407852,208.0,0.27882037533512066,1.4262295081967213,23.0,20,2.108492789803281,0.9806936291033345,False,False
EXTREME_OPEN,3,FIB_705,4.0,1.5,0.4,0.15,0.25,470,1.4968152866242037,25.5863539445629,131.0,0.27872340425531916,1.3753581661891117,21.0,13,2.4296899803200738,1.2675257596675602,False,False
LAST_OPPOSING,5,CISD,3.0,2.0,0.3,0.0,0.25,499,1.589171974522293,32.73942093541203,139.0,0.2785571142284569,1.4602649006622517,16.0,15,1.7775998666233221,0.8974018778699834,False,False
LAST_OPPOSING,8,FIB_786,4.0,2.0,0.0,0.05,0.25,438,1.394904458598726,25.570776255707763,122.0,0.2785388127853881,1.3742331288343559,22.0,22,2.4858786536872053,1.3517932934862074,False,False
LAST_OPPOSING,5,CISD,4.0,2.0,0.0,0.0,0.25,709,2.2579617834394905,26.480263157894733,197.0,0.2778561354019746,1.4407158836689038,19.0,16,2.139288210164211,0.9537431661101871,False,False
LAST_OPPOSING,3,CISD,3.0,2.0,0.4,0.05,0.5,342,1.089171974522293,32.78688524590164,95.0,0.2777777777777778,1.4634146341463414,12.0,9,1.7824877822307206,0.8851294245356468,False,False
LAST_OPPOSING,8,CISD,2.5,2.0,0.4,0.05,0.5,380,1.2101910828025477,37.283236994219656,105.5,0.2776315789473684,1.4861751152073732,10.5,10,1.619380579441621,0.8486309553591515,False,False
LAST_OPPOSING,5,FIB_618,4.0,1.5,0.4,0.15,0.5,562,1.7898089171974523,25.683060109289617,156.0,0.2775800711743772,1.3823529411764706,25.0,25,2.33179167175383,1.125885693576185,False,False
LAST_OPPOSING,5,CISD,3.0,2.0,0.3,0.15,0.5,483,1.5382165605095541,32.71889400921659,134.0,0.2774327122153209,1.4589041095890412,19.0,15,1.7719999055151219,0.8909351120522464,False,False
EXTREME_OPEN,3,CISD,3.0,2.0,0.0,0.05,0.5,620,1.9745222929936306,32.73381294964029,172.0,0.27741935483870966,1.4598930481283423,26.0,22,1.8125005065655262,0.9121236919320657,False,False
LAST_OPPOSING,3,FIB_618,2.5,2.0,0.0,0.15,0.5,456,1.4522292993630572,36.58536585365854,126.5,0.2774122807017544,1.4423076923076923,18.0,10,1.8140151027924465,0.9922280504129141,False,False
EXTREME_OPEN,8,CISD,4.0,1.5,0.4,0.05,0.5,754,2.4012738853503186,26.276276276276278,209.0,0.27718832891246686,1.4256619144602851,23.0,20,2.1070447558518484,0.9770159874820689,False,False
LAST_OPPOSING,3,FIB_786,4.0,2.0,0.3,0.0,0.5,267,0.8503184713375797,25.563909774436087,74.0,0.27715355805243447,1.3737373737373737,22.0,22,2.5047556800062294,1.3076103712188727,False,False
EXTREME_OPEN,5,FIB_618,4.0,1.5,0.4,0.05,0.25,581,1.8503184713375795,25.65905096660808,161.0,0.27710843373493976,1.3806146572104019,22.0,16,2.3533819362812887,1.1696054556476487,False,False
LAST_OPPOSING,5,FIB_705,4.0,1.5,0.4,0.15,0.5,488,1.5541401273885351,25.56701030927835,135.0,0.2766393442622951,1.373961218836565,27.0,17,2.3843397027108404,1.2105154922786205,False,False
LAST_OPPOSING,5,FIB_705,3.0,1.5,0.3,0.0,0.5,702,2.2356687898089174,31.94842406876791,194.0,0.27635327635327633,1.408421052631579,26.0,18,2.1070232460222633,1.140915695254837,False,False
EXTREME_OPEN,3,CISD,4.0,1.5,0.3,0.0,0.25,941,2.9968152866242037,26.153846153846157,260.0,0.2763018065887354,1.4166666666666667,27.0,27,2.0944450418433953,1.0004683760370479,False,False
EXTREME_OPEN,8,FIB_705,4.0,1.5,0.4,0.05,0.5,518,1.6496815286624205,25.53191489361702,143.0,0.27606177606177607,1.3714285714285714,21.0,15,2.406654738160338,1.2451498890218182,False,False
EXTREME_OPEN,3,FIB_618,4.0,1.5,0.0,0.15,0.25,936,2.9808917197452227,25.627044711014175,258.0,0.27564102564102566,1.3782991202346042,30.0,17,2.334819580913681,1.1633933931445353,False,False
LAST_OPPOSING,8,FIB_618,4.0,1.5,0.4,0.05,0.25,595,1.894904458598726,25.645438898450944,164.0,0.27563025210084036,1.3796296296296295,25.0,25,2.3439882696265806,1.1500589220854147,False,False
EXTREME_OPEN,5,CISD,3.0,2.0,0.0,0.05,0.5,664,2.1146496815286624,32.76740237691001,183.0,0.2756024096385542,1.4621212121212122,27.0,24,1.808391267928715,0.9047010214912208,False,False
LAST_OPPOSING,8,FIB_618,4.0,1.5,0.4,0.0,0.25,599,1.9076433121019107,25.64102564102564,165.0,0.27545909849749584,1.3793103448275863,25.0,25,2.3444463629268024,1.1511359115486144,False,False
LAST_OPPOSING,3,CISD,3.0,2.0,0.3,0.0,0.5,454,1.4458598726114649,32.60340632603406,125.0,0.2753303964757709,1.4512635379061372,21.0,15,1.7850899774438624,0.8952967708994034,False,False
LAST_OPPOSING,8,CISD,4.0,2.0,0.0,0.15,0.5,683,2.1751592356687897,26.405451448040886,188.0,0.2752562225475842,1.4351851851851851,22.0,19,2.136277582598932,0.94392831119174,False,False
EXTREME_OPEN,5,FIB_705,3.0,2.0,0.3,0.15,0.5,309,0.9840764331210191,31.921824104234524,85.0,0.2750809061488673,1.4066985645933014,15.0,15,2.1025191446643428,1.151430774913803,False,False
LAST_OPPOSING,5,FIB_618,2.5,2.0,0.0,0.0,0.25,549,1.7484076433121019,36.53136531365313,151.0,0.2750455373406193,1.438953488372093,13.5,10,1.8146306990032217,1.0055264346627515,False,False
LAST_OPPOSING,8,FIB_705,4.0,1.5,0.4,0.05,0.5,520,1.6560509554140128,25.53191489361702,143.0,0.275,1.3714285714285714,24.0,17,2.389982874193654,1.218565047619518,False,False
LAST_OPPOSING,8,FIB_618,3.0,1.5,0.3,0.0,0.5,811,2.582802547770701,31.960049937578027,223.0,0.2749691738594328,1.4091743119266056,25.0,16,2.0036625614421486,1.0742359594212363,False,False
EXTREME_OPEN,5,CISD,4.0,1.5,0.4,0.0,0.5,753,2.3980891719745223,26.19760479041916,207.0,0.2749003984063745,1.4198782961460445,23.0,20,2.104999045879605,0.9821469180913891,False,False
LAST_OPPOSING,8,FIB_705,4.0,1.5,0.4,0.0,0.5,524,1.6687898089171975,25.5278310940499,144.0,0.2748091603053435,1.3711340206185567,24.0,17,2.393293544592298,1.2197355978505702,False,False
LAST_OPPOSING,8,CISD,3.0,2.0,0.4,0.05,0.25,379,1.2070063694267517,32.73809523809524,104.0,0.27440633245382584,1.4601769911504425,12.0,10,1.7737091719453857,0.884062026012165,False,False
LAST_OPPOSING,8,CISD,2.5,2.0,0.4,0.0,0.5,381,1.213375796178344,37.17579250720461,104.5,0.2742782152230971,1.4793577981651376,10.5,10,1.6181755291287987,0.8493647458390621,False,False
LAST_OPPOSING,3,CISD,3.0,2.0,0.4,0.0,0.5,343,1.0923566878980893,32.6797385620915,94.0,0.27405247813411077,1.4563106796116505,12.0,9,1.7806736965981422,0.8858381000565493,False,False
LAST_OPPOSING,5,FIB_618,2.5,2.0,0.0,0.05,0.25,544,1.732484076433121,36.49906890130354,149.0,0.27389705882352944,1.436950146627566,13.5,10,1.8107011569607063,1.0057145974812258,False,False
LAST_OPPOSING,5,CISD,2.5,2.0,0.3,0.15,0.5,484,1.5414012738853504,37.07865168539326,132.5,0.2737603305785124,1.4732142857142858,15.0,15,1.6407003729698562,0.860030068629811,False,False
LAST_OPPOSING,5,FIB_786,4.0,2.0,0.0,0.05,0.25,424,1.3503184713375795,25.471698113207548,116.0,0.27358490566037735,1.3670886075949367,21.0,21,2.500284698030851,1.3540056543927463,False,False
EXTREME_OPEN,8,CISD,4.0,1.5,0.4,0.0,0.5,761,2.4235668789808917,26.190476190476193,208.0,0.2733245729303548,1.4193548387096775,23.0,20,2.1036010594827714,0.9784878272972515,False,False
LAST_OPPOSING,8,FIB_786,4.0,2.0,0.4,0.0,0.5,205,0.6528662420382165,25.49019607843137,56.0,0.2731707317073171,1.368421052631579,15.0,14,2.4780207961216645,1.3094608736286435,False,False
LAST_OPPOSING,8,FIB_786,4.0,2.0,0.4,0.05,0.5,205,0.6528662420382165,25.49019607843137,56.0,0.2731707317073171,1.368421052631579,15.0,14,2.4780207961216645,1.3094608736286435,False,False
EXTREME_OPEN,8,FIB_618,2.5,2.0,0.4,0.0,0.5,271,0.8630573248407644,36.43122676579926,74.0,0.2730627306273063,1.432748538011696,12.0,9,1.8109813544570479,1.0268122381052127,False,False
LAST_OPPOSING,8,FIB_618,4.0,1.5,0.4,0.15,0.25,572,1.821656050955414,25.581395348837212,156.0,0.2727272727272727,1.375,25.0,25,2.3361261424971755,1.1415063667962544,False,False
EXTREME_OPEN,5,FIB_618,4.0,1.5,0.4,0.0,0.25,587,1.8694267515923566,25.565217391304344,160.0,0.272572402044293,1.3738317757009346,22.0,16,2.3502837925506506,1.1718189300835593,False,False
EXTREME_OPEN,8,FIB_705,3.0,2.0,0.3,0.15,0.25,316,1.0063694267515924,31.84713375796178,86.0,0.2721518987341772,1.4018691588785046,16.0,15,2.111590705982063,1.168213471783077,False,False
LAST_OPPOSING,8,FIB_618,2.5,2.0,0.4,0.0,0.25,284,0.9044585987261147,36.42857142857142,77.0,0.2711267605633803,1.4325842696629214,10.5,10,1.826749613388467,1.0014320135291197,False,False
LAST_OPPOSING,8,FIB_618,2.5,2.0,0.4,0.0,0.5,284,0.9044585987261147,36.42857142857142,77.0,0.2711267605633803,1.4325842696629214,10.5,10,1.8087674654890904,0.9900353948076778,False,False
LAST_OPPOSING,8,FIB_618,2.5,2.0,0.4,0.05,0.25,284,0.9044585987261147,36.42857142857142,77.0,0.2711267605633803,1.4325842696629214,10.5,10,1.826749613388467,1.0014320135291197,False,False
LAST_OPPOSING,8,FIB_618,2.5,2.0,0.4,0.05,0.5,284,0.9044585987261147,36.42857142857142,77.0,0.2711267605633803,1.4325842696629214,10.5,10,1.8087674654890904,0.9900353948076778,False,False
LAST_OPPOSING,8,CISD,3.0,2.0,0.4,0.0,0.25,380,1.2101910828025477,32.640949554896146,103.0,0.2710526315789474,1.4537444933920705,12.0,10,1.7721145213231184,0.8847236624462586,False,False
EXTREME_OPEN,8,FIB_705,4.0,1.5,0.4,0.0,0.5,524,1.6687898089171975,25.430210325047803,142.0,0.27099236641221375,1.3641025641025641,21.0,15,2.405504691480503,1.2475157635846035,False,False
EXTREME_OPEN,3,FIB_705,3.0,2.0,0.3,0.0,0.25,310,0.9872611464968153,31.818181818181817,84.0,0.2709677419354839,1.4,16.0,16,2.131011918762977,1.1629298856406,False,False
EXTREME_OPEN,5,FIB_618,2.5,2.0,0.3,0.0,0.5,366,1.1656050955414012,36.36363636363637,99.0,0.27049180327868855,1.4285714285714286,12.5,11,1.8229047356791575,1.02205544716557,False,False
LAST_OPPOSING,3,FIB_705,3.0,1.5,0.3,0.15,0.5,610,1.9426751592356688,31.795716639209225,165.0,0.27049180327868855,1.3985507246376812,29.0,14,2.1042924978139044,1.140626001727963,False,False
EXTREME_OPEN,8,FIB_618,2.5,2.0,0.3,0.15,0.5,355,1.1305732484076434,36.36363636363637,96.0,0.2704225352112676,1.4285714285714286,12.0,10,1.816680773666566,1.0198953259598404,False,False
EXTREME_OPEN,8,CISD,3.0,2.0,0.0,0.0,0.25,699,2.2261146496815285,32.6829268292683,189.0,0.2703862660944206,1.4565217391304348,24.0,24,1.7951018149602975,0.9033598641925243,False,False
LAST_OPPOSING,5,CISD,3.0,2.0,0.4,0.05,0.5,370,1.178343949044586,32.6219512195122,100.0,0.2702702702702703,1.4524886877828054,11.0,10,1.7650312780080664,0.8799297399534489,False,False
LAST_OPPOSING,8,CISD,3.0,2.0,0.4,0.15,0.5,370,1.178343949044586,32.6219512195122,100.0,0.2702702702702703,1.4524886877828054,11.0,9,1.7621960682968503,0.8774224391606524,False,False
LAST_OPPOSING,5,FIB_705,4.0,1.5,0.0,0.15,0.5,914,2.910828025477707,25.440528634361232,247.0,0.2702407002188184,1.3648449039881831,28.0,20,2.3745863247505783,1.2205344611484548,False,False
EXTREME_OPEN,5,FIB_618,4.0,1.5,0.4,0.15,0.25,556,1.7707006369426752,25.504587155963304,150.0,0.2697841726618705,1.3694581280788178,26.0,16,2.3463236669411356,1.162153969864041,False,False
EXTREME_OPEN,5,FIB_705,3.0,2.0,0.3,0.05,0.5,323,1.0286624203821657,31.775700934579437,87.0,0.2693498452012384,1.3972602739726028,16.0,16,2.0968461224038655,1.1517335814059784,False,False
LAST_OPPOSING,3,CISD,4.0,2.0,0.0,0.0,0.25,628,2.0,26.247689463955638,169.0,0.26910828025477707,1.4235588972431077,24.0,16,2.150916283271146,0.9636985941529177,False,False
LAST_OPPOSING,8,CISD,4.0,2.0,0.0,0.05,0.25,721,2.2961783439490446,26.247987117552334,194.0,0.26907073509015256,1.4235807860262009,22.0,17,2.1347684598098633,0.9567844081706001,False,False
LAST_OPPOSING,3,FIB_705,3.0,2.0,0.4,0.15,0.5,212,0.6751592356687898,31.753554502369667,57.0,0.2688679245283019,1.3958333333333333,10.0,8,2.146561227867644,1.116241611666618,False,False
EXTREME_OPEN,3,CISD,2.5,2.0,0.4,0.15,0.25,333,1.0605095541401275,36.9281045751634,89.5,0.26876876876876876,1.4637305699481866,12.0,10,1.6061588101415885,0.879446970977567,False,False
LAST_OPPOSING,5,FIB_618,2.5,2.0,0.0,0.0,0.5,549,1.7484076433121019,36.34686346863469,147.5,0.2686703096539162,1.4275362318840579,13.5,10,1.7963612212380662,0.9944256214590506,False,False
EXTREME_OPEN,3,FIB_618,2.5,2.0,0.3,0.0,0.5,350,1.1146496815286624,36.31123919308357,94.0,0.26857142857142857,1.4253393665158371,12.5,11,1.8293444164463706,1.0207775756549242,False,False
LAST_OPPOSING,8,FIB_618,2.5,2.0,0.0,0.15,0.25,527,1.678343949044586,36.34615384615385,141.5,0.2685009487666034,1.4274924471299093,18.0,12,1.7963028843031537,1.0008237831209337,False,False
EXTREME_OPEN,8,FIB_618,4.0,1.5,0.4,0.05,0.25,585,1.8630573248407643,25.479930191972077,157.0,0.26837606837606837,1.3676814988290398,22.0,16,2.346473074633063,1.1697457522268186,False,False
LAST_OPPOSING,5,FIB_705,3.0,1.5,0.3,0.15,0.5,656,2.089171974522293,31.74846625766871,176.0,0.2682926829268293,1.395505617977528,28.0,15,2.0928635587343964,1.1385535986257271,False,False
LAST_OPPOSING,8,FIB_705,3.0,2.0,0.4,0.15,0.25,235,0.7484076433121019,31.759656652360512,63.0,0.2680851063829787,1.3962264150943395,13.0,9,2.1277759825285276,1.1225062648465676,False,False
LAST_OPPOSING,5,CISD,2.5,2.0,0.3,0.05,0.25,498,1.585987261146497,36.8995633187773,133.5,0.2680722891566265,1.4619377162629759,15.0,15,1.643795049218497,0.8676374039882248,False,False
EXTREME_OPEN,3,CISD,3.0,2.0,0.0,0.0,0.5,631,2.0095541401273884,32.5044404973357,169.0,0.26782884310618066,1.444736842105263,26.0,22,1.803630476798666,0.9124167586988206,False,False
LAST_OPPOSING,5,FIB_618,2.5,2.0,0.0,0.05,0.5,544,1.732484076433121,36.312849162011176,145.5,0.26746323529411764,1.4254385964912282,13.5,10,1.79250312907091,0.9946170163816378,False,False
EXTREME_OPEN,3,FIB_705,4.0,1.5,0.4,0.05,0.5,494,1.5732484076433122,25.354969574036513,132.0,0.26720647773279355,1.358695652173913,21.0,15,2.4058321796227613,1.2550524085305719,False,False
LAST_OPPOSING,3,FIB_786,4.0,2.0,0.0,0.15,0.5,352,1.1210191082802548,25.356125356125357,94.0,0.26704545454545453,1.3587786259541985,19.0,18,2.5143922812410167,1.3192748782140251,False,False
LAST_OPPOSING,8,FIB_786,4.0,2.0,0.3,0.05,0.25,296,0.9426751592356688,25.33783783783784,79.0,0.2668918918918919,1.3574660633484164,20.0,19,2.497341486779217,1.3583608600602677,False,False
LAST_OPPOSING,5,CISD,3.0,2.0,0.4,0.0,0.5,371,1.1815286624203822,32.52279635258359,99.0,0.2668463611859838,1.445945945945946,11.0,10,1.7634011570707302,0.8805989458517015,False,False
LAST_OPPOSING,3,FIB_618,2.5,2.0,0.0,0.0,0.25,493,1.570063694267516,36.27049180327869,131.5,0.2667342799188641,1.4228295819935692,15.5,10,1.8320330722118623,1.0180427450928884,False,False
EXTREME_OPEN,5,CISD,3.0,2.0,0.0,0.0,0.5,675,2.1496815286624202,32.5503355704698,180.0,0.26666666666666666,1.4477611940298507,27.0,24,1.8001663980651836,0.905095946683327,False,False
EXTREME_OPEN,8,FIB_705,3.0,2.0,0.3,0.05,0.25,330,1.0509554140127388,31.70731707317073,88.0,0.26666666666666666,1.3928571428571428,17.0,16,2.1067727995717465,1.168745444089455,False,False
LAST_OPPOSING,3,FIB_618,4.0,1.5,0.4,0.0,0.5,555,1.767515923566879,25.461254612546124,148.0,0.26666666666666666,1.3663366336633664,24.0,24,2.3487061374245255,1.1404551492274997,False,False
LAST_OPPOSING,5,FIB_705,3.0,2.0,0.4,0.15,0.5,229,0.7292993630573248,31.718061674008812,61.0,0.2663755458515284,1.3935483870967742,14.0,9,2.126737986174822,1.1097864999048845,False,False
LAST_OPPOSING,8,CISD,2.5,2.0,0.3,0.15,0.25,496,1.5796178343949046,36.84210526315789,132.0,0.2661290322580645,1.4583333333333333,15.0,15,1.646446910191177,0.8675069908215091,False,False
EXTREME_OPEN,8,FIB_618,2.5,2.0,0.3,0.0,0.25,373,1.1878980891719746,36.21621621621622,99.0,0.26541554959785524,1.4194915254237288,12.5,11,1.8236745596254298,1.0351745720417156,False,False
LAST_OPPOSING,3,FIB_618,2.5,2.0,0.0,0.05,0.25,488,1.5541401273885351,36.231884057971016,129.5,0.26536885245901637,1.4204545454545454,15.5,10,1.8278309021194747,1.0183807412514965,False,False
EXTREME_OPEN,3,FIB_618,4.0,1.5,0.0,0.15,0.5,936,2.9808917197452227,25.408942202835334,248.0,0.26495726495726496,1.3625730994152048,30.0,17,2.3068654126687287,1.14810440894171,False,False
EXTREME_OPEN,3,FIB_618,4.0,1.5,0.4,0.05,0.25,559,1.7802547770700636,25.411334552102378,148.0,0.26475849731663686,1.3627450980392157,22.0,16,2.3477840650073794,1.1737390806971233,False,False
LAST_OPPOSING,3,FIB_618,4.0,1.5,0.4,0.05,0.5,552,1.7579617834394905,25.41743970315399,146.0,0.2644927536231884,1.36318407960199,24.0,24,2.3474744253032602,1.14072010382543,False,False
LAST_OPPOSING,8,FIB_705,3.0,2.0,0.4,0.0,0.5,242,0.7707006369426752,31.666666666666664,64.0,0.2644628099173554,1.3902439024390243,13.0,10,2.1044721013501873,1.1093688721749313,False,False
LAST_OPPOSING,8,FIB_705,3.0,2.0,0.4,0.05,0.5,242,0.7707006369426752,31.666666666666664,64.0,0.2644628099173554,1.3902439024390243,13.0,10,2.1044721013501873,1.1093688721749313,False,False
EXTREME_OPEN,5,CISD,4.0,2.0,0.0,0.15,0.5,613,1.9522292993630572,26.19502868068834,162.0,0.2642740619902121,1.4196891191709844,28.0,25,2.0758903570376135,0.9458621235734316,False,False
LAST_OPPOSING,8,CISD,4.0,2.0,0.0,0.0,0.25,731,2.328025477707006,26.156299840510368,193.0,0.2640218878248974,1.4168466522678185,18.0,17,2.13077135425027,0.9551719942367933,False,False
EXTREME_OPEN,8,FIB_618,4.0,1.5,0.4,0.0,0.25,591,1.8821656050955413,25.38860103626943,156.0,0.2639593908629442,1.3611111111111112,22.0,16,2.3434660404537135,1.17194282111752,False,False
EXTREME_OPEN,5,FIB_705,4.0,1.5,0.3,0.05,0.25,694,2.210191082802548,25.289017341040466,183.0,0.26368876080691644,1.3539651837524178,25.0,25,2.431104765303378,1.2712465904229122,False,False
LAST_OPPOSING,8,CISD,3.0,2.0,0.3,0.05,0.25,509,1.6210191082802548,32.314410480349345,134.0,0.2632612966601179,1.4322580645161291,17.0,15,1.7708818431748834,0.901277618323257,False,False
LAST_OPPOSING,5,CISD,2.5,2.0,0.3,0.0,0.25,500,1.5923566878980893,36.73913043478261,131.5,0.263,1.4518900343642611,15.0,15,1.6426982100354481,0.8698187744951597,False,False
EXTREME_OPEN,8,FIB_618,2.5,2.0,0.3,0.05,0.5,371,1.1815286624203822,36.141304347826086,97.5,0.2628032345013477,1.4148936170212767,12.0,11,1.8119745542345296,1.0218518692207803,False,False
EXTREME_OPEN,3,FIB_705,3.0,2.0,0.3,0.15,0.5,293,0.9331210191082803,31.615120274914087,77.0,0.2627986348122867,1.3869346733668342,15.0,15,2.111957436033185,1.1486041821110466,False,False
LAST_OPPOSING,3,FIB_786,4.0,2.0,0.0,0.0,0.5,385,1.2261146496815287,25.260416666666668,101.0,0.2623376623376623,1.3519163763066202,22.0,22,2.5264189489310853,1.330425944421711,False,False
EXTREME_OPEN,3,FIB_705,4.0,1.5,0.4,0.0,0.5,500,1.5923566878980893,25.250501002004004,131.0,0.262,1.351206434316354,21.0,15,2.4046368014047457,1.2574130148382656,False,False
LAST_OPPOSING,8,FIB_618,2.5,2.0,0.0,0.15,0.5,527,1.678343949044586,36.15384615384615,138.0,0.2618595825426945,1.4156626506024097,18.0,12,1.7778453253118036,0.9894769631024323,False,False
LAST_OPPOSING,8,FIB_618,2.5,2.0,0.4,0.15,0.25,275,0.8757961783439491,36.162361623616235,72.0,0.26181818181818184,1.416184971098266,11.0,9,1.82607988749057,1.0030446307101135,False,False
LAST_OPPOSING,8,FIB_618,2.5,2.0,0.4,0.15,0.5,275,0.8757961783439491,36.162361623616235,72.0,0.26181818181818184,1.416184971098266,11.0,9,1.808375004671396,0.9917203302595119,False,False
LAST_OPPOSING,8,FIB_705,3.0,1.5,0.3,0.05,0.5,707,2.251592356687898,31.57894736842105,185.0,0.26166902404526166,1.3846153846153846,28.0,18,2.094147387548998,1.145162562745025,False,False
LAST_OPPOSING,8,FIB_786,4.0,2.0,0.4,0.15,0.5,199,0.6337579617834395,25.252525252525253,52.0,0.2613065326633166,1.3513513513513513,15.0,13,2.479896106394619,1.3124248680754027,False,False
LAST_OPPOSING,8,FIB_705,4.0,1.2,0.4,0.15,0.5,819,2.6082802547770703,25.245098039215684,214.0,0.2612942612942613,1.3508196721311476,33.0,17,2.379431152926891,1.2421853485227345,False,False
LAST_OPPOSING,5,CISD,2.5,2.0,0.3,0.05,0.5,498,1.585987261146497,36.681222707423586,130.0,0.26104417670682734,1.4482758620689655,15.0,15,1.6324564926423069,0.8652334937857464,False,False
LAST_OPPOSING,3,FIB_618,4.0,1.5,0.4,0.15,0.5,529,1.6847133757961783,25.338491295938105,138.0,0.2608695652173913,1.3575129533678756,24.0,24,2.3393754861568152,1.1323512999963221,False,False
EXTREME_OPEN,8,FIB_618,4.0,1.5,0.4,0.15,0.25,560,1.78343949044586,25.318761384335154,146.0,0.26071428571428573,1.3560975609756099,26.0,16,2.3391567901789005,1.162353754581807,False,False
EXTREME_OPEN,3,FIB_618,4.0,1.5,0.4,0.0,0.25,565,1.7993630573248407,25.31645569620253,147.0,0.26017699115044246,1.3559322033898304,22.0,16,2.3446247320122624,1.1759948466149688,False,False
EXTREME_OPEN,5,FIB_618,4.0,1.5,0.4,0.05,0.5,581,1.8503184713375795,25.30755711775044,151.0,0.25989672977624784,1.3552941176470588,22.0,16,2.3289013725162397,1.1569508651578717,False,False
EXTREME_OPEN,3,CISD,4.0,1.5,0.3,0.15,0.5,885,2.8184713375796178,25.82278481012658,230.0,0.2598870056497175,1.3924914675767919,30.0,26,2.088722124342848,0.9834550047017779,False,False
LAST_OPPOSING,3,FIB_618,2.5,2.0,0.0,0.0,0.5,493,1.570063694267516,36.0655737704918,128.0,0.25963488843813387,1.4102564102564104,15.5,10,1.8136932773708114,1.0061406884566113,False,False
LAST_OPPOSING,5,CISD,3.0,2.0,0.3,0.05,0.5,497,1.5828025477707006,32.21476510067114,129.0,0.2595573440643863,1.4257425742574257,20.0,15,1.7614396342517216,0.8965730315139264,False,False
EXTREME_OPEN,5,CISD,4.0,1.5,0.3,0.15,0.25,929,2.9585987261146496,25.814234016887816,241.0,0.25941872981700753,1.391869918699187,32.0,28,2.0994063150361097,0.9941971832971511,False,False
LAST_OPPOSING,8,CISD,2.5,2.0,0.3,0.15,0.5,496,1.5796178343949046,36.622807017543856,128.5,0.2590725806451613,1.444636678200692,15.0,15,1.6343811373115926,0.8649029601716788,False,False
LAST_OPPOSING,8,FIB_618,4.0,1.5,0.4,0.05,0.5,595,1.894904458598726,25.301204819277107,154.0,0.25882352941176473,1.3548387096774193,25.0,25,2.317449045253208,1.1354909414733776,False,False
LAST_OPPOSING,8,FIB_618,4.0,1.5,0.4,0.0,0.5,599,1.9076433121019107,25.299145299145298,155.0,0.2587646076794658,1.3546910755148742,25.0,25,2.318835347723076,1.136491754727989,False,False
LAST_OPPOSING,8,FIB_705,3.0,1.5,0.3,0.0,0.5,715,2.2770700636942673,31.504922644163152,185.0,0.25874125874125875,1.379876796714579,28.0,18,2.0932795696902775,1.1473297021323656,False,False
EXTREME_OPEN,3,CISD,4.0,2.0,0.0,0.05,0.25,615,1.9585987261146496,25.932835820895523,159.0,0.25853658536585367,1.4005037783375316,31.0,22,2.0661004762677595,0.9701762067894972,False,False
LAST_OPPOSING,8,CISD,3.0,2.0,0.3,0.0,0.25,511,1.627388535031847,32.17391304347826,132.0,0.2583170254403131,1.4230769230769231,17.0,15,1.7693112107298006,0.903280367491158,False,False
EXTREME_OPEN,3,CISD,2.5,2.0,0.4,0.15,0.5,333,1.0605095541401275,36.60130718954248,86.0,0.25825825825825827,1.443298969072165,12.0,10,1.5941915997368565,0.875165019481342,False,False
LAST_OPPOSING,3,FIB_618,2.5,2.0,0.0,0.05,0.5,488,1.5541401273885351,36.024844720496894,126.0,0.2581967213114754,1.4077669902912622,15.5,10,1.8095700358579645,1.006474078155126,False,False
EXTREME_OPEN,5,FIB_705,3.0,2.0,0.3,0.0,0.5,326,1.0382165605095541,31.48148148148148,84.0,0.25766871165644173,1.3783783783783783,17.0,16,2.0918447271720155,1.1570407547484776,False,False
LAST_OPPOSING,8,FIB_618,2.5,2.0,0.0,0.0,0.25,565,1.7993630573248407,36.02150537634409,145.5,0.2575221238938053,1.4075630252100841,16.0,10,1.8008483930962504,1.0118982726176182,False,False
EXTREME_OPEN,3,FIB_705,3.0,2.0,0.3,0.05,0.5,307,0.9777070063694268,31.475409836065577,79.0,0.25732899022801303,1.3779904306220097,16.0,16,2.1055583406934524,1.1490516700465883,False,False
EXTREME_OPEN,5,FIB_705,4.0,1.5,0.4,0.15,0.5,490,1.5605095541401275,25.153374233128833,126.0,0.2571428571428571,1.3442622950819672,22.0,13,2.391126977509877,1.2401908313662262,False,False
LAST_OPPOSING,3,FIB_705,4.0,1.5,0.4,0.15,0.5,459,1.4617834394904459,25.164113785557984,118.0,0.2570806100217865,1.345029239766082,29.0,16,2.3848109002528286,1.2234047379075066,False,False
LAST_OPPOSING,8,CISD,3.0,2.0,0.3,0.15,0.5,495,1.5764331210191083,32.13483146067416,127.0,0.25656565656565655,1.4205298013245033,20.0,15,1.7629017518369545,0.8966103677662546,False,False
EXTREME_OPEN,3,FIB_618,4.0,1.5,0.4,0.15,0.25,534,1.7006369426751593,25.239005736137663,137.0,0.2565543071161049,1.350383631713555,25.0,16,2.3401729329194154,1.166174126634485,False,False
LAST_OPPOSING,8,FIB_618,2.5,2.0,0.0,0.05,0.25,560,1.78343949044586,35.98553345388788,143.5,0.25625,1.405367231638418,16.0,10,1.7969080673807805,1.0121379507658759,False,False
LAST_OPPOSING,5,CISD,2.5,2.0,0.3,0.0,0.5,500,1.5923566878980893,36.52173913043478,128.0,0.256,1.4383561643835616,15.0,15,1.631353061845192,0.8673701465376019,False,False
EXTREME_OPEN,3,CISD,4.0,1.5,0.3,0.05,0.5,930,2.961783439490446,25.721153846153843,238.0,0.25591397849462366,1.3851132686084142,27.0,27,2.083585682050678,0.9907274662061318,False,False
EXTREME_OPEN,3,FIB_618,4.0,1.5,0.4,0.05,0.5,559,1.7802547770700636,25.22851919561243,143.0,0.2558139534883721,1.3496332518337408,22.0,16,2.3243801329515232,1.158915948717012,False,False
EXTREME_OPEN,5,FIB_618,4.0,1.5,0.4,0.0,0.5,587,1.8694267515923566,25.217391304347824,150.0,0.2555366269165247,1.3488372093023255,22.0,16,2.32657198160911,1.1589971515068929,False,False
EXTREME_OPEN,8,FIB_705,3.0,2.0,0.3,0.0,0.25,333,1.0605095541401275,31.419939577039273,85.0,0.2552552552552553,1.3744493392070485,18.0,16,2.1020733283012114,1.174162694731112,False,False
LAST_OPPOSING,8,FIB_618,4.0,1.5,0.4,0.15,0.5,572,1.821656050955414,25.223613595706617,146.0,0.25524475524475526,1.3492822966507176,25.0,25,2.3087516282084173,1.1275409974878965,False,False
EXTREME_OPEN,3,CISD,2.5,2.0,0.4,0.05,0.25,343,1.0923566878980893,36.507936507936506,87.5,0.25510204081632654,1.4375,14.0,10,1.5978882558008092,0.8836464413304338,False,False
EXTREME_OPEN,5,FIB_705,4.0,1.5,0.3,0.0,0.25,703,2.238853503184713,25.106990014265335,179.0,0.2546230440967283,1.340952380952381,25.0,25,2.425451421433613,1.2750633988681632,False,False
LAST_OPPOSING,5,CISD,3.0,2.0,0.3,0.0,0.5,499,1.589171974522293,32.071269487750556,127.0,0.2545090180360721,1.4163934426229507,20.0,15,1.7598170256710073,0.8985883567653721,False,False
EXTREME_OPEN,8,CISD,4.0,2.0,0.0,0.15,0.25,637,2.0286624203821657,25.96685082872928,162.0,0.2543171114599686,1.4029850746268657,32.0,25,2.06638749008339,0.948377974214033,False,False
LAST_OPPOSING,8,CISD,2.5,2.0,0.3,0.05,0.25,510,1.624203821656051,36.46055437100213,129.5,0.25392156862745097,1.4345637583892616,15.5,15,1.6382273575085233,0.872690929672965,False,False
LAST_OPPOSING,3,CISD,4.0,2.0,0.0,0.05,0.5,619,1.9713375796178343,25.89118198874296,157.0,0.25363489499192243,1.3974683544303796,24.0,16,2.1424954043917634,0.960512439405909,False,False
LAST_OPPOSING,5,FIB_786,4.0,2.0,0.3,0.15,0.5,280,0.89171974522293,25.089605734767023,71.0,0.25357142857142856,1.3397129186602872,19.0,16,2.4600608490181153,1.3172084923169032,False,False
LAST_OPPOSING,8,CISD,3.0,2.0,0.4,0.05,0.5,379,1.2070063694267517,32.142857142857146,96.0,0.2532981530343008,1.4210526315789473,12.0,10,1.7550823036804026,0.882224435833042,False,False
EXTREME_OPEN,3,FIB_705,4.0,1.5,0.3,0.05,0.25,664,2.1146496815286624,25.075528700906347,168.0,0.25301204819277107,1.3387096774193548,25.0,25,2.432065397455579,1.2765965054615926,False,False
EXTREME_OPEN,5,FIB_618,4.0,1.5,0.4,0.15,0.5,556,1.7707006369426752,25.137614678899084,140.0,0.2517985611510791,1.3431372549019607,26.0,16,2.318896314719295,1.1501604796311535,False,False
LAST_OPPOSING,5,CISD,4.0,2.0,0.0,0.05,0.5,699,2.2261146496815285,25.87646076794658,176.0,0.25178826895565093,1.3963963963963963,24.0,19,2.127740108586162,0.9525275064967141,False,False
EXTREME_OPEN,8,CISD,3.0,2.0,0.0,0.05,0.5,688,2.1910828025477707,32.12520593080725,173.0,0.251453488372093,1.4199029126213591,28.0,24,1.793111413238262,0.903416686407148,False,False
LAST_OPPOSING,8,FIB_618,2.5,2.0,0.0,0.0,0.5,565,1.7993630573248407,35.842293906810035,142.0,0.2513274336283186,1.3966480446927374,16.0,10,1.782063495819814,1.000219926691484,False,False
EXTREME_OPEN,3,FIB_618,4.0,1.5,0.4,0.0,0.5,565,1.7993630573248407,25.135623869801083,142.0,0.2513274336283186,1.3429951690821256,22.0,16,2.322008053261086,1.161021045328553,False,False
EXTREME_OPEN,8,FIB_618,4.0,1.5,0.4,0.05,0.5,585,1.8630573248407643,25.13089005235602,147.0,0.2512820512820513,1.3426573426573427,22.0,16,2.321975281374112,1.157800901049697,False,False
LAST_OPPOSING,8,FIB_705,3.0,2.0,0.4,0.15,0.5,235,0.7484076433121019,31.330472103004293,59.0,0.251063829787234,1.36875,16.0,9,2.1092748309465845,1.1119079487858459,False,False
LAST_OPPOSING,8,FIB_705,4.0,1.5,0.4,0.15,0.5,498,1.585987261146497,25.050505050505052,125.0,0.25100401606425704,1.3369272237196765,28.0,17,2.3647088630397035,1.2135887095472417,False,False
EXTREME_OPEN,3,CISD,3.0,2.0,0.3,0.15,0.25,435,1.3853503184713376,31.9693094629156,109.0,0.25057471264367814,1.4097744360902256,20.0,15,1.7477185280433751,0.9126536296188611,False,False
LAST_OPPOSING,8,CISD,3.0,2.0,0.4,0.0,0.5,380,1.2101910828025477,32.047477744807125,95.0,0.25,1.4148471615720524,12.0,10,1.7535169723819182,0.8828717534445475,False,False
LAST_OPPOSING,8,FIB_618,2.5,2.0,0.0,0.05,0.5,560,1.78343949044586,35.80470162748644,140.0,0.25,1.3943661971830985,16.0,10,1.7781879765947708,1.000457588055858,False,False
LAST_OPPOSING,5,FIB_705,4.0,1.5,0.3,0.05,0.25,692,2.2038216560509554,25.036390101892287,173.0,0.25,1.3359223300970873,23.0,18,2.408326976522298,1.2539788954960347,False,False
LAST_OPPOSING,8,FIB_705,3.0,1.5,0.3,0.15,0.5,669,2.1305732484076434,31.278195488721806,167.0,0.24962630792227206,1.3654266958424508,30.0,15,2.078450027131067,1.1454545286311257,False,False
EXTREME_OPEN,8,FIB_705,4.0,1.5,0.3,0.05,0.25,702,2.2356687898089174,25.0,175.0,0.2492877492877493,1.3333333333333333,25.0,25,2.4161353497679365,1.2749610175569783,False,False
LAST_OPPOSING,8,CISD,2.5,2.0,0.3,0.0,0.25,512,1.6305732484076434,36.30573248407643,127.5,0.2490234375,1.425,15.5,15,1.6371779742895693,0.8748014339739377,False,False
EXTREME_OPEN,3,CISD,4.0,1.5,0.3,0.0,0.5,940,2.9936305732484074,25.564803804994057,234.0,0.24893617021276596,1.3738019169329074,27.0,27,2.0778556562245103,0.9931912815137324,False,False
EXTREME_OPEN,3,FIB_618,3.0,2.0,0.0,0.15,0.25,438,1.394904458598726,31.322505800464036,109.0,0.24885844748858446,1.3682432432432432,16.0,14,2.052480971603531,1.0847667828058907,False,False
EXTREME_OPEN,3,FIB_618,4.0,1.5,0.4,0.15,0.5,534,1.7006369426751593,25.04780114722753,132.0,0.24719101123595505,1.336734693877551,25.0,16,2.313751213243248,1.1519378077734228,False,False
LAST_OPPOSING,8,FIB_705,4.0,1.5,0.0,0.15,0.5,939,2.9904458598726116,24.97320471596999,232.0,0.2470713525026624,1.3314285714285714,31.0,18,2.3513793065255273,1.225597499294757,False,False
LAST_OPPOSING,8,CISD,2.5,2.0,0.3,0.05,0.5,510,1.624203821656051,36.247334754797436,126.0,0.24705882352941178,1.4214046822742474,15.5,15,1.6265046998529575,0.8698501861443644,False,False
EXTREME_OPEN,8,FIB_618,4.0,1.5,0.4,0.0,0.5,591,1.8821656050955413,25.043177892918827,146.0,0.2470389170896785,1.336405529953917,22.0,16,2.3197319718721965,1.1598247079389092,False,False
EXTREME_OPEN,8,FIB_705,4.0,1.5,0.4,0.15,0.5,494,1.5732484076433122,24.94929006085193,122.0,0.24696356275303644,1.3297297297297297,22.0,13,2.383542030434042,1.2421874441061993,False,False
EXTREME_OPEN,8,FIB_705,3.0,2.0,0.3,0.15,0.5,316,1.0063694267515924,31.210191082802545,78.0,0.2468354430379747,1.3611111111111112,16.0,15,2.079078054206303,1.1588507839542297,False,False
LAST_OPPOSING,5,CISD,4.0,2.0,0.0,0.0,0.5,709,2.2579617834394905,25.785123966942148,175.0,0.2468265162200282,1.3897550111358574,24.0,19,2.1235466017194944,0.9508433560540378,False,False
EXTREME_OPEN,8,FIB_618,2.5,2.0,0.3,0.0,0.5,373,1.1878980891719746,35.67567567567568,92.0,0.24664879356568364,1.3865546218487395,12.5,11,1.8031904940861663,1.0287844307067429,False,False
LAST_OPPOSING,3,FIB_786,4.0,2.0,0.0,0.05,0.5,382,1.21656050955414,24.93438320209974,94.0,0.24607329842931938,1.3286713286713288,22.0,22,2.5088140258489333,1.3337950874132303,False,False
EXTREME_OPEN,3,FIB_705,4.0,2.0,0.0,0.0,0.25,431,1.372611464968153,24.941724941724942,106.0,0.2459396751740139,1.329192546583851,15.0,11,2.423738023995788,1.2493681027478971,False,False
EXTREME_OPEN,3,FIB_705,3.0,2.0,0.3,0.0,0.5,310,0.9872611464968153,31.16883116883117,76.0,0.24516129032258063,1.3584905660377358,16.0,16,2.1002144971436074,1.154658715994114,False,False
EXTREME_OPEN,3,CISD,2.5,2.0,0.4,0.05,0.5,343,1.0923566878980893,36.19047619047619,84.0,0.24489795918367346,1.4179104477611941,14.0,10,1.5858737257105557,0.8791859200881137,False,False
EXTREME_OPEN,5,FIB_618,3.0,2.0,0.0,0.15,0.25,462,1.4713375796178343,31.208791208791208,113.0,0.24458874458874458,1.3610223642172523,16.0,12,2.0468401958200877,1.0868877133605197,False,False
EXTREME_OPEN,8,FIB_618,3.0,2.0,0.0,0.15,0.25,475,1.5127388535031847,31.196581196581196,116.0,0.24421052631578946,1.360248447204969,16.0,13,2.030437922041945,1.0867702805893515,False,False
EXTREME_OPEN,3,FIB_705,4.0,1.5,0.3,0.0,0.25,673,2.143312101910828,24.88822652757079,164.0,0.2436849925705795,1.3253968253968254,25.0,25,2.426147200680223,1.2805119097731281,False,False
EXTREME_OPEN,5,FIB_705,4.0,2.0,0.0,0.0,0.25,452,1.4394904458598725,24.88888888888889,110.0,0.24336283185840707,1.3254437869822486,17.0,11,2.415140600701246,1.2505148241990702,False,False
EXTREME_OPEN,8,CISD,3.0,2.0,0.0,0.0,0.5,699,2.2261146496815285,31.921824104234524,170.0,0.24320457796852646,1.4066985645933014,28.0,24,1.7854093978501524,0.9038182632177296,False,False
EXTREME_OPEN,5,CISD,4.0,2.0,0.0,0.05,0.25,658,2.0955414012738856,25.663716814159294,160.0,0.24316109422492402,1.380952380952381,33.0,25,2.0611864921487535,0.9630555506847157,False,False
EXTREME_OPEN,8,FIB_618,4.0,1.5,0.4,0.15,0.5,560,1.78343949044586,24.95446265938069,136.0,0.24285714285714285,1.3300970873786409,26.0,16,2.311732487778301,1.151096966307626,False,False
LAST_OPPOSING,5,FIB_705,4.0,1.5,0.3,0.0,0.25,700,2.229299363057325,24.89208633093525,170.0,0.24285714285714285,1.3256704980842913,23.0,18,2.4056383759008075,1.2571284717032905,False,False
EXTREME_OPEN,3,CISD,4.0,2.0,0.0,0.0,0.25,626,1.9936305732484076,25.59852670349908,152.0,0.24281150159744408,1.3762376237623761,31.0,22,2.0530661417813674,0.9709477539885638,False,False
EXTREME_OPEN,8,FIB_705,3.0,2.0,0.3,0.05,0.5,330,1.0509554140127388,31.097560975609756,80.0,0.24242424242424243,1.3539823008849559,17.0,16,2.074519839285935,1.1588323790160677,False,False
LAST_OPPOSING,8,CISD,2.5,2.0,0.3,0.0,0.5,512,1.6305732484076434,36.09341825902335,124.0,0.2421875,1.4119601328903655,15.5,15,1.625450379905733,0.8719187271428225,False,False
LAST_OPPOSING,3,CISD,4.0,2.0,0.0,0.0,0.5,628,2.0,25.650557620817843,152.0,0.24203821656050956,1.38,24.0,16,2.133480138061406,0.9598939687792474,False,False
EXTREME_OPEN,5,CISD,2.5,2.0,0.4,0.15,0.25,352,1.1210191082802548,36.13707165109034,85.0,0.24147727272727273,1.4146341463414633,13.0,10,1.5984900588438693,0.881210904541425,False,False
LAST_OPPOSING,5,FIB_618,4.0,1.5,0.3,0.05,0.25,785,2.5,24.934725848563968,189.0,0.24076433121019108,1.328695652173913,31.0,29,2.3154786717679343,1.1650127716269991,False,False
LAST_OPPOSING,5,FIB_786,4.0,2.0,0.3,0.05,0.5,291,0.9267515923566879,24.82758620689655,70.0,0.24054982817869416,1.3211009174311927,19.0,18,2.451543403669093,1.3204625997947208,False,False
EXTREME_OPEN,8,FIB_705,4.0,1.5,0.3,0.0,0.25,711,2.2643312101910826,24.823695345557123,171.0,0.24050632911392406,1.320825515947467,25.0,25,2.4107351022283785,1.2786878621319502,False,False
EXTREME_OPEN,3,FIB_705,4.0,2.0,0.0,0.05,0.25,425,1.3535031847133758,24.822695035460992,102.0,0.24,1.320754716981132,15.0,11,2.4190722740482755,1.248886074195015,False,False
EXTREME_OPEN,3,FIB_618,3.0,2.0,0.0,0.15,0.5,438,1.394904458598726,31.09048723897912,105.0,0.23972602739726026,1.3535353535353536,16.0,14,2.030186900576211,1.0772421149680251,False,False
LAST_OPPOSING,8,CISD,3.0,2.0,0.3,0.05,0.5,509,1.6210191082802548,31.65938864628821,122.0,0.23968565815324164,1.389776357827476,21.0,15,1.7528406896239572,0.9019592722701029,False,False
EXTREME_OPEN,3,CISD,2.5,2.0,0.3,0.15,0.25,436,1.3885350318471337,35.98014888337469,104.5,0.2396788990825688,1.4050387596899225,17.5,15,1.6115329468097475,0.8890163865797176,False,False
EXTREME_OPEN,5,FIB_705,4.0,1.5,0.3,0.15,0.25,651,2.073248407643312,24.80739599383667,156.0,0.23963133640552994,1.319672131147541,23.0,20,2.4155419680956176,1.2698714572581604,False,False
EXTREME_OPEN,3,FIB_618,3.0,2.0,0.0,0.05,0.25,480,1.5286624203821657,31.07822410147992,115.0,0.23958333333333334,1.352760736196319,15.0,12,2.040434502602083,1.0922082272831395,False,False
LAST_OPPOSING,3,FIB_705,4.0,1.5,0.0,0.15,0.5,823,2.621019108280255,24.816625916870414,197.0,0.2393681652490887,1.3203252032520325,26.0,20,2.3876421100268814,1.234676877149026,False,False
LAST_OPPOSING,3,FIB_705,4.0,1.5,0.3,0.05,0.25,645,2.054140127388535,24.804992199687987,154.0,0.23875968992248062,1.3195020746887967,22.0,18,2.4240079381223927,1.25972406217643,False,False
LAST_OPPOSING,8,CISD,4.0,2.0,0.0,0.05,0.5,721,2.2961783439490446,25.5663430420712,172.0,0.23855755894590847,1.373913043478261,23.0,20,2.1187853845178766,0.9535189787038699,False,False
EXTREME_OPEN,3,CISD,2.5,2.0,0.4,0.0,0.25,345,1.0987261146496816,35.96214511041009,82.0,0.23768115942028986,1.4039408866995073,14.0,10,1.5837019680378497,0.8886722265853533,False,False
EXTREME_OPEN,5,FIB_705,4.0,2.0,0.0,0.05,0.25,446,1.4203821656050954,24.774774774774773,106.0,0.23766816143497757,1.3173652694610778,17.0,11,2.4105788781284656,1.2500709188038508,False,False
LAST_OPPOSING,5,FIB_618,4.0,1.5,0.3,0.15,0.25,742,2.3630573248407645,24.861878453038674,176.0,0.2371967654986523,1.3235294117647058,30.0,29,2.312418106414263,1.1601739294642712,False,False
LAST_OPPOSING,3,FIB_705,4.0,1.5,0.3,0.0,0.25,650,2.070063694267516,24.76780185758514,154.0,0.23692307692307693,1.316872427983539,22.0,18,2.4219226509640075,1.2606339550859438,False,False
LAST_OPPOSING,5,FIB_786,4.0,2.0,0.3,0.0,0.5,292,0.9299363057324841,24.742268041237114,69.0,0.2363013698630137,1.3150684931506849,19.0,18,2.456800691906794,1.3238509574628288,False,False
EXTREME_OPEN,3,FIB_705,4.0,1.5,0.4,0.15,0.5,470,1.4968152866242037,24.733475479744136,111.0,0.23617021276595745,1.3144475920679888,21.0,13,2.381497245534055,1.2524443504026874,False,False
EXTREME_OPEN,5,FIB_618,3.0,2.0,0.0,0.05,0.25,504,1.605095541401274,30.985915492957744,119.0,0.2361111111111111,1.346938775510204,15.0,12,2.0358374328482807,1.0937980591259662,False,False
EXTREME_OPEN,5,CISD,4.0,1.5,0.3,0.15,0.5,928,2.9554140127388533,25.302663438256655,219.0,0.23599137931034483,1.3549432739059968,32.0,28,2.082075378495535,0.9869304380936064,False,False
EXTREME_OPEN,8,FIB_618,3.0,2.0,0.0,0.05,0.25,517,1.6464968152866242,30.980392156862745,122.0,0.23597678916827852,1.3465909090909092,15.0,12,2.0210443107477314,1.093516405235723,False,False
EXTREME_OPEN,5,FIB_618,3.0,2.0,0.0,0.15,0.5,462,1.4713375796178343,30.98901098901099,109.0,0.23593073593073594,1.3471337579617835,16.0,12,2.027507112710463,1.0784694900069032,False,False
EXTREME_OPEN,8,FIB_618,3.0,2.0,0.0,0.15,0.5,475,1.5127388535031847,30.982905982905983,112.0,0.23578947368421052,1.346749226006192,16.0,13,2.011657360008422,1.0780264449787496,False,False
EXTREME_OPEN,5,CISD,3.0,2.0,0.3,0.15,0.25,463,1.4745222929936306,31.566265060240962,109.0,0.23542116630669546,1.3838028169014085,19.0,15,1.7363172087776506,0.9175339962558569,False,False
EXTREME_OPEN,8,FIB_705,4.0,2.0,0.0,0.0,0.25,463,1.4745222929936306,24.728850325379607,109.0,0.23542116630669546,1.314121037463977,13.0,11,2.396244136529513,1.2521852375648221,False,False
LAST_OPPOSING,8,CISD,3.0,2.0,0.3,0.0,0.5,511,1.627388535031847,31.521739130434785,120.0,0.23483365949119372,1.380952380952381,21.0,15,1.7512898407149142,0.9039061897240345,False,False
LAST_OPPOSING,5,FIB_618,4.0,1.5,0.3,0.0,0.25,793,2.5254777070063694,24.8062015503876,186.0,0.23455233291298866,1.3195876288659794,32.0,29,2.3112811138358254,1.1674806520638497,False,False
LAST_OPPOSING,3,FIB_618,2.5,2.0,0.3,0.15,0.25,335,1.0668789808917198,35.34743202416919,78.5,0.23432835820895523,1.3668224299065421,10.5,10,1.8210054894294259,1.0169797705136698,False,False
LAST_OPPOSING,8,CISD,4.0,2.0,0.0,0.0,0.5,731,2.328025477707006,25.48076923076923,171.0,0.23392612859097128,1.367741935483871,23.0,20,2.114840584069471,0.9518719508161418,False,False
EXTREME_OPEN,8,CISD,2.5,2.0,0.4,0.15,0.25,360,1.1464968152866242,35.86626139817629,84.0,0.23333333333333334,1.3981042654028435,14.0,10,1.5921049912910128,0.8824218098171513,False,False
EXTREME_OPEN,5,FIB_618,4.0,1.5,0.3,0.05,0.25,780,2.484076433121019,24.770642201834864,182.0,0.23333333333333334,1.3170731707317074,24.0,19,2.334648404369087,1.178569760550763,False,False
EXTREME_OPEN,3,FIB_618,3.0,2.0,0.0,0.0,0.25,486,1.5477707006369428,30.89770354906054,113.0,0.23251028806584362,1.3413897280966767,16.0,13,2.034995367126904,1.096046797475674,False,False
EXTREME_OPEN,3,CISD,3.0,2.0,0.4,0.15,0.25,332,1.0573248407643312,31.52542372881356,77.0,0.2319277108433735,1.381188118811881,16.0,10,1.7489923728604304,0.9130975805426506,False,False
EXTREME_OPEN,8,CISD,4.0,1.5,0.3,0.15,0.5,940,2.9936305732484074,25.240384615384613,218.0,0.23191489361702128,1.3504823151125402,32.0,28,2.0770782261074903,0.9825004074030858,False,False
LAST_OPPOSING,3,FIB_705,4.0,1.5,0.0,0.05,0.5,906,2.8853503184713376,24.666666666666668,210.0,0.23178807947019867,1.3097345132743363,25.0,20,2.3800207257337407,1.2451218481937631,False,False
EXTREME_OPEN,3,CISD,2.5,2.0,0.3,0.15,0.5,436,1.3885350318471337,35.73200992555831,101.0,0.231651376146789,1.38996138996139,17.5,15,1.599640690812561,0.8888818056243795,False,False
LAST_OPPOSING,8,FIB_786,4.0,2.0,0.3,0.15,0.5,285,0.9076433121019108,24.647887323943664,66.0,0.23157894736842105,1.308411214953271,20.0,17,2.435945602234756,1.3282112105990747,False,False
EXTREME_OPEN,5,CISD,2.5,2.0,0.4,0.15,0.5,352,1.1210191082802548,35.82554517133956,81.5,0.2315340909090909,1.395631067961165,13.0,10,1.5860656356784013,0.8764794829256495,False,False
EXTREME_OPEN,3,FIB_618,3.0,2.0,0.0,0.05,0.5,480,1.5286624203821657,30.866807610993657,111.0,0.23125,1.3394495412844036,15.0,12,2.021036799381874,1.0840159569135104,False,False
EXTREME_OPEN,8,FIB_705,3.0,2.0,0.3,0.0,0.5,333,1.0605095541401275,30.815709969788518,77.0,0.23123123123123124,1.3362445414847162,18.0,16,2.0698247161741348,1.1639640370245499,False,False
EXTREME_OPEN,3,CISD,4.0,2.0,0.0,0.05,0.5,615,1.9585987261146496,25.328330206378986,142.0,0.23089430894308943,1.35678391959799,31.0,22,2.0502365244819183,0.9676782784056025,False,False
LAST_OPPOSING,5,FIB_705,4.0,1.5,0.3,0.15,0.25,654,2.082802547770701,24.65331278890601,151.0,0.2308868501529052,1.30879345603272,23.0,16,2.3916531357866817,1.251447470887202,False,False
LAST_OPPOSING,3,FIB_618,4.0,1.5,0.3,0.05,0.25,733,2.3343949044585988,24.720670391061454,169.0,0.2305593451568895,1.313543599257885,28.0,28,2.33633453151535,1.167217625415672,False,False
EXTREME_OPEN,5,FIB_705,4.0,1.5,0.0,0.15,0.5,872,2.7770700636942673,24.62600690448792,201.0,0.2305045871559633,1.3068702290076335,24.0,18,2.3834780923860936,1.2495284594321332,False,False
EXTREME_OPEN,8,FIB_705,4.0,2.0,0.0,0.05,0.25,457,1.4554140127388535,24.615384615384617,105.0,0.22975929978118162,1.3061224489795917,13.0,11,2.3915441210973674,1.251773948011051,False,False
EXTREME_OPEN,8,CISD,4.0,2.0,0.0,0.15,0.5,636,2.0254777070063694,25.41743970315399,146.0,0.22955974842767296,1.36318407960199,32.0,25,2.0524328137988888,0.9445287656399839,False,False
EXTREME_OPEN,8,FIB_618,3.0,2.0,0.0,0.0,0.25,523,1.6656050955414012,30.813953488372093,120.0,0.2294455066921606,1.3361344537815125,16.0,13,2.0162124203274425,1.0970684053234023,False,False
EXTREME_OPEN,5,FIB_618,3.0,2.0,0.0,0.0,0.25,510,1.624203821656051,30.81510934393638,117.0,0.22941176470588234,1.3362068965517242,16.0,13,2.030708339863155,1.0974372868171718,False,False
EXTREME_OPEN,5,CISD,2.5,2.0,0.4,0.05,0.25,362,1.1528662420382165,35.75757575757576,83.0,0.2292817679558011,1.3915094339622642,15.0,10,1.5908654383303056,0.8851412332579852,False,False
LAST_OPPOSING,3,FIB_618,4.0,1.5,0.3,0.0,0.25,738,2.3503184713375798,24.687933425797503,169.0,0.22899728997289973,1.3112338858195212,28.0,28,2.3350371718597382,1.168056896377085,False,False
EXTREME_OPEN,5,CISD,4.0,2.0,0.0,0.0,0.25,669,2.1305732484076434,25.34965034965035,153.0,0.22869955156950672,1.3583138173302107,33.0,25,2.0490707379437127,0.9638945877008119,False,False
EXTREME_OPEN,8,FIB_618,3.0,2.0,0.0,0.05,0.5,517,1.6464968152866242,30.784313725490197,118.0,0.22823984526112184,1.3342776203966005,15.0,12,2.0046674028141576,1.0842517878673037,False,False
EXTREME_OPEN,5,FIB_618,3.0,2.0,0.0,0.05,0.5,504,1.605095541401274,30.784708249496983,115.0,0.22817460317460317,1.3343023255813953,15.0,12,2.0190160462760973,1.0848184867969823,False,False
LAST_OPPOSING,5,FIB_618,4.0,1.5,0.3,0.05,0.5,785,2.5,24.673629242819846,179.0,0.22802547770700637,1.3102253032928943,31.0,29,2.2863000224410697,1.1475636223593662,False,False
EXTREME_OPEN,3,FIB_618,4.0,1.5,0.3,0.05,0.25,747,2.378980891719745,24.65753424657534,170.0,0.22757697456492637,1.309090909090909,24.0,18,2.3351726481515875,1.1789977748894873,False,False
EXTREME_OPEN,3,FIB_705,4.0,1.5,0.0,0.05,0.5,936,2.9808917197452227,24.570815450643778,213.0,0.22756410256410256,1.30298719772404,21.0,18,2.3829032903953697,1.2592727711948433,False,False
EXTREME_OPEN,3,CISD,2.5,2.0,0.4,0.0,0.5,345,1.0987261146496816,35.646687697160885,78.5,0.22753623188405797,1.3848039215686274,14.0,10,1.571773259340631,0.8841387737645703,False,False
LAST_OPPOSING,8,FIB_705,4.0,1.5,0.3,0.05,0.25,705,2.245222929936306,24.571428571428573,160.0,0.22695035460992907,1.303030303030303,23.0,18,2.3897306314148326,1.2601716232262297,False,False
LAST_OPPOSING,3,FIB_705,4.0,1.5,0.0,0.0,0.5,926,2.949044585987261,24.565217391304348,210.0,0.2267818574514039,1.302593659942363,26.0,21,2.3782833855958394,1.2486484057713092,False,False
EXTREME_OPEN,5,CISD,2.5,2.0,0.3,0.15,0.25,464,1.4777070063694266,35.597189695550355,105.0,0.22629310344827586,1.3818181818181818,16.5,15,1.6045559232699274,0.889583015831138,False,False
EXTREME_OPEN,3,CISD,3.0,2.0,0.3,0.05,0.25,451,1.4363057324840764,31.2807881773399,102.0,0.2261640798226164,1.3655913978494623,22.0,15,1.730342893401579,0.920635472508933,False,False
EXTREME_OPEN,5,FIB_618,4.0,1.5,0.3,0.0,0.25,789,2.5127388535031847,24.61139896373057,178.0,0.2256020278833967,1.3058419243986255,24.0,20,2.328864755945069,1.1816242101228636,False,False
EXTREME_OPEN,8,FIB_705,4.0,1.5,0.0,0.15,0.5,888,2.828025477707006,24.519774011299436,200.0,0.22522522522522523,1.2994011976047903,24.0,15,2.3738638098956706,1.2496675700604802,False,False
EXTREME_OPEN,3,FIB_705,4.0,1.5,0.3,0.15,0.25,622,1.980891719745223,24.516129032258064,140.0,0.22508038585209003,1.2991452991452992,23.0,20,2.4129371438945975,1.2760617389130162,False,False
LAST_OPPOSING,3,FIB_618,2.5,2.0,0.3,0.05,0.25,349,1.1114649681528663,35.07246376811594,78.5,0.22492836676217765,1.3504464285714286,12.0,11,1.8142203894447884,1.0215701961155943,False,False
EXTREME_OPEN,8,FIB_705,4.0,1.5,0.3,0.15,0.25,659,2.0987261146496814,24.50532724505327,148.0,0.22458270106221548,1.2983870967741935,24.0,20,2.3997847187356514,1.2738449457459184,False,False
LAST_OPPOSING,3,FIB_618,4.0,1.5,0.3,0.15,0.25,691,2.200636942675159,24.592592592592595,155.0,0.22431259044862517,1.3045186640471513,28.0,28,2.3313759744885436,1.1626137341475562,False,False
EXTREME_OPEN,3,FIB_618,3.0,2.0,0.0,0.0,0.5,486,1.5477707006369428,30.68893528183716,109.0,0.2242798353909465,1.3283132530120483,16.0,13,2.0155328250066122,1.0876832861687509,False,False
LAST_OPPOSING,3,FIB_705,3.0,2.0,0.0,0.15,0.25,397,1.2643312101910829,30.632911392405067,89.0,0.22418136020151133,1.3248175182481752,18.0,11,2.1122004767439932,1.1523152820125817,False,False
EXTREME_OPEN,5,FIB_618,4.0,1.5,0.3,0.15,0.25,732,2.3312101910828025,24.581005586592177,164.0,0.22404371584699453,1.3037037037037038,25.0,19,2.3335200620639225,1.1747916016687578,False,False
LAST_OPPOSING,3,FIB_705,3.0,2.0,0.0,0.0,0.25,433,1.3789808917197452,30.62645011600928,97.0,0.22401847575057737,1.3244147157190636,16.0,11,2.1157621856341504,1.161120593789175,False,False
LAST_OPPOSING,3,FIB_618,2.5,2.0,0.3,0.15,0.5,335,1.0668789808917198,35.04531722054381,75.0,0.22388059701492538,1.3488372093023255,10.5,10,1.80048060879943,1.0061101619115593,False,False
LAST_OPPOSING,5,FIB_618,4.0,1.5,0.3,0.15,0.5,742,2.3630573248407645,24.585635359116022,166.0,0.22371967654986524,1.304029304029304,30.0,29,2.281756846910234,1.1433546007631832,False,False
EXTREME_OPEN,8,CISD,2.5,2.0,0.4,0.15,0.5,360,1.1464968152866242,35.56231003039514,80.5,0.22361111111111112,1.3797169811320755,14.0,10,1.5797227404635803,0.877541472010127,False,False
EXTREME_OPEN,8,CISD,3.0,2.0,0.3,0.15,0.25,475,1.5127388535031847,31.220657276995308,106.0,0.2231578947368421,1.3617747440273038,21.0,15,1.7189198384384825,0.9185641734299238,False,False
EXTREME_OPEN,3,CISD,3.0,2.0,0.3,0.15,0.5,435,1.3853503184713376,31.202046035805626,97.0,0.22298850574712645,1.3605947955390334,24.0,15,1.7301577830937935,0.9168647438779216,False,False
LAST_OPPOSING,5,FIB_618,4.0,1.5,0.3,0.0,0.5,793,2.5254777070063694,24.54780361757106,176.0,0.22194199243379573,1.3013698630136987,32.0,29,2.282863599192743,1.1499615119958548,False,False
EXTREME_OPEN,8,FIB_618,3.0,2.0,0.0,0.0,0.5,523,1.6656050955414012,30.620155038759687,116.0,0.22179732313575526,1.324022346368715,16.0,13,1.9997406051717663,1.0876569638373308,False,False
EXTREME_OPEN,8,CISD,2.5,2.0,0.4,0.05,0.25,370,1.178343949044586,35.50295857988166,82.0,0.22162162162162163,1.3761467889908257,16.0,10,1.5848177968305222,0.8862344312837391,False,False
EXTREME_OPEN,5,FIB_618,3.0,2.0,0.0,0.0,0.5,510,1.624203821656051,30.61630218687873,113.0,0.22156862745098038,1.32378223495702,16.0,13,2.0137948560256214,1.0883037943239355,False,False
LAST_OPPOSING,3,FIB_618,2.5,2.0,0.3,0.0,0.25,350,1.1146496815286624,34.971098265895954,77.5,0.22142857142857142,1.3444444444444446,12.0,11,1.814396499084606,1.0237149136541543,False,False
LAST_OPPOSING,5,FIB_618,2.5,2.0,0.3,0.15,0.25,366,1.1656050955414012,35.0,81.0,0.22131147540983606,1.3461538461538463,10.5,10,1.7979045603382513,1.0153195626150697,False,False
EXTREME_OPEN,3,CISD,2.5,2.0,0.3,0.05,0.25,452,1.4394904458598725,35.406698564593306,100.0,0.22123893805309736,1.3703703703703705,19.5,15,1.5974748402433712,0.8963826908541614,False,False
EXTREME_OPEN,3,FIB_618,4.0,1.5,0.3,0.05,0.5,747,2.378980891719745,24.52054794520548,165.0,0.22088353413654618,1.2994555353901995,24.0,18,2.3074906533699355,1.1621913645155173,False,False
EXTREME_OPEN,8,FIB_618,4.0,1.5,0.3,0.05,0.25,788,2.5095541401273884,24.5136186770428,174.0,0.22081218274111675,1.2989690721649485,25.0,19,2.321098661545232,1.1802959950629406,False,False
LAST_OPPOSING,8,FIB_618,4.0,1.5,0.3,0.05,0.25,798,2.5414012738853504,24.5186136071887,176.0,0.22055137844611528,1.2993197278911566,32.0,29,2.293540688821541,1.1688914885606019,False,False
EXTREME_OPEN,5,FIB_618,4.0,1.5,0.3,0.05,0.5,780,2.484076433121019,24.50851900393185,172.0,0.2205128205128205,1.2986111111111112,24.0,19,2.306548383896095,1.16311079272638,False,False
EXTREME_OPEN,3,FIB_705,4.0,1.5,0.0,0.15,0.5,830,2.643312101910828,24.425634824667473,183.0,0.22048192771084338,1.2928,24.0,19,2.3868201116448327,1.252867050571466,False,False
LAST_OPPOSING,8,FIB_705,4.0,1.5,0.3,0.0,0.25,713,2.270700636942675,24.43502824858757,157.0,0.22019635343618513,1.2934579439252336,23.0,18,2.3872997062056,1.2631942901592417,False,False
LAST_OPPOSING,5,FIB_786,4.0,2.0,0.0,0.0,0.5,427,1.3598726114649682,24.413145539906104,94.0,0.22014051522248243,1.2919254658385093,21.0,21,2.4617676433484434,1.3369235747313144,False,False
EXTREME_OPEN,5,CISD,2.5,2.0,0.4,0.05,0.5,362,1.1528662420382165,35.45454545454545,79.5,0.21961325966850828,1.3732394366197183,15.0,10,1.5784088092959794,0.8802530306429966,False,False
LAST_OPPOSING,8,FIB_786,4.0,2.0,0.3,0.05,0.5,296,0.9426751592356688,24.40677966101695,65.0,0.2195945945945946,1.2914798206278026,20.0,19,2.4284682073633084,1.3310014652441462,False,False
EXTREME_OPEN,3,FIB_618,4.0,1.5,0.3,0.0,0.25,756,2.4076433121019107,24.49255751014885,166.0,0.21957671957671956,1.2974910394265233,24.0,19,2.329130297886253,1.1821804582007822,False,False
LAST_OPPOSING,8,FIB_705,3.0,2.0,0.0,0.0,0.25,501,1.5955414012738853,30.522088353413658,110.0,0.21956087824351297,1.3179190751445087,27.0,13,2.072749442898496,1.1552835767383354,False,False
EXTREME_OPEN,5,CISD,4.0,2.0,0.0,0.05,0.5,657,2.0923566878980893,25.13368983957219,144.0,0.2191780821917808,1.3428571428571427,33.0,25,2.0469781695859046,0.9589303474767007,False,False
EXTREME_OPEN,5,CISD,2.5,2.0,0.3,0.15,0.5,464,1.4777070063694266,35.36299765807963,101.5,0.21875,1.3677536231884058,16.5,15,1.5940778705180336,0.888780827100434,False,False
LAST_OPPOSING,5,FIB_705,3.0,2.0,0.0,0.0,0.25,485,1.5445859872611465,30.49792531120332,106.0,0.21855670103092784,1.3164179104477611,24.0,13,2.0850354195532153,1.1512241222252004,False,False
LAST_OPPOSING,3,FIB_618,4.0,1.5,0.3,0.05,0.5,733,2.3343949044585988,24.441340782122907,159.0,0.21691678035470668,1.2939001848428835,28.0,28,2.3067655890650314,1.150261913684954,False,False
LAST_OPPOSING,3,FIB_705,3.0,2.0,0.0,0.05,0.25,429,1.3662420382165605,30.44496487119438,93.0,0.21678321678321677,1.3131313131313131,16.0,11,2.10603012521751,1.161720925429412,False,False
LAST_OPPOSING,8,FIB_618,4.0,1.5,0.3,0.15,0.25,755,2.4044585987261144,24.423337856173678,163.0,0.21589403973509932,1.2926391382405744,31.0,29,2.2892833739088005,1.164356871267093,False,False
EXTREME_OPEN,3,FIB_618,4.0,1.5,0.3,0.15,0.25,700,2.229299363057325,24.415204678362574,151.0,0.21571428571428572,1.2920696324951644,24.0,18,2.3310985819163084,1.1755084542362308,False,False
EXTREME_OPEN,3,CISD,4.0,2.0,0.0,0.0,0.5,626,1.9936305732484076,25.0,135.0,0.21565495207667731,1.3333333333333333,31.0,22,2.0377249966111117,0.9683522815117309,False,False
LAST_OPPOSING,8,FIB_786,4.0,2.0,0.3,0.0,0.5,297,0.945859872611465,24.324324324324326,64.0,0.21548821548821548,1.2857142857142858,20.0,19,2.4337146833286765,1.3342972954584154,False,False
LAST_OPPOSING,3,FIB_705,4.0,1.5,0.3,0.15,0.25,608,1.9363057324840764,24.337748344370862,131.0,0.21546052631578946,1.286652078774617,24.0,16,2.4040927115497293,1.2579348806523172,False,False
LAST_OPPOSING,3,FIB_618,4.0,1.5,0.3,0.0,0.5,738,2.3503184713375798,24.410540915395284,159.0,0.21544715447154472,1.2917431192660551,28.0,28,2.3062823199292586,1.1510727798332894,False,False
LAST_OPPOSING,8,FIB_786,4.0,2.0,0.0,0.0,0.5,441,1.4044585987261147,24.31818181818182,95.0,0.21541950113378686,1.2852852852852852,23.0,22,2.4459584589958476,1.3361298790297103,False,False
LAST_OPPOSING,3,FIB_618,2.5,2.0,0.3,0.05,0.5,349,1.1114649681528663,34.78260869565217,75.0,0.2148997134670487,1.3333333333333333,12.0,11,1.7935967048278831,1.0103936015402408,False,False
LAST_OPPOSING,8,FIB_618,4.0,1.5,0.3,0.0,0.25,806,2.56687898089172,24.396442185514612,173.0,0.21464019851116625,1.2907563025210085,33.0,29,2.289628580165721,1.1712810660431747,False,False
EXTREME_OPEN,3,CISD,2.5,2.0,0.3,0.05,0.5,452,1.4394904458598725,35.16746411483253,96.5,0.21349557522123894,1.3560885608856088,19.5,15,1.5856031317294765,0.8958721836134882,False,False
LAST_OPPOSING,8,FIB_705,3.0,2.0,0.0,0.15,0.25,464,1.4777070063694266,30.36876355748373,99.0,0.21336206896551724,1.308411214953271,28.0,13,2.063665432021043,1.1482162691874103,False,False
EXTREME_OPEN,8,FIB_618,4.0,1.5,0.3,0.0,0.25,797,2.538216560509554,24.358974358974358,170.0,0.21329987452948557,1.2881355932203389,25.0,20,2.3155260756968814,1.1833002919284086,False,False
LAST_OPPOSING,8,FIB_705,3.0,2.0,0.0,0.05,0.25,497,1.5828025477707006,30.364372469635626,106.0,0.21327967806841047,1.308139534883721,27.0,13,2.0640027529796203,1.155754792443483,False,False
LAST_OPPOSING,5,FIB_618,2.5,2.0,0.3,0.05,0.25,380,1.2101910828025477,34.75935828877005,81.0,0.2131578947368421,1.3319672131147542,12.5,11,1.7925240685294035,1.0195966716825755,False,False
EXTREME_OPEN,3,FIB_618,4.0,1.5,0.3,0.0,0.5,756,2.4076433121019107,24.357239512855212,161.0,0.21296296296296297,1.2880143112701252,24.0,19,2.3021210515125574,1.1652670656923703,False,False
EXTREME_OPEN,5,CISD,3.0,2.0,0.3,0.05,0.25,479,1.5254777070063694,30.930232558139537,102.0,0.21294363256784968,1.3434343434343434,23.0,15,1.7203381062407015,0.9248862410934985,False,False
EXTREME_OPEN,5,FIB_618,4.0,1.5,0.3,0.0,0.5,789,2.5127388535031847,24.352331606217618,168.0,0.21292775665399238,1.2876712328767124,24.0,20,2.3014141144678146,1.1660473646348757,False,False
EXTREME_OPEN,5,CISD,2.5,2.0,0.4,0.0,0.25,364,1.1592356687898089,35.24096385542169,77.5,0.2129120879120879,1.3604651162790697,15.0,10,1.577458230519097,0.8898964704258205,False,False
EXTREME_OPEN,8,CISD,2.5,2.0,0.3,0.15,0.25,476,1.515923566878981,35.15981735159817,101.0,0.21218487394957983,1.3556338028169015,18.5,15,1.589220071144189,0.8908264385421668,False,False
EXTREME_OPEN,8,CISD,2.5,2.0,0.4,0.05,0.5,370,1.178343949044586,35.20710059171598,78.5,0.21216216216216216,1.3584474885844748,16.0,10,1.5724028966844221,0.8812047270988699,False,False
LAST_OPPOSING,5,FIB_705,3.0,2.0,0.0,0.05,0.25,481,1.5318471337579618,30.334728033472803,102.0,0.21205821205821207,1.3063063063063063,24.0,13,2.0760999497339587,1.1516772540077485,False,False
LAST_OPPOSING,5,FIB_705,3.0,2.0,0.0,0.15,0.25,448,1.4267515923566878,30.337078651685395,95.0,0.21205357142857142,1.3064516129032258,25.0,13,2.076641669752068,1.1435691433845412,False,False
LAST_OPPOSING,5,FIB_618,2.5,2.0,0.3,0.15,0.5,366,1.1656050955414012,34.72222222222222,77.5,0.21174863387978143,1.3297872340425532,10.5,10,1.776650848735855,1.0038766629008475,False,False
LAST_OPPOSING,3,FIB_618,2.5,2.0,0.3,0.0,0.5,350,1.1146496815286624,34.68208092485549,74.0,0.21142857142857144,1.3274336283185841,12.0,11,1.793761318346604,1.0125037218870405,False,False
LAST_OPPOSING,5,FIB_786,4.0,2.0,0.0,0.15,0.5,393,1.2515923566878981,24.23469387755102,83.0,0.21119592875318066,1.2794612794612794,21.0,17,2.441033684203933,1.3293189807621566,False,False
EXTREME_OPEN,5,CISD,3.0,2.0,0.4,0.15,0.25,351,1.1178343949044587,30.967741935483872,74.0,0.21082621082621084,1.3457943925233644,17.0,10,1.734539147210755,0.9130449965903471,False,False
EXTREME_OPEN,8,FIB_618,4.0,1.5,0.3,0.15,0.25,740,2.356687898089172,24.30939226519337,156.0,0.21081081081081082,1.2846715328467153,25.0,19,2.3191036152980353,1.1766706531101796,False,False
EXTREME_OPEN,3,CISD,3.0,2.0,0.4,0.05,0.25,342,1.089171974522293,30.92105263157895,72.0,0.21052631578947367,1.3428571428571427,18.0,10,1.737521523436694,0.9182214101782717,False,False
EXTREME_OPEN,5,FIB_618,4.0,1.5,0.3,0.15,0.5,732,2.3312101910828025,24.30167597765363,154.0,0.2103825136612022,1.2841328413284132,25.0,19,2.302347432731698,1.1601472677301483,False,False
LAST_OPPOSING,5,FIB_618,2.5,2.0,0.3,0.0,0.25,381,1.213375796178344,34.66666666666667,80.0,0.2099737532808399,1.3265306122448979,12.5,11,1.79274279476261,1.0215720644986621,False,False
LAST_OPPOSING,3,FIB_618,4.0,1.5,0.3,0.15,0.5,691,2.200636942675159,24.296296296296298,145.0,0.2098408104196816,1.283757338551859,28.0,28,2.3002029537796025,1.146230280709856,False,False
EXTREME_OPEN,8,CISD,4.0,2.0,0.0,0.05,0.25,682,2.171974522292994,24.914089347079038,143.0,0.20967741935483872,1.3272311212814645,37.0,25,2.0396620222459787,0.9620321910514428,False,False
EXTREME_OPEN,5,CISD,3.0,2.0,0.3,0.15,0.5,463,1.4745222929936306,30.843373493975907,97.0,0.20950323974082075,1.3379790940766552,23.0,15,1.7198197660284424,0.9206765403985011,False,False
EXTREME_OPEN,5,CISD,2.5,2.0,0.3,0.05,0.25,480,1.5286624203821657,35.06787330316742,100.5,0.209375,1.3501742160278745,18.5,15,1.5915504403712504,0.896500731381192,False,False
EXTREME_OPEN,3,CISD,3.0,2.0,0.3,0.0,0.25,454,1.4458598726114649,30.80684596577017,95.0,0.2092511013215859,1.3356890459363957,22.0,15,1.718629032442558,0.9259873636291035,False,False
EXTREME_OPEN,3,FIB_618,4.0,1.5,0.3,0.15,0.5,700,2.229299363057325,24.269005847953213,146.0,0.20857142857142857,1.281853281853282,24.0,18,2.300241572676963,1.1593282885289193,False,False
EXTREME_OPEN,8,FIB_618,4.0,1.5,0.3,0.05,0.5,788,2.5095541401273884,24.25421530479896,164.0,0.20812182741116753,1.2808219178082192,25.0,19,2.293113312198416,1.1653844285815556,False,False
LAST_OPPOSING,8,FIB_618,4.0,1.5,0.3,0.05,0.5,798,2.5414012738853504,24.261874197689345,166.0,0.20802005012531327,1.2813559322033898,32.0,29,2.264439183953554,1.151516599496315,False,False
EXTREME_OPEN,3,CISD,3.0,2.0,0.4,0.15,0.5,332,1.0573248407643312,30.847457627118647,69.0,0.20783132530120482,1.338235294117647,16.0,10,1.7309486832509828,0.9136070564743662,False,False
LAST_OPPOSING,8,FIB_705,4.0,1.5,0.3,0.15,0.25,667,2.124203821656051,24.169184290030213,138.0,0.20689655172413793,1.2749003984063745,25.0,16,2.3723223061447025,1.258042345804297,False,False
LAST_OPPOSING,5,FIB_618,3.0,2.0,0.0,0.15,0.25,508,1.6178343949044587,30.26052104208417,105.0,0.20669291338582677,1.3017241379310345,21.0,16,1.9744532973869184,1.0701990243873936,False,False
LAST_OPPOSING,8,FIB_786,4.0,2.0,0.0,0.15,0.5,407,1.2961783439490446,24.137931034482758,84.0,0.20638820638820637,1.2727272727272727,23.0,18,2.424617038328082,1.3287205643276616,False,False
EXTREME_OPEN,8,CISD,3.0,2.0,0.4,0.15,0.25,359,1.143312101910828,30.81761006289308,74.0,0.20612813370473537,1.3363636363636364,18.0,10,1.7268239190794894,0.9141985617023214,False,False
EXTREME_OPEN,8,CISD,2.5,2.0,0.4,0.0,0.25,372,1.1847133757961783,35.0,76.5,0.2056451612903226,1.3461538461538463,16.0,10,1.5717314302706287,0.8908815278779343,False,False
LAST_OPPOSING,3,FIB_705,3.0,2.0,0.0,0.0,0.5,433,1.3789808917197452,30.162412993039446,89.0,0.20554272517321015,1.2956810631229236,20.0,11,2.0924151637124497,1.147354515732182,False,False
EXTREME_OPEN,3,CISD,2.5,2.0,0.3,0.0,0.25,455,1.4490445859872612,34.91686460807601,93.5,0.20549450549450549,1.3412408759124088,19.5,15,1.5866627771314572,0.9018827280267367,False,False
LAST_OPPOSING,5,FIB_786,4.0,2.0,0.0,0.05,0.5,424,1.3503184713375795,24.113475177304963,87.0,0.20518867924528303,1.2710280373831775,21.0,21,2.445449165673608,1.3400049556598261,False,False
EXTREME_OPEN,5,CISD,4.0,2.0,0.0,0.0,0.5,668,2.127388535031847,24.823943661971832,137.0,0.20508982035928144,1.3208430913348945,33.0,25,2.0353069502097547,0.9597060258968418,False,False
EXTREME_OPEN,8,CISD,2.5,2.0,0.3,0.15,0.5,476,1.515923566878981,34.93150684931507,97.5,0.20483193277310924,1.3421052631578947,18.5,15,1.57881251893999,0.8898102889752874,False,False
LAST_OPPOSING,3,FIB_705,3.0,2.0,0.0,0.15,0.5,397,1.2643312101910829,30.126582278481013,81.0,0.2040302267002519,1.2934782608695652,22.0,11,2.0895277844783844,1.1393519280443245,False,False
LAST_OPPOSING,5,FIB_618,2.5,2.0,0.3,0.05,0.5,380,1.2101910828025477,34.49197860962567,77.5,0.20394736842105263,1.316326530612245,12.5,11,1.7712064649327504,1.007892950839163,False,False
EXTREME_OPEN,5,CISD,2.5,2.0,0.4,0.0,0.5,364,1.1592356687898089,34.93975903614458,74.0,0.2032967032967033,1.3425925925925926,15.0,10,1.5650853723047846,0.8849414929981279,False,False
LAST_OPPOSING,5,FIB_618,3.0,2.0,0.0,0.0,0.25,546,1.7388535031847134,30.16759776536313,111.0,0.2032967032967033,1.296,19.0,13,1.9740462671422918,1.0791588699262316,False,False
EXTREME_OPEN,3,FIB_618,3.0,2.0,0.4,0.05,0.25,256,0.8152866242038217,30.158730158730158,52.0,0.203125,1.2954545454545454,18.0,12,2.0265316309758594,1.083842224356291,False,False
LAST_OPPOSING,8,FIB_618,4.0,1.5,0.3,0.15,0.5,755,2.4044585987261144,24.151967435549526,153.0,0.20264900662251656,1.2737030411449015,31.0,29,2.258729180908729,1.147605187565879,False,False
LAST_OPPOSING,8,FIB_618,4.0,1.5,0.3,0.0,0.5,806,2.56687898089172,24.1423125794155,163.0,0.2022332506203474,1.273031825795645,33.0,29,2.261275167913823,1.1538365779884239,False,False
EXTREME_OPEN,5,CISD,2.5,2.0,0.3,0.05,0.5,480,1.5286624203821657,34.841628959276015,97.0,0.20208333333333334,1.3368055555555556,18.5,15,1.5810445963912798,0.8953667989909762,False,False
LAST_OPPOSING,5,FIB_705,3.0,2.0,0.0,0.0,0.5,485,1.5445859872611465,30.08298755186722,98.0,0.2020618556701031,1.2908011869436202,28.0,13,2.062246216396398,1.138054047672706,False,False
EXTREME_OPEN,8,CISD,3.0,2.0,0.3,0.05,0.25,491,1.5636942675159236,30.612244897959183,99.0,0.20162932790224034,1.3235294117647058,25.0,15,1.7038981842841612,0.9257031600744152,False,False
LAST_OPPOSING,8,FIB_786,4.0,2.0,0.0,0.05,0.5,438,1.394904458598726,24.02745995423341,88.0,0.2009132420091324,1.2650602409638554,23.0,22,2.4300532944132276,1.339107332058441,False,False
LAST_OPPOSING,5,FIB_618,2.5,2.0,0.3,0.0,0.5,381,1.213375796178344,34.4,76.5,0.20078740157480315,1.3109756097560976,12.5,11,1.7714164517344495,1.0098379449916064,False,False
EXTREME_OPEN,8,FIB_618,4.0,1.5,0.3,0.0,0.5,797,2.538216560509554,24.102564102564102,160.0,0.20075282308657466,1.2702702702702702,25.0,20,2.2881822922064035,1.1682658495515765,False,False
EXTREME_OPEN,5,FIB_705,4.0,1.5,0.3,0.05,0.5,693,2.2070063694267517,24.02315484804631,139.0,0.20057720057720058,1.2647619047619048,25.0,25,2.388169528305193,1.2621706166059081,False,False
EXTREME_OPEN,3,FIB_705,4.0,2.0,0.0,0.15,0.25,385,1.2261146496815287,24.02088772845953,77.0,0.2,1.2646048109965635,20.0,19,2.4105079268854057,1.252612409808057,False,False
LAST_OPPOSING,5,FIB_618,3.0,2.0,0.0,0.05,0.25,541,1.7229299363057324,30.075187969924812,108.0,0.19963031423290203,1.2903225806451613,19.0,13,1.969016185424197,1.0790194464237277,False,False
EXTREME_OPEN,3,CISD,3.0,2.0,0.3,0.05,0.5,451,1.4363057324840764,30.541871921182267,90.0,0.19955654101995565,1.3191489361702127,26.0,15,1.7129942879970645,0.9243045103784396,False,False
EXTREME_OPEN,5,FIB_705,4.0,2.0,0.0,0.15,0.25,406,1.2929936305732483,24.00990099009901,81.0,0.19950738916256158,1.263843648208469,18.0,14,2.401620726664187,1.253721246378665,False,False
LAST_OPPOSING,5,FIB_618,3.0,2.0,0.0,0.15,0.5,508,1.6178343949044587,30.060120240480963,101.0,0.19881889763779528,1.2893982808022924,21.0,16,1.954365242890361,1.0610145284484793,False,False
LAST_OPPOSING,5,FIB_705,4.0,2.0,0.0,0.0,0.25,483,1.5382165605095541,24.008350730688935,96.0,0.19875776397515527,1.2637362637362637,27.0,13,2.336593504580389,1.2233656538860995,False,False
EXTREME_OPEN,3,FIB_618,3.0,2.0,0.4,0.0,0.25,257,0.8184713375796179,30.039525691699602,51.0,0.19844357976653695,1.2881355932203389,19.0,12,2.020723112300032,1.0846349654565255,False,False
EXTREME_OPEN,3,FIB_705,4.0,2.0,0.4,0.05,0.25,222,0.7070063694267515,23.981900452488688,44.0,0.1981981981981982,1.2619047619047619,13.0,12,2.429706939622214,1.2524614916248777,False,False
LAST_OPPOSING,3,FIB_705,3.0,2.0,0.0,0.05,0.5,429,1.3662420382165605,29.97658079625293,85.0,0.19813519813519814,1.2842809364548495,20.0,11,2.0829175189869997,1.1479923915302994,False,False
EXTREME_OPEN,8,CISD,3.0,2.0,0.3,0.15,0.5,475,1.5127388535031847,30.51643192488263,94.0,0.19789473684210526,1.3175675675675675,25.0,15,1.7027152205506153,0.9213893147350487,False,False
EXTREME_OPEN,3,CISD,2.5,2.0,0.3,0.0,0.5,455,1.4490445859872612,34.679334916864605,90.0,0.1978021978021978,1.3272727272727274,19.5,15,1.574840974224156,0.9012569705211966,False,False
EXTREME_OPEN,8,FIB_618,4.0,1.5,0.3,0.15,0.5,740,2.356687898089172,24.03314917127072,146.0,0.1972972972972973,1.2654545454545454,25.0,19,2.288086312612163,1.162600420775889,False,False
LAST_OPPOSING,5,CISD,4.0,2.0,0.4,0.15,0.25,360,1.1464968152866242,24.59546925566343,71.0,0.19722222222222222,1.3047210300429184,15.0,15,2.007856436574792,0.9608438425764897,False,False
EXTREME_OPEN,5,CISD,3.0,2.0,0.3,0.0,0.25,482,1.535031847133758,30.484988452655887,95.0,0.1970954356846473,1.3156146179401993,23.0,15,1.7093669889919196,0.9299007769084442,False,False
EXTREME_OPEN,8,CISD,4.0,2.0,0.0,0.0,0.25,693,2.2070063694267517,24.61799660441426,136.0,0.19624819624819625,1.3063063063063063,37.0,25,2.0283075195125853,0.9628584143122425,False,False
EXTREME_OPEN,8,CISD,2.5,2.0,0.4,0.0,0.5,372,1.1847133757961783,34.705882352941174,73.0,0.19623655913978494,1.3288288288288288,16.0,10,1.5593982750726703,0.8857872456589666,False,False
EXTREME_OPEN,8,CISD,2.5,2.0,0.3,0.05,0.25,492,1.5668789808917198,34.65783664459161,96.5,0.19613821138211382,1.3260135135135136,20.5,15,1.577030522043878,0.8975349928117795,False,False
LAST_OPPOSING,5,FIB_618,3.0,2.0,0.0,0.0,0.5,546,1.7388535031847134,29.981378026070765,107.0,0.19597069597069597,1.2845744680851063,19.0,13,1.9543092870840955,1.0694618635661135,False,False
LAST_OPPOSING,5,FIB_705,3.0,2.0,0.0,0.05,0.5,481,1.5318471337579618,29.916317991631797,94.0,0.19542619542619544,1.2805970149253731,28.0,13,2.0535244588569346,1.1385456211553555,False,False
LAST_OPPOSING,8,FIB_618,2.5,2.0,0.3,0.15,0.25,374,1.1910828025477707,34.23913043478261,73.0,0.19518716577540107,1.3016528925619835,11.5,10,1.7803964900787952,1.0246102469451606,False,False
EXTREME_OPEN,5,CISD,2.5,2.0,0.3,0.0,0.25,483,1.5382165605095541,34.60674157303371,94.0,0.19461697722567287,1.3230240549828178,18.5,15,1.5814019610414274,0.9016811926481499,False,False
LAST_OPPOSING,5,FIB_705,3.0,2.0,0.0,0.15,0.5,448,1.4267515923566878,29.8876404494382,87.0,0.19419642857142858,1.2788461538461537,29.0,13,2.0545605919129897,1.1311544588687479,False,False
LAST_OPPOSING,5,FIB_705,4.0,1.5,0.3,0.05,0.5,691,2.200636942675159,23.9067055393586,134.0,0.1939218523878437,1.2567049808429118,26.0,18,2.3642546824652926,1.2423430187254716,False,False
LAST_OPPOSING,3,CISD,4.0,2.0,0.4,0.15,0.25,332,1.0573248407643312,24.475524475524477,64.0,0.1927710843373494,1.2962962962962963,14.0,14,2.02867625058973,0.9671950840553675,False,False
EXTREME_OPEN,5,FIB_705,4.0,1.5,0.3,0.0,0.5,702,2.2356687898089174,23.857142857142858,135.0,0.19230769230769232,1.25328330206379,25.0,25,2.3835067204991462,1.2656766392710235,False,False
LAST_OPPOSING,5,FIB_618,3.0,2.0,0.0,0.05,0.5,541,1.7229299363057324,29.887218045112785,104.0,0.1922365988909427,1.2788203753351206,19.0,13,1.9493625270881025,1.0693537397363315,False,False
EXTREME_OPEN,3,CISD,3.0,2.0,0.4,0.0,0.25,344,1.0955414012738853,30.392156862745097,66.0,0.19186046511627908,1.3098591549295775,18.0,10,1.7224821751416566,0.9230607880133052,False,False
EXTREME_OPEN,8,FIB_705,4.0,2.0,0.0,0.15,0.25,417,1.3280254777070064,23.85542168674699,80.0,0.19184652278177458,1.2531645569620253,19.0,15,2.3809963998126165,1.2554913440869808,False,False
LAST_OPPOSING,5,FIB_618,3.0,2.0,0.4,0.0,0.25,277,0.8821656050955414,29.88929889298893,53.0,0.19133574007220217,1.2789473684210526,16.0,13,2.0079624737105717,1.0627659732622605,False,False
LAST_OPPOSING,5,FIB_618,3.0,2.0,0.4,0.05,0.25,277,0.8821656050955414,29.88929889298893,53.0,0.19133574007220217,1.2789473684210526,16.0,13,2.0079624737105717,1.0627659732622605,False,False
EXTREME_OPEN,5,CISD,3.0,2.0,0.4,0.05,0.25,361,1.1496815286624205,30.407523510971785,69.0,0.19113573407202217,1.3108108108108107,19.0,10,1.724072393065544,0.9179006076011657,False,False
LAST_OPPOSING,3,FIB_618,3.0,2.0,0.0,0.15,0.25,453,1.4426751592356688,29.82062780269058,86.0,0.18984547461368653,1.2747603833865815,20.0,15,1.9969396065892504,1.0832149567567497,False,False
EXTREME_OPEN,5,FIB_705,4.0,2.0,0.4,0.05,0.25,232,0.7388535031847133,23.809523809523807,44.0,0.1896551724137931,1.25,12.0,12,2.433396969430261,1.2528651957945902,False,False
EXTREME_OPEN,8,CISD,2.5,2.0,0.3,0.05,0.5,492,1.5668789808917198,34.437086092715234,93.0,0.18902439024390244,1.3131313131313131,20.5,15,1.5665935637456947,0.8962021489701301,False,False
LAST_OPPOSING,8,FIB_618,2.5,2.0,0.3,0.05,0.25,388,1.2356687898089171,34.031413612565444,73.0,0.18814432989690721,1.2896825396825398,13.5,11,1.7757586707392856,1.0284639373189512,False,False
EXTREME_OPEN,5,CISD,3.0,2.0,0.4,0.15,0.5,351,1.1178343949044587,30.32258064516129,66.0,0.18803418803418803,1.3055555555555556,17.0,10,1.7185028608763717,0.9128443568433943,False,False
EXTREME_OPEN,5,FIB_618,3.0,2.0,0.4,0.05,0.25,266,0.8471337579617835,29.770992366412212,50.0,0.18796992481203006,1.2717391304347827,18.0,12,2.0214567034392754,1.0883583798686476,False,False
EXTREME_OPEN,5,CISD,3.0,2.0,0.3,0.05,0.5,479,1.5254777070063694,30.23255813953488,90.0,0.18789144050104384,1.3,27.0,15,1.7040048849938303,0.9275540893492408,False,False
LAST_OPPOSING,5,FIB_705,4.0,2.0,0.0,0.05,0.25,479,1.5254777070063694,23.789473684210527,90.0,0.18789144050104384,1.2486187845303867,27.0,13,2.325877363625172,1.2244231121617766,False,False
LAST_OPPOSING,8,FIB_705,3.0,2.0,0.0,0.0,0.5,501,1.5955414012738853,29.71887550200803,94.0,0.18762475049900199,1.2685714285714285,31.0,13,2.0488041458005783,1.1447850770994907,False,False
EXTREME_OPEN,3,FIB_618,3.0,2.0,0.4,0.05,0.5,256,0.8152866242038217,29.761904761904763,48.0,0.1875,1.271186440677966,18.0,12,2.004143790846276,1.080433995001586,False,False
EXTREME_OPEN,3,FIB_705,4.0,2.0,0.4,0.0,0.25,224,0.7133757961783439,23.766816143497756,42.0,0.1875,1.2470588235294118,13.0,12,2.4171469059461077,1.256074025851295,False,False
LAST_OPPOSING,5,FIB_705,4.0,1.5,0.3,0.0,0.5,699,2.2261146496815285,23.77521613832853,131.0,0.18741058655221746,1.2476370510396975,26.0,18,2.362508600988881,1.245261448765574,False,False
EXTREME_OPEN,5,CISD,2.5,2.0,0.3,0.0,0.5,483,1.5382165605095541,34.38202247191011,90.5,0.1873706004140787,1.3099315068493151,18.5,15,1.5709346459587619,0.9004425633737401,False,False
EXTREME_OPEN,3,CISD,3.0,2.0,0.4,0.05,0.5,342,1.089171974522293,30.263157894736842,64.0,0.1871345029239766,1.3018867924528301,18.0,10,1.7195993522820363,0.9183969962138566,False,False
EXTREME_OPEN,3,FIB_705,4.0,1.5,0.3,0.05,0.5,663,2.111464968152866,23.751891074130103,124.0,0.1870286576168929,1.246031746031746,25.0,25,2.3883935149639783,1.2687738354311824,False,False
EXTREME_OPEN,8,CISD,3.0,2.0,0.4,0.05,0.25,369,1.1751592356687899,30.275229357798167,69.0,0.18699186991869918,1.3026315789473684,20.0,10,1.716793171206567,0.918917640086565,False,False
EXTREME_OPEN,3,FIB_618,3.0,2.0,0.4,0.15,0.25,246,0.7834394904458599,29.75206611570248,46.0,0.18699186991869918,1.2705882352941176,18.0,12,2.033794329313519,1.0884388152882785,False,False
EXTREME_OPEN,8,FIB_705,4.0,1.5,0.3,0.05,0.5,701,2.232484076433121,23.74821173104435,131.0,0.18687589158345222,1.2457786116322702,26.0,25,2.3733778537393504,1.2655777632863503,False,False
EXTREME_OPEN,8,CISD,4.0,2.0,0.0,0.05,0.5,681,2.1687898089171975,24.39446366782007,127.0,0.18649045521292218,1.2906178489702518,37.0,25,2.0255276357535354,0.957721207632598,False,False
EXTREME_OPEN,8,CISD,3.0,2.0,0.3,0.0,0.25,494,1.5732484076433122,30.180180180180184,92.0,0.1862348178137652,1.2967741935483872,25.0,15,1.693293409490551,0.9305909242563202,False,False
LAST_OPPOSING,8,FIB_618,2.5,2.0,0.3,0.15,0.5,374,1.1910828025477707,33.96739130434783,69.5,0.1858288770053476,1.286008230452675,11.5,10,1.7591530159667883,1.0126482106749728,False,False
LAST_OPPOSING,8,FIB_618,3.0,2.0,0.0,0.15,0.25,524,1.6687898089171975,29.708737864077673,97.0,0.1851145038167939,1.2679558011049723,24.0,18,1.9562149789640966,1.0789203826115512,False,False
LAST_OPPOSING,8,FIB_618,2.5,2.0,0.3,0.0,0.25,389,1.2388535031847134,33.94255874673629,72.0,0.18508997429305912,1.284584980237154,13.5,11,1.7760159974555882,1.030375910062634,False,False
LAST_OPPOSING,3,FIB_705,3.0,2.0,0.3,0.15,0.25,292,0.9299363057324841,29.655172413793103,54.0,0.18493150684931506,1.2647058823529411,15.0,14,2.101762540397012,1.1581554926895576,False,False
EXTREME_OPEN,8,CISD,3.0,2.0,0.4,0.15,0.5,359,1.143312101910828,30.18867924528302,66.0,0.18384401114206128,1.2972972972972974,18.0,11,1.7110031698356658,0.9137432136569784,False,False
LAST_OPPOSING,8,FIB_618,3.0,2.0,0.0,0.0,0.25,562,1.7898089171974523,29.65641952983725,103.0,0.18327402135231316,1.2647814910025708,22.0,14,1.9570527326767324,1.0870354432017424,False,False
EXTREME_OPEN,3,FIB_618,3.0,2.0,0.4,0.0,0.5,257,0.8184713375796179,29.64426877470356,47.0,0.1828793774319066,1.2640449438202248,19.0,12,1.9983273963532833,1.081010852706536,False,False
EXTREME_OPEN,3,CISD,3.0,2.0,0.3,0.0,0.5,454,1.4458598726114649,30.073349633251834,83.0,0.1828193832599119,1.2902097902097902,26.0,15,1.7013666335174973,0.9295132792390399,False,False
LAST_OPPOSING,3,FIB_618,3.0,2.0,0.4,0.0,0.25,258,0.821656050955414,29.64426877470356,47.0,0.1821705426356589,1.2640449438202248,15.0,12,2.0239821725714013,1.0685611213291368,False,False
LAST_OPPOSING,3,FIB_618,3.0,2.0,0.4,0.05,0.25,258,0.821656050955414,29.64426877470356,47.0,0.1821705426356589,1.2640449438202248,15.0,12,2.0239821725714013,1.0685611213291368,False,False
EXTREME_OPEN,8,CISD,2.5,2.0,0.3,0.0,0.25,495,1.5764331210191083,34.21052631578947,90.0,0.18181818181818182,1.3,20.5,15,1.5672160659603984,0.9025835988878379,False,False
LAST_OPPOSING,3,FIB_618,3.0,2.0,0.0,0.0,0.25,490,1.5605095541401275,29.606625258799173,89.0,0.1816326530612245,1.261764705882353,19.0,12,1.9926401226247894,1.0941958784564558,False,False
EXTREME_OPEN,3,FIB_618,3.0,2.0,0.3,0.05,0.25,347,1.105095541401274,29.61876832844575,63.0,0.18155619596541786,1.2625,17.0,11,2.0222856223131576,1.0925427292652734,False,False
LAST_OPPOSING,8,FIB_705,3.0,2.0,0.0,0.05,0.5,497,1.5828025477707006,29.554655870445345,90.0,0.18108651911468812,1.2586206896551724,31.0,13,2.0402549835090986,1.1453149985539406,False,False
LAST_OPPOSING,3,FIB_618,3.0,2.0,0.0,0.15,0.5,453,1.4426751592356688,29.596412556053814,82.0,0.18101545253863136,1.2611464968152866,20.0,15,1.9719239953999201,1.0735789581337363,False,False
LAST_OPPOSING,8,FIB_705,4.0,2.0,0.0,0.0,0.25,499,1.589171974522293,23.636363636363637,90.0,0.18036072144288579,1.2380952380952381,30.0,14,2.320761434230857,1.230532868393731,False,False
EXTREME_OPEN,5,FIB_705,4.0,1.5,0.3,0.15,0.5,650,2.070063694267516,23.61111111111111,117.0,0.18,1.2363636363636363,24.0,20,2.3743511215094624,1.2608977495384246,False,False
LAST_OPPOSING,8,FIB_618,3.0,2.0,0.0,0.05,0.25,557,1.7738853503184713,29.56204379562044,100.0,0.17953321364452424,1.2590673575129534,22.0,14,1.952014596443667,1.0869707300087854,False,False
EXTREME_OPEN,5,FIB_705,4.0,2.0,0.4,0.0,0.25,234,0.7452229299363057,23.605150214592275,42.0,0.1794871794871795,1.2359550561797752,12.0,12,2.421342150613749,1.2563198977534709,False,False
LAST_OPPOSING,5,FIB_705,4.0,1.5,0.3,0.15,0.5,653,2.0796178343949046,23.61111111111111,117.0,0.17917304747320062,1.2363636363636363,24.0,16,2.3491146613339198,1.239552005721786,False,False
LAST_OPPOSING,8,FIB_618,2.5,2.0,0.3,0.05,0.5,388,1.2356687898089171,33.7696335078534,69.5,0.1791237113402062,1.274703557312253,13.5,11,1.754452252599745,1.0162651894062154,False,False
LAST_OPPOSING,8,FIB_705,3.0,2.0,0.0,0.15,0.5,464,1.4777070063694266,29.50108459869848,83.0,0.1788793103448276,1.2553846153846153,32.0,13,2.040311653600983,1.1386601467215123,False,False
EXTREME_OPEN,8,FIB_705,4.0,1.5,0.3,0.0,0.5,710,2.261146496815287,23.587570621468927,127.0,0.17887323943661973,1.234750462107209,28.0,25,2.368955084712939,1.269001092287459,False,False
LAST_OPPOSING,3,FIB_705,4.0,2.0,0.0,0.0,0.25,431,1.372611464968153,23.598130841121495,77.0,0.17865429234338748,1.235474006116208,19.0,12,2.365064339727479,1.2391435381025817,False,False
LAST_OPPOSING,3,FIB_705,4.0,1.5,0.3,0.05,0.5,644,2.050955414012739,23.59375,115.0,0.17857142857142858,1.2351738241308794,29.0,18,2.3775845121988257,1.2495119382696331,False,False
EXTREME_OPEN,3,FIB_705,4.0,1.5,0.3,0.0,0.5,672,2.140127388535032,23.582089552238806,120.0,0.17857142857142858,1.234375,27.0,25,2.383519546273839,1.272347940998866,False,False
EXTREME_OPEN,3,FIB_618,3.0,2.0,0.3,0.15,0.25,331,1.0541401273885351,29.53846153846154,59.0,0.1782477341389728,1.25764192139738,15.0,14,2.032063313217355,1.0931370443586728,False,False
LAST_OPPOSING,5,FIB_705,4.0,2.0,0.4,0.0,0.25,236,0.7515923566878981,23.605150214592275,42.0,0.17796610169491525,1.2359550561797752,14.0,13,2.418783798779551,1.2157607035815832,False,False
LAST_OPPOSING,5,FIB_705,4.0,2.0,0.4,0.05,0.25,236,0.7515923566878981,23.605150214592275,42.0,0.17796610169491525,1.2359550561797752,14.0,13,2.418783798779551,1.2157607035815832,False,False
LAST_OPPOSING,3,FIB_705,3.0,2.0,0.3,0.05,0.25,304,0.9681528662420382,29.47019867549669,54.0,0.17763157894736842,1.2535211267605635,17.0,15,2.0931620243765203,1.1611983165030364,False,False
LAST_OPPOSING,8,FIB_618,3.0,2.0,0.0,0.15,0.5,524,1.6687898089171975,29.514563106796114,93.0,0.17748091603053434,1.256198347107438,24.0,18,1.9355895225262687,1.0690181324485035,False,False
LAST_OPPOSING,3,FIB_618,3.0,2.0,0.0,0.05,0.25,485,1.5445859872611465,29.497907949790797,86.0,0.177319587628866,1.2551928783382789,19.0,12,1.9872209371978264,1.0941953772766546,False,False
LAST_OPPOSING,3,FIB_705,4.0,1.5,0.3,0.0,0.5,649,2.06687898089172,23.565891472868216,115.0,0.17719568567026195,1.2332657200811359,30.0,18,2.376572373842811,1.2502991677546347,False,False
EXTREME_OPEN,8,CISD,3.0,2.0,0.3,0.05,0.5,491,1.5636942675159236,29.931972789115648,87.0,0.17718940936863545,1.2815533980582525,29.0,15,1.687844232184151,0.9280755500874307,False,False
LAST_OPPOSING,5,FIB_618,3.0,2.0,0.4,0.0,0.5,277,0.8821656050955414,29.520295202952028,49.0,0.17689530685920576,1.256544502617801,16.0,13,1.9817930001776138,1.0561421963020936,False,False
LAST_OPPOSING,5,FIB_618,3.0,2.0,0.4,0.05,0.5,277,0.8821656050955414,29.520295202952028,49.0,0.17689530685920576,1.256544502617801,16.0,13,1.9817930001776138,1.0561421963020936,False,False
LAST_OPPOSING,8,FIB_618,3.0,2.0,0.0,0.0,0.5,562,1.7898089171974523,29.475587703435806,99.0,0.17615658362989323,1.2538461538461538,22.0,14,1.9368046924615256,1.0766838050859184,False,False
LAST_OPPOSING,8,FIB_618,2.5,2.0,0.3,0.0,0.5,389,1.2388535031847134,33.68146214099217,68.5,0.17609254498714652,1.2696850393700787,13.5,11,1.7547009908613913,1.0181486612147344,False,False
EXTREME_OPEN,3,CISD,4.0,2.0,0.3,0.15,0.25,434,1.3821656050955413,24.010554089709764,76.0,0.17511520737327188,1.2638888888888888,26.0,19,1.9711554951608328,0.9782479465193703,False,False
EXTREME_OPEN,8,CISD,2.5,2.0,0.3,0.0,0.5,495,1.5764331210191083,33.99122807017544,86.5,0.17474747474747473,1.287375415282392,20.5,15,1.5568162850366658,0.9011498017922258,False,False
LAST_OPPOSING,3,FIB_705,3.0,2.0,0.3,0.0,0.25,305,0.9713375796178344,29.372937293729372,53.0,0.1737704918032787,1.2476635514018692,17.0,15,2.0951825689845656,1.1639355356160523,False,False
EXTREME_OPEN,5,CISD,3.0,2.0,0.4,0.0,0.25,363,1.1560509554140128,29.906542056074763,63.0,0.17355371900826447,1.28,21.0,10,1.709894328181934,0.9224884521752862,False,False
LAST_OPPOSING,3,FIB_705,4.0,2.0,0.4,0.0,0.25,219,0.697452229299363,23.502304147465438,38.0,0.1735159817351598,1.2289156626506024,12.0,12,2.436453930235427,1.2227224523477902,False,False
LAST_OPPOSING,3,FIB_705,4.0,2.0,0.4,0.05,0.25,219,0.697452229299363,23.502304147465438,38.0,0.1735159817351598,1.2289156626506024,12.0,12,2.436453930235427,1.2227224523477902,False,False
LAST_OPPOSING,3,FIB_618,3.0,2.0,0.0,0.0,0.5,490,1.5605095541401275,29.39958592132505,85.0,0.17346938775510204,1.249266862170088,19.0,12,1.968163647016509,1.0840072132346261,False,False
EXTREME_OPEN,8,CISD,4.0,2.0,0.0,0.0,0.5,692,2.2038216560509554,24.102564102564102,120.0,0.17341040462427745,1.2702702702702702,37.0,25,2.014602175246148,0.958489204342048,False,False
EXTREME_OPEN,5,FIB_618,3.0,2.0,0.4,0.05,0.5,266,0.8471337579617835,29.389312977099237,46.0,0.17293233082706766,1.2486486486486486,18.0,12,1.999073157045219,1.084001991961741,False,False
EXTREME_OPEN,3,FIB_705,4.0,2.0,0.4,0.15,0.25,214,0.6815286624203821,23.474178403755868,37.0,0.17289719626168223,1.2269938650306749,13.0,13,2.43750136564193,1.2595683547239411,False,False
LAST_OPPOSING,8,FIB_618,3.0,2.0,0.0,0.05,0.5,557,1.7738853503184713,29.37956204379562,96.0,0.17235188509874327,1.248062015503876,22.0,14,1.9318428968942993,1.0766436160656079,False,False
LAST_OPPOSING,5,CISD,4.0,2.0,0.4,0.15,0.5,360,1.1464968152866242,24.025974025974026,62.0,0.17222222222222222,1.264957264957265,15.0,15,2.0026244238192037,0.9552477920394646,False,False
EXTREME_OPEN,5,CISD,3.0,2.0,0.3,0.0,0.5,482,1.535031847133758,29.79214780600462,83.0,0.17219917012448133,1.2730263157894737,27.0,15,1.693108646560814,0.9324400485313988,False,False
EXTREME_OPEN,5,FIB_618,3.0,2.0,0.4,0.15,0.25,256,0.8152866242038217,29.365079365079367,44.0,0.171875,1.247191011235955,18.0,12,2.028237463266222,1.0929518287920557,False,False
LAST_OPPOSING,8,FIB_705,4.0,1.5,0.3,0.05,0.5,704,2.2420382165605095,23.462088698140203,121.0,0.171875,1.2261682242990655,26.0,18,2.3455462488699386,1.248211562682069,False,False
LAST_OPPOSING,5,FIB_618,3.0,2.0,0.4,0.15,0.25,268,0.8535031847133758,29.389312977099237,46.0,0.17164179104477612,1.2486486486486486,16.0,12,2.0088163507981793,1.066480433569617,False,False
LAST_OPPOSING,3,FIB_705,3.0,2.0,0.3,0.15,0.5,292,0.9299363057324841,29.310344827586203,50.0,0.17123287671232876,1.2439024390243902,15.0,14,2.0778606573300777,1.1444631849715354,False,False
LAST_OPPOSING,5,CISD,4.0,2.0,0.4,0.05,0.25,369,1.1751592356687899,23.974763406940063,63.0,0.17073170731707318,1.2614107883817427,16.0,16,1.9966377980474659,0.9689007018166517,False,False
LAST_OPPOSING,8,CISD,4.0,2.0,0.4,0.15,0.25,369,1.1751592356687899,23.974763406940063,63.0,0.17073170731707318,1.2614107883817427,16.0,16,1.9943180350148093,0.9649864197036379,False,False
EXTREME_OPEN,3,FIB_618,3.0,2.0,0.4,0.15,0.5,246,0.7834394904458599,29.338842975206614,42.0,0.17073170731707318,1.2456140350877194,18.0,12,2.011552541502811,1.0854940401471151,False,False
EXTREME_OPEN,8,FIB_618,3.0,2.0,0.4,0.05,0.25,270,0.8598726114649682,29.32330827067669,46.0,0.17037037037037037,1.2446808510638299,18.0,12,2.005465956784323,1.0932812167419435,False,False
EXTREME_OPEN,3,FIB_618,3.0,2.0,0.3,0.05,0.5,347,1.105095541401274,29.32551319648094,59.0,0.17002881844380405,1.2448132780082988,17.0,11,1.9987676791636886,1.0855935101300405,False,False
EXTREME_OPEN,8,CISD,3.0,2.0,0.4,0.0,0.25,371,1.1815286624203822,29.78723404255319,63.0,0.16981132075471697,1.2727272727272727,23.0,10,1.7029600738776383,0.9234010727427235,False,False
LAST_OPPOSING,8,FIB_705,4.0,2.0,0.0,0.05,0.25,495,1.5764331210191083,23.421588594704684,84.0,0.1696969696969697,1.2234042553191489,30.0,14,2.310263737667327,1.2316140630848016,False,False
EXTREME_OPEN,8,FIB_705,4.0,2.0,0.4,0.05,0.25,236,0.7515923566878981,23.404255319148938,40.0,0.1694915254237288,1.2222222222222223,12.0,12,2.417527161421795,1.2577250435392404,False,False
LAST_OPPOSING,3,FIB_618,3.0,2.0,0.0,0.05,0.5,485,1.5445859872611465,29.288702928870293,82.0,0.16907216494845362,1.242603550295858,19.0,12,1.9627885431852303,1.0840365570623185,False,False
EXTREME_OPEN,5,CISD,3.0,2.0,0.4,0.05,0.5,361,1.1496815286624205,29.780564263322884,61.0,0.16897506925207756,1.2723214285714286,19.0,10,1.708095622738882,0.9174033219049327,False,False
EXTREME_OPEN,3,CISD,3.0,2.0,0.4,0.0,0.5,344,1.0955414012738853,29.73856209150327,58.0,0.1686046511627907,1.2697674418604652,18.0,10,1.7046804216112017,0.9231362763479437,False,False
EXTREME_OPEN,5,FIB_618,3.0,2.0,0.4,0.0,0.25,267,0.8503184713375797,29.277566539923956,45.0,0.16853932584269662,1.2419354838709677,19.0,12,2.0026785196416546,1.0953217268084083,False,False
LAST_OPPOSING,5,CISD,4.0,2.0,0.4,0.0,0.25,370,1.178343949044586,23.89937106918239,62.0,0.16756756756756758,1.256198347107438,16.0,16,1.9943975389594564,0.969350926598141,False,False
LAST_OPPOSING,3,CISD,4.0,2.0,0.3,0.15,0.25,436,1.3885350318471337,23.82198952879581,73.0,0.16743119266055045,1.2508591065292096,20.0,15,2.035242604028644,0.9779954910377081,False,False
LAST_OPPOSING,3,FIB_618,3.0,2.0,0.4,0.0,0.5,258,0.821656050955414,29.249011857707508,43.0,0.16666666666666666,1.2402234636871508,15.0,12,1.9983476435088876,1.062730163632286,False,False
LAST_OPPOSING,3,FIB_618,3.0,2.0,0.4,0.05,0.5,258,0.821656050955414,29.249011857707508,43.0,0.16666666666666666,1.2402234636871508,15.0,12,1.9983476435088876,1.062730163632286,False,False
LAST_OPPOSING,3,FIB_705,4.0,2.0,0.0,0.05,0.25,427,1.3598726114649682,23.349056603773587,71.0,0.16627634660421545,1.2184615384615385,19.0,12,2.3533098943481794,1.2404775756925477,False,False
EXTREME_OPEN,3,FIB_618,3.0,2.0,0.3,0.15,0.5,331,1.0541401273885351,29.230769230769234,55.0,0.1661631419939577,1.2391304347826086,15.0,14,2.008532445140252,1.0865762696373347,False,False
LAST_OPPOSING,8,FIB_705,4.0,1.5,0.3,0.0,0.5,712,2.267515923566879,23.33804809052334,118.0,0.16573033707865167,1.2177121771217712,26.0,18,2.34404225521369,1.2510107680842864,False,False
LAST_OPPOSING,3,CISD,4.0,2.0,0.4,0.15,0.5,332,1.0573248407643312,23.859649122807017,55.0,0.16566265060240964,1.2534562211981566,14.0,14,2.0226185238410994,0.9621186865559089,False,False
EXTREME_OPEN,8,FIB_705,4.0,1.5,0.3,0.15,0.5,658,2.0955414012738856,23.323170731707318,109.0,0.1656534954407295,1.216699801192843,27.0,20,2.3587608227005115,1.26454302728847,False,False
EXTREME_OPEN,8,CISD,3.0,2.0,0.4,0.05,0.5,369,1.1751592356687899,29.66360856269113,61.0,0.16531165311653118,1.2652173913043478,20.0,11,1.7010248065369482,0.9181789801043484,False,False
EXTREME_OPEN,5,FIB_618,4.0,2.0,0.0,0.15,0.25,460,1.464968152866242,23.385300668151448,76.0,0.16521739130434782,1.2209302325581395,18.0,18,2.2724908352044513,1.1693899942429546,False,False
EXTREME_OPEN,5,FIB_705,4.0,2.0,0.4,0.15,0.25,224,0.7133757961783439,23.318385650224215,37.0,0.16517857142857142,1.2163742690058479,11.0,11,2.4409752167815273,1.2596692062256492,False,False
LAST_OPPOSING,3,FIB_705,3.0,2.0,0.3,0.05,0.5,304,0.9681528662420382,29.13907284768212,50.0,0.16447368421052633,1.233644859813084,17.0,15,2.069165909892083,1.1469891926519267,False,False
LAST_OPPOSING,3,CISD,4.0,2.0,0.4,0.05,0.25,341,1.085987261146497,23.809523809523807,56.0,0.16422287390029325,1.25,15.0,15,2.0159869369747216,0.9757458755108217,False,False
EXTREME_OPEN,3,FIB_618,3.0,2.0,0.3,0.0,0.25,349,1.1114649681528663,29.154518950437318,57.0,0.16332378223495703,1.2345679012345678,17.0,11,2.0074975682966225,1.099805502585806,False,False
LAST_OPPOSING,5,CISD,4.0,2.0,0.3,0.15,0.25,478,1.5222929936305734,23.741007194244602,78.0,0.16317991631799164,1.2452830188679245,17.0,15,2.0113180226952507,0.9775514856862281,False,False
EXTREME_OPEN,3,FIB_705,4.0,1.5,0.3,0.15,0.5,621,1.9777070063694266,23.263327948303715,101.0,0.16264090177133655,1.2126315789473685,26.0,20,2.371012023451315,1.2682080229887969,False,False
EXTREME_OPEN,5,FIB_618,3.0,2.0,0.3,0.05,0.25,363,1.1560509554140128,29.13165266106443,59.0,0.162534435261708,1.233201581027668,15.0,11,2.0153784075942673,1.1027699862206224,False,False
LAST_OPPOSING,8,FIB_618,3.0,2.0,0.4,0.0,0.25,284,0.9044585987261147,29.136690647482016,46.0,0.1619718309859155,1.233502538071066,17.0,14,1.9822920369544605,1.0685735451829006,False,False
LAST_OPPOSING,8,FIB_618,3.0,2.0,0.4,0.05,0.25,284,0.9044585987261147,29.136690647482016,46.0,0.1619718309859155,1.233502538071066,17.0,14,1.9822920369544605,1.0685735451829006,False,False
EXTREME_OPEN,8,CISD,3.0,2.0,0.3,0.0,0.5,494,1.5732484076433122,29.504504504504503,80.0,0.16194331983805668,1.255591054313099,29.0,15,1.6773108213212262,0.9328396552363893,False,False
LAST_OPPOSING,5,FIB_705,4.0,2.0,0.0,0.15,0.25,447,1.4235668789808917,23.25056433408578,72.0,0.1610738255033557,1.2117647058823529,32.0,16,2.322291163489968,1.22139570911012,False,False
LAST_OPPOSING,3,CISD,4.0,2.0,0.4,0.0,0.25,342,1.089171974522293,23.728813559322035,55.0,0.1608187134502924,1.2444444444444445,15.0,15,2.0135066884323507,0.9762129456729765,False,False
LAST_OPPOSING,3,FIB_705,3.0,2.0,0.3,0.0,0.5,305,0.9713375796178344,29.042904290429046,49.0,0.16065573770491803,1.2279069767441861,17.0,15,2.0711151493480027,1.1496625073002538,False,False
LAST_OPPOSING,3,FIB_618,3.0,2.0,0.4,0.15,0.25,249,0.7929936305732485,29.098360655737704,40.0,0.1606425702811245,1.23121387283237,14.0,11,2.0254802301988164,1.0727684775338495,False,False
LAST_OPPOSING,3,FIB_705,4.0,1.5,0.3,0.15,0.5,607,1.9331210191082802,23.217247097844112,97.0,0.15980230642504117,1.2095032397408207,28.0,16,2.3591484915981433,1.24730634519894,False,False
EXTREME_OPEN,8,FIB_705,4.0,2.0,0.4,0.0,0.25,238,0.7579617834394905,23.20675105485232,38.0,0.15966386554621848,1.2087912087912087,12.0,12,2.4058083043333633,1.261080844223647,False,False
EXTREME_OPEN,5,FIB_618,3.0,2.0,0.3,0.15,0.25,347,1.105095541401274,29.03225806451613,55.0,0.1585014409221902,1.2272727272727273,15.0,13,2.024386765674346,1.1038084715439673,False,False
EXTREME_OPEN,3,FIB_618,4.0,2.0,0.0,0.15,0.25,436,1.3885350318471337,23.239436619718308,69.0,0.15825688073394495,1.2110091743119267,18.0,18,2.279828257814746,1.1718007446059153,False,False
EXTREME_OPEN,3,FIB_618,4.0,2.0,0.0,0.15,0.5,436,1.3885350318471337,23.239436619718308,69.0,0.15825688073394495,1.2110091743119267,18.0,18,2.2497995806984914,1.1588908623168839,False,False
EXTREME_OPEN,5,FIB_705,4.0,2.0,0.0,0.0,0.5,451,1.4363057324840764,23.16258351893096,71.0,0.1574279379157428,1.2057971014492754,17.0,11,2.3894947528173605,1.2536681027544396,False,False
LAST_OPPOSING,5,FIB_618,3.0,2.0,0.4,0.15,0.5,268,0.8535031847133758,29.00763358778626,42.0,0.15671641791044777,1.2258064516129032,16.0,12,1.9826840461982709,1.0600911457897955,False,False
EXTREME_OPEN,5,FIB_618,3.0,2.0,0.4,0.15,0.5,256,0.8152866242038217,28.968253968253972,40.0,0.15625,1.223463687150838,18.0,12,2.0059944317463785,1.0890037539750292,False,False
LAST_OPPOSING,8,FIB_705,4.0,1.5,0.3,0.15,0.5,666,2.121019108280255,23.14674735249622,104.0,0.15615615615615616,1.204724409448819,25.0,16,2.329634305513468,1.2458098707585614,False,False
EXTREME_OPEN,3,FIB_705,4.0,2.0,0.0,0.0,0.5,430,1.3694267515923566,23.130841121495326,67.0,0.1558139534883721,1.203647416413374,17.0,11,2.3977900126714196,1.2544255340099943,False,False
LAST_OPPOSING,5,FIB_705,3.0,2.0,0.3,0.15,0.25,321,1.0222929936305734,28.930817610062892,50.0,0.1557632398753894,1.2212389380530972,17.0,15,2.065106945412891,1.1640296009597126,False,False
EXTREME_OPEN,8,FIB_618,3.0,2.0,0.4,0.05,0.5,270,0.8598726114649682,28.947368421052634,42.0,0.15555555555555556,1.2222222222222223,18.0,12,1.9831086428965237,1.0884273096075734,False,False
EXTREME_OPEN,5,FIB_618,4.0,2.0,0.0,0.15,0.5,460,1.464968152866242,23.16258351893096,71.0,0.15434782608695652,1.2057971014492754,20.0,18,2.242607839561868,1.1591457643580814,False,False
EXTREME_OPEN,8,FIB_618,4.0,2.0,0.0,0.15,0.25,473,1.5063694267515924,23.160173160173162,73.0,0.1543340380549683,1.2056338028169014,20.0,20,2.2576169416924325,1.1714840262901611,False,False
EXTREME_OPEN,8,FIB_618,3.0,2.0,0.4,0.15,0.25,260,0.8280254777070064,28.90625,40.0,0.15384615384615385,1.2197802197802199,18.0,12,2.011527368511818,1.0979933371001185,False,False
EXTREME_OPEN,5,FIB_618,3.0,2.0,0.4,0.0,0.5,267,0.8503184713375797,28.89733840304182,41.0,0.15355805243445692,1.2192513368983957,19.0,12,1.980363316219811,1.0907308738262493,False,False
EXTREME_OPEN,5,CISD,4.0,2.0,0.3,0.15,0.25,460,1.464968152866242,23.5,70.0,0.15217391304347827,1.2287581699346406,26.0,19,1.9633610154653243,0.9823816950224226,False,False
EXTREME_OPEN,3,FIB_618,3.0,2.0,0.3,0.0,0.5,349,1.1114649681528663,28.86297376093295,53.0,0.1518624641833811,1.2172131147540983,17.0,11,1.9840319248218956,1.092637527758824,False,False
EXTREME_OPEN,5,CISD,3.0,2.0,0.4,0.0,0.5,363,1.1560509554140128,29.283489096573206,55.0,0.15151515151515152,1.2422907488986785,21.0,10,1.6940209541667586,0.9219000153339791,False,False
EXTREME_OPEN,5,FIB_618,3.0,2.0,0.3,0.05,0.5,363,1.1560509554140128,28.851540616246496,55.0,0.15151515151515152,1.2165354330708662,15.0,11,1.9935631455321094,1.0948399259558514,False,False
EXTREME_OPEN,8,FIB_705,4.0,2.0,0.0,0.0,0.5,462,1.4713375796178343,23.043478260869566,70.0,0.15151515151515152,1.1977401129943503,18.0,11,2.3702155572124597,1.254499327844304,False,False
EXTREME_OPEN,8,FIB_618,3.0,2.0,0.4,0.0,0.25,271,0.8630573248407644,28.83895131086142,41.0,0.15129151291512916,1.2157894736842105,19.0,12,1.987023948196464,1.1001236182033562,False,False
EXTREME_OPEN,5,FIB_705,4.0,2.0,0.0,0.05,0.5,445,1.4171974522292994,23.024830699774267,67.0,0.15056179775280898,1.1964809384164223,17.0,11,2.3851773039954574,1.2536304627038986,False,False
LAST_OPPOSING,5,FIB_705,3.0,2.0,0.3,0.05,0.25,333,1.0605095541401275,28.78787878787879,50.0,0.15015015015015015,1.2127659574468086,19.0,16,2.0585763456218396,1.1665957545334533,False,False
LAST_OPPOSING,8,FIB_705,4.0,2.0,0.4,0.0,0.25,242,0.7707006369426752,23.01255230125523,36.0,0.1487603305785124,1.1956521739130435,16.0,13,2.395552463410583,1.2198389605261806,False,False
LAST_OPPOSING,8,FIB_705,4.0,2.0,0.4,0.05,0.25,242,0.7707006369426752,23.01255230125523,36.0,0.1487603305785124,1.1956521739130435,16.0,13,2.395552463410583,1.2198389605261806,False,False
EXTREME_OPEN,3,FIB_705,4.0,2.0,0.0,0.05,0.5,424,1.3503184713375795,22.985781990521325,63.0,0.14858490566037735,1.1938461538461538,17.0,11,2.3933761136935363,1.254396748078491,False,False
LAST_OPPOSING,5,FIB_705,4.0,2.0,0.4,0.15,0.25,229,0.7292993630573248,23.008849557522122,34.0,0.14847161572052403,1.1954022988505748,18.0,12,2.4173566077546296,1.2209541787536373,False,False
EXTREME_OPEN,8,CISD,3.0,2.0,0.4,0.0,0.5,371,1.1815286624203822,29.17933130699088,55.0,0.14824797843665768,1.2360515021459229,23.0,11,1.687291752468817,0.922574528347866,False,False
LAST_OPPOSING,8,FIB_618,3.0,2.0,0.4,0.0,0.5,284,0.9044585987261147,28.776978417266186,42.0,0.14788732394366197,1.2121212121212122,17.0,14,1.9563100557176125,1.0614064251924387,False,False
LAST_OPPOSING,8,FIB_618,3.0,2.0,0.4,0.05,0.5,284,0.9044585987261147,28.776978417266186,42.0,0.14788732394366197,1.2121212121212122,17.0,14,1.9563100557176125,1.0614064251924387,False,False
LAST_OPPOSING,3,CISD,4.0,2.0,0.3,0.05,0.25,449,1.429936305732484,23.3502538071066,66.0,0.14699331848552338,1.218543046357616,21.0,15,2.0231702625024313,0.9848561154165792,False,False
EXTREME_OPEN,5,FIB_618,3.0,2.0,0.3,0.15,0.5,347,1.105095541401274,28.739002932551323,51.0,0.14697406340057637,1.2098765432098766,15.0,13,2.0026376844374036,1.0962037186075155,False,False
LAST_OPPOSING,5,FIB_705,3.0,2.0,0.3,0.0,0.25,334,1.0636942675159236,28.700906344410875,49.0,0.1467065868263473,1.2076271186440677,19.0,16,2.060525003658392,1.1690791509150087,False,False
EXTREME_OPEN,3,CISD,4.0,2.0,0.3,0.05,0.25,450,1.4331210191082802,23.3502538071066,66.0,0.14666666666666667,1.218543046357616,28.0,20,1.9494309392384876,0.9879308790013122,False,False
EXTREME_OPEN,3,FIB_705,4.0,2.0,0.3,0.05,0.25,307,0.9777070063694268,22.950819672131146,45.0,0.1465798045602606,1.1914893617021276,16.0,16,2.3872084873180563,1.260446290570352,False,False
LAST_OPPOSING,5,CISD,4.0,2.0,0.4,0.05,0.5,369,1.1751592356687899,23.417721518987342,54.0,0.14634146341463414,1.2231404958677685,16.0,16,1.9911504806408482,0.9631362281119643,False,False
LAST_OPPOSING,8,CISD,4.0,2.0,0.4,0.15,0.5,369,1.1751592356687899,23.417721518987342,54.0,0.14634146341463414,1.2231404958677685,16.0,16,1.9885896247614092,0.9590799044834046,False,False
LAST_OPPOSING,8,CISD,4.0,2.0,0.4,0.05,0.25,378,1.2038216560509554,23.384615384615383,55.0,0.1455026455026455,1.2208835341365463,17.0,17,1.9836888498228955,0.9727528161731496,False,False
EXTREME_OPEN,5,FIB_618,3.0,2.0,0.3,0.0,0.25,365,1.1624203821656052,28.690807799442897,53.0,0.14520547945205478,1.20703125,16.0,11,2.0012764447933553,1.1096583516314582,False,False
EXTREME_OPEN,3,CISD,4.0,2.0,0.3,0.15,0.5,434,1.3821656050955413,23.342175066312997,63.0,0.14516129032258066,1.217993079584775,26.0,20,1.9614307419567438,0.9783662691296346,False,False
EXTREME_OPEN,8,FIB_705,4.0,2.0,0.0,0.05,0.5,456,1.4522292993630572,22.90748898678414,66.0,0.14473684210526316,1.1885714285714286,18.0,11,2.365748583748915,1.2544735329496732,False,False
EXTREME_OPEN,8,FIB_705,4.0,2.0,0.4,0.15,0.25,228,0.7261146496815286,22.90748898678414,33.0,0.14473684210526316,1.1885714285714286,12.0,11,2.4244156216964257,1.2645802063397422,False,False
LAST_OPPOSING,3,FIB_618,3.0,2.0,0.4,0.15,0.5,249,0.7929936305732485,28.688524590163933,36.0,0.14457831325301204,1.206896551724138,14.0,11,1.9999050415953037,1.067218557883996,False,False
LAST_OPPOSING,3,FIB_705,4.0,2.0,0.0,0.15,0.25,396,1.2611464968152866,22.900763358778626,57.0,0.14393939393939395,1.188118811881188,25.0,15,2.3559079585918608,1.237065174138081,False,False
EXTREME_OPEN,8,FIB_618,4.0,2.0,0.0,0.15,0.5,473,1.5063694267515924,22.943722943722943,68.0,0.14376321353065538,1.1910112359550562,23.0,20,2.227743367582313,1.1608569703498457,False,False
LAST_OPPOSING,5,FIB_705,3.0,2.0,0.3,0.15,0.5,321,1.0222929936305734,28.61635220125786,46.0,0.14330218068535824,1.2026431718061674,19.0,15,2.041678796498163,1.1489865272387272,False,False
LAST_OPPOSING,8,FIB_705,3.0,2.0,0.3,0.15,0.25,328,1.0445859872611465,28.615384615384613,47.0,0.14329268292682926,1.2025862068965518,19.0,15,2.053179654904775,1.1706644235016155,False,False
LAST_OPPOSING,5,CISD,4.0,2.0,0.4,0.0,0.5,370,1.178343949044586,23.34384858044164,53.0,0.14324324324324325,1.2181069958847737,16.0,16,1.9889048209911606,0.9635823602743785,False,False
LAST_OPPOSING,8,FIB_705,4.0,2.0,0.0,0.15,0.25,463,1.4745222929936306,22.875816993464053,66.0,0.14254859611231102,1.1864406779661016,34.0,18,2.3057223391984563,1.2291882774810134,False,False
LAST_OPPOSING,8,CISD,4.0,2.0,0.4,0.0,0.25,379,1.2070063694267517,23.31288343558282,54.0,0.1424802110817942,1.216,17.0,17,1.9815359555898109,0.9731821857108662,False,False
LAST_OPPOSING,5,FIB_618,4.0,2.0,0.0,0.15,0.25,506,1.6114649681528663,22.920892494929006,72.0,0.1422924901185771,1.1894736842105262,23.0,18,2.197297363983943,1.1459182874355205,False,False
LAST_OPPOSING,5,FIB_618,4.0,2.0,0.0,0.15,0.5,506,1.6114649681528663,22.920892494929006,72.0,0.1422924901185771,1.1894736842105262,23.0,18,2.167067191964728,1.1321369261973582,False,False
LAST_OPPOSING,5,CISD,4.0,2.0,0.3,0.05,0.25,492,1.5668789808917198,23.25581395348837,70.0,0.14227642276422764,1.2121212121212122,19.0,16,1.9974546490964076,0.9847844957065456,False,False
LAST_OPPOSING,3,CISD,4.0,2.0,0.3,0.0,0.25,451,1.4363057324840764,23.232323232323232,64.0,0.1419068736141907,1.2105263157894737,21.0,15,2.0202718810875924,0.9867546693647185,False,False
LAST_OPPOSING,8,FIB_618,3.0,2.0,0.4,0.15,0.25,275,0.8757961783439491,28.624535315985128,39.0,0.14181818181818182,1.203125,17.0,13,1.9822840556041832,1.0723835215816544,False,False
LAST_OPPOSING,3,FIB_705,4.0,2.0,0.4,0.15,0.25,212,0.6751592356687898,22.857142857142858,30.0,0.14150943396226415,1.1851851851851851,15.0,11,2.435495742383937,1.22856225449762,False,False
EXTREME_OPEN,8,FIB_618,3.0,2.0,0.3,0.05,0.25,370,1.178343949044586,28.57142857142857,52.0,0.14054054054054055,1.2,15.0,11,1.9921418987063129,1.1085584471514567,False,False
LAST_OPPOSING,3,FIB_618,4.0,2.0,0.0,0.15,0.25,452,1.4394904458598725,22.850678733031675,63.0,0.13938053097345132,1.18475073313783,19.0,17,2.2245861024153397,1.1606392167727957,False,False
LAST_OPPOSING,3,FIB_618,4.0,2.0,0.0,0.15,0.5,452,1.4394904458598725,22.850678733031675,63.0,0.13938053097345132,1.18475073313783,19.0,17,2.1908128676068106,1.1459679897663748,False,False
LAST_OPPOSING,8,CISD,4.0,2.0,0.3,0.15,0.25,489,1.5573248407643312,23.185011709601874,68.0,0.1390593047034765,1.2073170731707317,18.0,16,1.9990490836235788,0.9836102777055938,False,False
EXTREME_OPEN,3,CISD,4.0,2.0,0.4,0.15,0.25,331,1.0541401273885351,23.239436619718308,46.0,0.13897280966767372,1.2110091743119267,18.0,15,1.950473601211021,0.9811879859481113,False,False
EXTREME_OPEN,8,FIB_618,3.0,2.0,0.4,0.15,0.5,260,0.8280254777070064,28.515625,36.0,0.13846153846153847,1.1967213114754098,18.0,12,1.9893094166734857,1.0935223259608817,False,False
LAST_OPPOSING,8,FIB_705,3.0,2.0,0.3,0.05,0.25,340,1.0828025477707006,28.486646884272997,47.0,0.13823529411764707,1.1950207468879668,21.0,16,2.0472044718332376,1.172943574294418,False,False
LAST_OPPOSING,5,FIB_705,3.0,2.0,0.3,0.05,0.5,333,1.0605095541401275,28.484848484848484,46.0,0.13813813813813813,1.194915254237288,19.0,16,2.0350451001282908,1.1511295489433293,False,False
LAST_OPPOSING,3,CISD,4.0,2.0,0.4,0.05,0.5,341,1.085987261146497,23.208191126279864,47.0,0.1378299120234604,1.208888888888889,15.0,15,2.0096747351812456,0.970473510192579,False,False
LAST_OPPOSING,5,CISD,4.0,2.0,0.3,0.0,0.25,494,1.5732484076433122,23.14814814814815,68.0,0.13765182186234817,1.2048192771084338,19.0,16,1.9949126677375402,0.9865180808685513,False,False
LAST_OPPOSING,3,CISD,4.0,2.0,0.3,0.15,0.5,436,1.3885350318471337,23.157894736842106,60.0,0.13761467889908258,1.2054794520547945,20.0,19,2.0235774818098053,0.9764693002563644,False,False
EXTREME_OPEN,8,FIB_618,3.0,2.0,0.4,0.0,0.5,271,0.8630573248407644,28.46441947565543,37.0,0.13653136531365315,1.193717277486911,19.0,12,1.9647338717296043,1.0950405425971599,False,False
EXTREME_OPEN,5,FIB_705,4.0,2.0,0.3,0.05,0.25,323,1.0286624203821657,22.741433021806852,44.0,0.13622291021671826,1.1774193548387097,16.0,16,2.379033508100525,1.2682435216145347,False,False
LAST_OPPOSING,5,CISD,4.0,2.0,0.3,0.15,0.5,478,1.5222929936305734,23.132530120481928,65.0,0.13598326359832635,1.2037617554858935,21.0,21,1.999865100649413,0.974957763310374,False,False
EXTREME_OPEN,8,FIB_618,3.0,2.0,0.3,0.15,0.25,354,1.127388535031847,28.448275862068968,48.0,0.13559322033898305,1.1927710843373494,15.0,14,1.9999218877220746,1.1098380228070897,False,False
LAST_OPPOSING,5,FIB_705,4.0,2.0,0.4,0.0,0.5,236,0.7515923566878981,22.746781115879827,32.0,0.13559322033898305,1.1777777777777778,15.0,13,2.3720875716680485,1.203642841709271,False,False
LAST_OPPOSING,5,FIB_705,4.0,2.0,0.4,0.05,0.5,236,0.7515923566878981,22.746781115879827,32.0,0.13559322033898305,1.1777777777777778,15.0,13,2.3720875716680485,1.203642841709271,False,False
EXTREME_OPEN,3,FIB_705,4.0,2.0,0.3,0.0,0.25,310,0.9872611464968153,22.727272727272727,42.0,0.13548387096774195,1.1764705882352942,16.0,16,2.3794464518460328,1.2653780387130265,False,False
LAST_OPPOSING,8,FIB_705,3.0,2.0,0.3,0.0,0.25,341,1.085987261146497,28.402366863905325,46.0,0.1348973607038123,1.1900826446280992,21.0,16,2.0491464766953986,1.1753573765574048,False,False
LAST_OPPOSING,5,FIB_705,3.0,2.0,0.3,0.0,0.5,334,1.0636942675159236,28.3987915407855,45.0,0.1347305389221557,1.1898734177215189,19.0,16,2.0369272523552944,1.153558353169223,False,False
LAST_OPPOSING,3,CISD,4.0,2.0,0.4,0.0,0.5,342,1.089171974522293,23.12925170068027,46.0,0.13450292397660818,1.2035398230088497,15.0,15,2.0071910558685997,0.9709347137540191,False,False
EXTREME_OPEN,5,FIB_618,4.0,2.0,0.0,0.05,0.25,499,1.589171974522293,22.74590163934426,67.0,0.1342685370741483,1.1777188328912467,23.0,18,2.256481371245116,1.1800065914544813,False,False
EXTREME_OPEN,5,FIB_618,3.0,2.0,0.3,0.0,0.5,365,1.1624203821656052,28.412256267409468,49.0,0.13424657534246576,1.1906614785992218,16.0,11,1.9795018600580745,1.1015244994374784,False,False
EXTREME_OPEN,3,FIB_705,4.0,2.0,0.3,0.15,0.25,293,0.9331210191082803,22.68041237113402,39.0,0.13310580204778158,1.1733333333333333,18.0,18,2.391398573425658,1.2642541697577825,False,False
EXTREME_OPEN,8,CISD,4.0,2.0,0.3,0.15,0.25,471,1.5,23.03921568627451,62.0,0.1316348195329087,1.197452229299363,28.0,20,1.9423175311317258,0.9810965419285644,False,False
LAST_OPPOSING,8,FIB_705,3.0,2.0,0.3,0.15,0.5,328,1.0445859872611465,28.307692307692307,43.0,0.13109756097560976,1.184549356223176,21.0,15,2.029320840573557,1.1548450111150879,False,False
EXTREME_OPEN,3,FIB_705,4.0,2.0,0.4,0.05,0.5,222,0.7070063694267515,22.624434389140273,29.0,0.13063063063063063,1.1695906432748537,18.0,12,2.3832142119525748,1.2471660614721527,False,False
EXTREME_OPEN,8,FIB_618,3.0,2.0,0.3,0.05,0.5,370,1.178343949044586,28.296703296703296,48.0,0.12972972972972974,1.1839080459770115,15.0,11,1.970460386118173,1.1002464651702448,False,False
EXTREME_OPEN,3,CISD,4.0,2.0,0.3,0.0,0.25,453,1.4426751592356688,22.921914357682617,58.0,0.1280353200883002,1.1895424836601307,28.0,20,1.9345952895241418,0.9928489195070082,False,False
LAST_OPPOSING,3,FIB_705,4.0,2.0,0.4,0.0,0.5,219,0.697452229299363,22.58064516129032,28.0,0.1278538812785388,1.1666666666666667,14.0,12,2.3894555262158823,1.2116831748052168,False,False
LAST_OPPOSING,3,FIB_705,4.0,2.0,0.4,0.05,0.5,219,0.697452229299363,22.58064516129032,28.0,0.1278538812785388,1.1666666666666667,14.0,12,2.3894555262158823,1.2116831748052168,False,False
LAST_OPPOSING,8,FIB_618,3.0,2.0,0.4,0.15,0.5,275,0.8757961783439491,28.25278810408922,35.0,0.12727272727272726,1.1813471502590673,17.0,13,1.9563444332935986,1.0654271398205013,False,False
LAST_OPPOSING,8,FIB_705,3.0,2.0,0.3,0.05,0.5,340,1.0828025477707006,28.18991097922849,43.0,0.1264705882352941,1.177685950413223,21.0,16,2.0232598834556974,1.1567371417654297,False,False
EXTREME_OPEN,3,FIB_618,4.0,2.0,0.0,0.05,0.25,475,1.5127388535031847,22.58064516129032,60.0,0.12631578947368421,1.1666666666666667,25.0,18,2.262407453609463,1.1827558240678022,False,False
EXTREME_OPEN,3,FIB_618,4.0,2.0,0.0,0.05,0.5,475,1.5127388535031847,22.58064516129032,60.0,0.12631578947368421,1.1666666666666667,25.0,18,2.2327998893594265,1.1695167091377003,False,False
EXTREME_OPEN,5,CISD,4.0,2.0,0.3,0.05,0.25,476,1.515923566878981,22.89156626506024,60.0,0.12605042016806722,1.1875,30.0,19,1.9430850942679982,0.9913967783014668,False,False
EXTREME_OPEN,5,FIB_705,4.0,2.0,0.3,0.0,0.25,326,1.0382165605095541,22.530864197530864,41.0,0.12576687116564417,1.1633466135458168,16.0,16,2.3717276612947744,1.2728614671086962,False,False
EXTREME_OPEN,8,FIB_618,4.0,2.0,0.0,0.05,0.25,512,1.6305732484076434,22.55489021956088,64.0,0.125,1.1649484536082475,26.0,20,2.2431469403863007,1.1816715551157677,False,False
EXTREME_OPEN,5,FIB_705,4.0,2.0,0.4,0.05,0.5,232,0.7388535031847133,22.51082251082251,29.0,0.125,1.1620111731843576,14.0,12,2.385679691408286,1.2461336709728317,False,False
EXTREME_OPEN,8,FIB_618,3.0,2.0,0.3,0.15,0.5,354,1.127388535031847,28.160919540229884,44.0,0.12429378531073447,1.176,15.0,14,1.9783112924727335,1.1018276535249276,False,False
EXTREME_OPEN,5,FIB_618,4.0,2.0,0.0,0.05,0.5,499,1.589171974522293,22.540983606557376,62.0,0.12424849699398798,1.164021164021164,27.0,18,2.226987848616522,1.1692406262023325,False,False
EXTREME_OPEN,5,CISD,4.0,2.0,0.3,0.15,0.5,460,1.464968152866242,22.8643216080402,57.0,0.12391304347826088,1.1856677524429968,26.0,21,1.9522676012328548,0.98163873252668,False,False
EXTREME_OPEN,8,FIB_618,3.0,2.0,0.3,0.0,0.25,372,1.1847133757961783,28.142076502732237,46.0,0.12365591397849462,1.1749049429657794,16.0,11,1.9784302228876105,1.1152860720253637,False,False
LAST_OPPOSING,8,FIB_705,3.0,2.0,0.3,0.0,0.5,341,1.085987261146497,28.106508875739642,42.0,0.12316715542521994,1.1728395061728396,21.0,16,2.025137959879427,1.1590996432863279,False,False
EXTREME_OPEN,5,FIB_705,4.0,2.0,0.3,0.15,0.25,309,0.9840764331210191,22.475570032573287,38.0,0.12297734627831715,1.1596638655462186,16.0,15,2.3826362444127644,1.2722075016680485,False,False
EXTREME_OPEN,5,FIB_618,4.0,2.0,0.0,0.0,0.25,505,1.60828025477707,22.515212981744423,62.0,0.12277227722772277,1.162303664921466,22.0,18,2.25055712518128,1.1826575913129833,False,False
LAST_OPPOSING,8,CISD,4.0,2.0,0.4,0.05,0.5,378,1.2038216560509554,22.839506172839506,46.0,0.12169312169312169,1.184,17.0,17,1.9777230325886763,0.9666892798769414,False,False
EXTREME_OPEN,3,FIB_705,4.0,2.0,0.4,0.0,0.5,224,0.7133757961783439,22.421524663677133,27.0,0.12053571428571429,1.1560693641618498,18.0,12,2.370848011746216,1.2504189943763342,False,False
LAST_OPPOSING,8,CISD,4.0,2.0,0.3,0.05,0.25,503,1.6019108280254777,22.727272727272727,60.0,0.11928429423459244,1.1764705882352942,20.0,17,1.985830366598475,0.990516476198089,False,False
LAST_OPPOSING,8,FIB_705,4.0,2.0,0.4,0.15,0.25,235,0.7484076433121019,22.413793103448278,28.0,0.11914893617021277,1.1555555555555554,20.0,13,2.3934697140816907,1.225021316326234,False,False
LAST_OPPOSING,8,CISD,4.0,2.0,0.4,0.0,0.5,379,1.2070063694267517,22.76923076923077,45.0,0.11873350923482849,1.1792828685258965,17.0,17,1.9755661285719683,0.9671154430651425,False,False
LAST_OPPOSING,5,FIB_705,4.0,2.0,0.0,0.0,0.5,482,1.535031847133758,22.384937238493723,57.0,0.11825726141078838,1.1536388140161724,29.0,13,2.3036710783082017,1.2266323283393163,False,False
LAST_OPPOSING,3,CISD,4.0,2.0,0.3,0.05,0.5,449,1.429936305732484,22.70408163265306,53.0,0.11804008908685969,1.174917491749175,21.0,20,2.011532086136439,0.983030795751872,False,False
EXTREME_OPEN,3,CISD,4.0,2.0,0.3,0.05,0.5,450,1.4331210191082802,22.70408163265306,53.0,0.11777777777777777,1.174917491749175,28.0,21,1.9396195937924987,0.987616523875262,False,False
LAST_OPPOSING,8,FIB_618,4.0,2.0,0.0,0.15,0.25,522,1.6624203821656052,22.39685658153242,61.0,0.11685823754789272,1.1544303797468354,24.0,19,2.174774302785488,1.1536109113820876,False,False
LAST_OPPOSING,8,FIB_618,4.0,2.0,0.0,0.15,0.5,522,1.6624203821656052,22.39685658153242,61.0,0.11685823754789272,1.1544303797468354,24.0,19,2.144249850298481,1.1392164026459004,False,False
EXTREME_OPEN,5,FIB_705,4.0,2.0,0.0,0.15,0.5,405,1.2898089171974523,22.332506203473944,47.0,0.11604938271604938,1.1501597444089458,19.0,14,2.3772722754868694,1.2573529412185238,False,False
LAST_OPPOSING,5,CISD,4.0,2.0,0.3,0.05,0.5,492,1.5668789808917198,22.66355140186916,57.0,0.11585365853658537,1.1722054380664653,22.0,22,1.986033993259794,0.9819029527466893,False,False
EXTREME_OPEN,5,FIB_705,4.0,2.0,0.4,0.0,0.5,234,0.7452229299363057,22.317596566523605,27.0,0.11538461538461539,1.149171270718232,14.0,12,2.3738208888222356,1.2492564135007607,False,False
EXTREME_OPEN,8,FIB_618,4.0,2.0,0.0,0.05,0.5,512,1.6305732484076434,22.355289421157686,59.0,0.115234375,1.1516709511568124,30.0,20,2.213652232671132,1.1705651715736785,False,False
LAST_OPPOSING,8,CISD,4.0,2.0,0.3,0.0,0.25,505,1.60828025477707,22.624434389140273,58.0,0.11485148514851486,1.1695906432748537,20.0,17,1.983389791892961,0.9921895991863026,False,False
EXTREME_OPEN,3,FIB_618,4.0,2.0,0.0,0.0,0.25,481,1.5318471337579618,22.340425531914892,55.0,0.11434511434511435,1.1506849315068493,25.0,18,2.2561136890430946,1.1855048043856062,False,False
EXTREME_OPEN,3,FIB_618,4.0,2.0,0.0,0.0,0.5,481,1.5318471337579618,22.340425531914892,55.0,0.11434511434511435,1.1506849315068493,25.0,18,2.226538645290422,1.172155622868889,False,False
EXTREME_OPEN,8,FIB_618,4.0,2.0,0.0,0.0,0.25,518,1.6496815286624205,22.33201581027668,59.0,0.1138996138996139,1.1501272264631044,25.0,20,2.2375258251795747,1.1842367387964163,False,False
LAST_OPPOSING,3,CISD,4.0,2.0,0.3,0.0,0.5,451,1.4363057324840764,22.588832487309645,51.0,0.1130820399113082,1.1672131147540983,21.0,20,2.0086277256363374,0.9848772076631703,False,False
EXTREME_OPEN,8,FIB_618,3.0,2.0,0.3,0.0,0.5,372,1.1847133757961783,27.86885245901639,42.0,0.11290322580645161,1.1590909090909092,16.0,11,1.9567879031095847,1.1067761862518712,False,False
EXTREME_OPEN,5,FIB_618,4.0,2.0,0.0,0.0,0.5,505,1.60828025477707,22.31237322515213,57.0,0.11287128712871287,1.1488250652741514,27.0,18,2.221093222571505,1.1717574064049343,False,False
LAST_OPPOSING,8,CISD,4.0,2.0,0.3,0.15,0.5,489,1.5573248407643312,22.58823529411765,55.0,0.11247443762781185,1.1671732522796352,22.0,22,1.987183860568272,0.9805080063365051,False,False
EXTREME_OPEN,8,FIB_705,4.0,2.0,0.3,0.05,0.25,330,1.0509554140127388,22.25609756097561,37.0,0.11212121212121212,1.1450980392156862,16.0,16,2.3513033996388737,1.2737024411566646,False,False
EXTREME_OPEN,3,FIB_705,4.0,2.0,0.0,0.15,0.5,384,1.2229299363057324,22.25130890052356,43.0,0.11197916666666667,1.1447811447811447,20.0,19,2.3858928216152684,1.2584026210300716,False,False
EXTREME_OPEN,3,CISD,4.0,2.0,0.4,0.15,0.5,331,1.0541401273885351,22.614840989399294,37.0,0.11178247734138973,1.1689497716894977,18.0,15,1.9464558772095455,0.9774458007605062,False,False
LAST_OPPOSING,5,CISD,4.0,2.0,0.3,0.0,0.5,494,1.5732484076433122,22.55813953488372,55.0,0.11133603238866396,1.165165165165165,22.0,22,1.9834856726124406,0.983593210758847,False,False
EXTREME_OPEN,8,FIB_705,4.0,2.0,0.0,0.15,0.5,416,1.3248407643312101,22.22222222222222,46.0,0.11057692307692307,1.1428571428571428,20.0,15,2.356184436258915,1.2581786449887462,False,False
LAST_OPPOSING,3,FIB_618,3.0,2.0,0.3,0.05,0.25,348,1.10828025477707,27.77777777777778,38.0,0.10919540229885058,1.1538461538461537,16.0,11,1.9712678023363526,1.0952925766249109,False,False
EXTREME_OPEN,5,CISD,4.0,2.0,0.3,0.0,0.25,479,1.5254777070063694,22.48803827751196,52.0,0.10855949895615867,1.1604938271604939,30.0,19,1.9290944642352488,0.9960261617068525,False,False
EXTREME_OPEN,3,CISD,4.0,2.0,0.4,0.05,0.25,341,1.085987261146497,22.525597269624573,37.0,0.10850439882697947,1.1629955947136563,20.0,16,1.9349127101873986,0.9896292270776937,False,False
LAST_OPPOSING,3,FIB_618,3.0,2.0,0.3,0.15,0.25,334,1.0636942675159236,27.743902439024392,36.0,0.10778443113772455,1.1518987341772151,14.0,11,1.9810096293238892,1.0937785668958262,False,False
LAST_OPPOSING,8,FIB_705,4.0,2.0,0.4,0.0,0.5,242,0.7707006369426752,22.17573221757322,26.0,0.10743801652892562,1.1397849462365592,16.0,13,2.3490465014548447,1.2069461378635242,False,False
LAST_OPPOSING,8,FIB_705,4.0,2.0,0.4,0.05,0.5,242,0.7707006369426752,22.17573221757322,26.0,0.10743801652892562,1.1397849462365592,16.0,13,2.3490465014548447,1.2069461378635242,False,False
LAST_OPPOSING,5,FIB_618,4.0,2.0,0.0,0.0,0.25,541,1.7229299363057324,22.2011385199241,58.0,0.10720887245841035,1.1414634146341462,26.0,18,2.1901723599427605,1.15927187724658,False,False
LAST_OPPOSING,5,FIB_618,4.0,2.0,0.0,0.0,0.5,541,1.7229299363057324,22.2011385199241,58.0,0.10720887245841035,1.1414634146341462,26.0,18,2.160241352416816,1.1451765057650458,False,False
EXTREME_OPEN,8,CISD,4.0,2.0,0.3,0.05,0.25,487,1.5509554140127388,22.458628841607563,52.0,0.10677618069815195,1.1585365853658536,32.0,21,1.9231909546623425,0.9899502217854981,False,False
LAST_OPPOSING,5,FIB_705,4.0,2.0,0.0,0.05,0.5,478,1.5222929936305734,22.151898734177212,51.0,0.10669456066945607,1.1382113821138211,33.0,13,2.29311218845101,1.227868227853586,False,False
LAST_OPPOSING,5,FIB_618,4.0,2.0,0.0,0.05,0.25,536,1.7070063694267517,22.179732313575524,57.0,0.10634328358208955,1.1400491400491402,26.0,18,2.185342881330735,1.1598784759811829,False,False
LAST_OPPOSING,5,FIB_618,4.0,2.0,0.0,0.05,0.5,536,1.7070063694267517,22.179732313575524,57.0,0.10634328358208955,1.1400491400491402,26.0,18,2.155427194729838,1.1457736666215435,False,False
LAST_OPPOSING,3,FIB_618,3.0,2.0,0.3,0.0,0.25,349,1.1114649681528663,27.696793002915456,37.0,0.10601719197707736,1.1491935483870968,16.0,11,1.9709944240012367,1.0972322005732968,False,False
EXTREME_OPEN,8,FIB_705,4.0,2.0,0.4,0.05,0.5,236,0.7515923566878981,22.127659574468083,25.0,0.1059322033898305,1.1366120218579234,14.0,12,2.3698950528021165,1.250212295274189,False,False
EXTREME_OPEN,5,CISD,4.0,2.0,0.4,0.15,0.25,350,1.1146496815286624,22.483221476510067,37.0,0.10571428571428572,1.1601731601731602,23.0,15,1.9356549062408555,0.9813013493249388,False,False
LAST_OPPOSING,5,FIB_705,4.0,2.0,0.4,0.15,0.5,229,0.7292993630573248,22.123893805309734,24.0,0.10480349344978165,1.1363636363636365,18.0,12,2.3703803356938877,1.2091301814049273,False,False
EXTREME_OPEN,8,FIB_618,4.0,2.0,0.0,0.0,0.5,518,1.6496815286624205,22.134387351778656,54.0,0.10424710424710425,1.1370558375634519,30.0,20,2.20806000785055,1.1730034471143846,False,False
EXTREME_OPEN,8,CISD,4.0,2.0,0.3,0.15,0.5,471,1.5,22.413793103448278,49.0,0.1040339702760085,1.1555555555555554,28.0,22,1.9313108043429512,0.9801622342841274,False,False
EXTREME_OPEN,3,FIB_705,4.0,2.0,0.4,0.15,0.5,214,0.6815286624203821,22.065727699530516,22.0,0.102803738317757,1.1325301204819278,16.0,13,2.3905671345573056,1.2549442100337878,False,False
LAST_OPPOSING,8,FIB_705,4.0,2.0,0.0,0.0,0.5,498,1.585987261146497,22.06477732793522,51.0,0.10240963855421686,1.1324675324675324,31.0,14,2.2867545741901636,1.232292947787676,False,False
EXTREME_OPEN,8,FIB_705,4.0,2.0,0.3,0.0,0.25,333,1.0605095541401275,22.054380664652566,34.0,0.1021021021021021,1.1317829457364341,16.0,16,2.3444009499893554,1.2781741332661847,False,False
EXTREME_OPEN,3,CISD,4.0,2.0,0.3,0.0,0.5,453,1.4426751592356688,22.278481012658226,45.0,0.09933774834437085,1.1465798045602607,28.0,21,1.9248282961206042,0.992417506264273,False,False
EXTREME_OPEN,5,CISD,4.0,2.0,0.3,0.05,0.5,476,1.515923566878981,22.27602905569007,47.0,0.09873949579831932,1.146417445482866,30.0,22,1.9319558230346865,0.9902737224871412,False,False
EXTREME_OPEN,5,FIB_705,4.0,2.0,0.4,0.15,0.5,224,0.7133757961783439,21.973094170403588,22.0,0.09821428571428571,1.1264367816091954,14.0,11,2.392792411377296,1.2535277096701323,False,False
EXTREME_OPEN,8,FIB_705,4.0,2.0,0.3,0.15,0.25,316,1.0063694267515924,21.97452229299363,31.0,0.0981012658227848,1.126530612244898,17.0,15,2.3535977793920977,1.2778204623912393,False,False
LAST_OPPOSING,3,FIB_618,3.0,2.0,0.3,0.05,0.5,348,1.10828025477707,27.485380116959064,34.0,0.09770114942528736,1.1370967741935485,16.0,11,1.9442603972496852,1.0855602106727746,False,False
LAST_OPPOSING,5,FIB_618,3.0,2.0,0.3,0.05,0.25,379,1.2070063694267517,27.49326145552561,37.0,0.09762532981530343,1.137546468401487,16.0,12,1.9437813646679498,1.097084558747878,False,False
LAST_OPPOSING,5,FIB_618,4.0,2.0,0.4,0.15,0.25,268,0.8535031847133758,22.00772200772201,26.0,0.09701492537313433,1.1287128712871286,20.0,14,2.229424637034108,1.144537051082419,False,False
LAST_OPPOSING,5,FIB_618,4.0,2.0,0.4,0.15,0.5,268,0.8535031847133758,22.00772200772201,26.0,0.09701492537313433,1.1287128712871286,20.0,14,2.198483492180925,1.1305310264020347,False,False
EXTREME_OPEN,8,FIB_705,4.0,2.0,0.4,0.0,0.5,238,0.7579617834394905,21.940928270042196,23.0,0.09663865546218488,1.1243243243243244,14.0,12,2.358368201844455,1.2532482805806286,False,False
LAST_OPPOSING,5,FIB_618,3.0,2.0,0.3,0.15,0.25,365,1.1624203821656052,27.450980392156865,35.0,0.0958904109589041,1.135135135135135,14.0,12,1.9516415292884413,1.0957678697073496,False,False
LAST_OPPOSING,3,FIB_618,3.0,2.0,0.3,0.15,0.5,334,1.0636942675159236,27.439024390243905,32.0,0.09580838323353294,1.134453781512605,14.0,11,1.9538558965627952,1.0844146425657304,False,False
LAST_OPPOSING,5,FIB_618,3.0,2.0,0.3,0.0,0.25,380,1.2101910828025477,27.419354838709676,36.0,0.09473684210526316,1.1333333333333333,16.0,12,1.9436026209803523,1.098861234473835,False,False
LAST_OPPOSING,3,FIB_618,3.0,2.0,0.3,0.0,0.5,349,1.1114649681528663,27.405247813411076,33.0,0.09455587392550144,1.1325301204819278,16.0,11,1.9439937813159616,1.0874610001061482,False,False
LAST_OPPOSING,3,FIB_705,4.0,2.0,0.4,0.15,0.5,212,0.6751592356687898,21.904761904761905,20.0,0.09433962264150944,1.1219512195121952,15.0,11,2.388184859441127,1.217876019720202,False,False
LAST_OPPOSING,8,CISD,4.0,2.0,0.3,0.05,0.5,503,1.6019108280254777,22.146118721461185,47.0,0.09343936381709742,1.1378299120234605,23.0,23,1.9740081797043425,0.9871468329772635,False,False
LAST_OPPOSING,3,FIB_618,4.0,2.0,0.0,0.0,0.25,486,1.5477707006369428,21.894736842105264,45.0,0.09259259259259259,1.1212938005390836,22.0,17,2.2105904201963043,1.1766261822453896,False,False
LAST_OPPOSING,3,FIB_618,4.0,2.0,0.0,0.0,0.5,486,1.5477707006369428,21.894736842105264,45.0,0.09259259259259259,1.1212938005390836,22.0,17,2.1774662317686317,1.16164239862663,False,False
LAST_OPPOSING,3,FIB_618,4.0,2.0,0.0,0.05,0.25,481,1.5318471337579618,21.86836518046709,44.0,0.09147609147609148,1.1195652173913044,22.0,17,2.205420960248741,1.1774825407625227,False,False
LAST_OPPOSING,3,FIB_618,4.0,2.0,0.0,0.05,0.5,481,1.5318471337579618,21.86836518046709,44.0,0.09147609147609148,1.1195652173913044,22.0,17,2.1722806514703756,1.1624790050370053,False,False
LAST_OPPOSING,8,FIB_705,4.0,2.0,0.0,0.05,0.5,494,1.5732484076433122,21.836734693877553,45.0,0.09109311740890688,1.1174934725848564,35.0,14,2.2764006969265815,1.2335346531431706,False,False
EXTREME_OPEN,8,CISD,4.0,2.0,0.3,0.0,0.25,490,1.5605095541401275,22.065727699530516,44.0,0.08979591836734693,1.1325301204819278,32.0,21,1.9096362008524035,0.994484536725759,False,False
LAST_OPPOSING,8,CISD,4.0,2.0,0.3,0.0,0.5,505,1.60828025477707,22.045454545454547,45.0,0.0891089108910891,1.131195335276968,23.0,23,1.9715629940158639,0.9887795056456687,False,False
LAST_OPPOSING,3,FIB_705,4.0,2.0,0.0,0.0,0.5,430,1.3694267515923566,21.779859484777518,38.0,0.08837209302325581,1.1137724550898203,24.0,12,2.330004619650589,1.2462271379292473,False,False
EXTREME_OPEN,3,CISD,4.0,2.0,0.4,0.0,0.25,343,1.0923566878980893,22.033898305084744,30.0,0.08746355685131195,1.1304347826086956,20.0,16,1.9165059740512864,0.9940663417758063,False,False
LAST_OPPOSING,5,FIB_618,3.0,2.0,0.3,0.05,0.5,379,1.2070063694267517,27.22371967654987,33.0,0.0870712401055409,1.1222222222222222,16.0,12,1.9182445205600938,1.0864735171844835,False,False
EXTREME_OPEN,8,CISD,4.0,2.0,0.4,0.15,0.25,358,1.1401273885350318,22.039473684210524,31.0,0.08659217877094973,1.130801687763713,24.0,16,1.9257314011055546,0.9809328550604755,False,False
EXTREME_OPEN,3,FIB_618,4.0,2.0,0.4,0.15,0.25,246,0.7834394904458599,21.75732217573222,21.0,0.08536585365853659,1.1122994652406417,23.0,23,2.252058394180161,1.1781973734072666,False,False
EXTREME_OPEN,3,FIB_618,4.0,2.0,0.4,0.15,0.5,246,0.7834394904458599,21.75732217573222,21.0,0.08536585365853659,1.1122994652406417,23.0,23,2.2262326577952125,1.1669691913571125,False,False
LAST_OPPOSING,5,FIB_705,4.0,2.0,0.0,0.15,0.5,446,1.4203821656050954,21.71945701357466,38.0,0.08520179372197309,1.1098265895953756,37.0,16,2.2896854785364216,1.2246414311103502,False,False
LAST_OPPOSING,5,FIB_618,3.0,2.0,0.3,0.15,0.5,365,1.1624203821656052,27.170868347338935,31.0,0.08493150684931507,1.1192307692307693,14.0,12,1.9260271904146813,1.0854602748376645,False,False
LAST_OPPOSING,8,FIB_618,4.0,2.0,0.0,0.0,0.25,557,1.7738853503184713,21.731123388581953,47.0,0.0843806104129264,1.1105882352941177,27.0,19,2.1692692398692692,1.1660975366058821,False,False
LAST_OPPOSING,8,FIB_618,4.0,2.0,0.0,0.0,0.5,557,1.7738853503184713,21.731123388581953,47.0,0.0843806104129264,1.1105882352941177,27.0,19,2.139053849872804,1.1514365657884862,False,False
LAST_OPPOSING,5,FIB_618,3.0,2.0,0.3,0.0,0.5,380,1.2101910828025477,27.1505376344086,32.0,0.08421052631578947,1.118081180811808,16.0,12,1.9180681177069885,1.0882168387785247,False,False
LAST_OPPOSING,8,FIB_618,4.0,2.0,0.0,0.05,0.25,552,1.7579617834394905,21.70686456400742,46.0,0.08333333333333333,1.1090047393364928,27.0,19,2.1643904062888106,1.1667483793930986,False,False
LAST_OPPOSING,8,FIB_618,4.0,2.0,0.0,0.05,0.5,552,1.7579617834394905,21.70686456400742,46.0,0.08333333333333333,1.1090047393364928,27.0,19,2.1341873172044337,1.1520731210768917,False,False
LAST_OPPOSING,5,FIB_618,4.0,2.0,0.4,0.0,0.25,277,0.8821656050955414,21.722846441947567,23.0,0.08303249097472924,1.1100478468899522,20.0,14,2.2301901168723877,1.148370021304772,False,False
LAST_OPPOSING,5,FIB_618,4.0,2.0,0.4,0.0,0.5,277,0.8821656050955414,21.722846441947567,23.0,0.08303249097472924,1.1100478468899522,20.0,14,2.1992352642719384,1.1342569836662002,False,False
LAST_OPPOSING,5,FIB_618,4.0,2.0,0.4,0.05,0.25,277,0.8821656050955414,21.722846441947567,23.0,0.08303249097472924,1.1100478468899522,20.0,14,2.2301901168723877,1.148370021304772,False,False
LAST_OPPOSING,5,FIB_618,4.0,2.0,0.4,0.05,0.5,277,0.8821656050955414,21.722846441947567,23.0,0.08303249097472924,1.1100478468899522,20.0,14,2.1992352642719384,1.1342569836662002,False,False
EXTREME_OPEN,3,CISD,4.0,2.0,0.4,0.05,0.5,341,1.085987261146497,21.91780821917808,28.0,0.08211143695014662,1.1228070175438596,20.0,16,1.9305894368152825,0.9856307752351994,False,False
EXTREME_OPEN,5,FIB_618,4.0,2.0,0.4,0.15,0.25,256,0.8152866242038217,21.686746987951807,21.0,0.08203125,1.1076923076923078,23.0,23,2.243675298708828,1.1792041932345205,False,False
EXTREME_OPEN,5,CISD,4.0,2.0,0.3,0.0,0.5,479,1.5254777070063694,21.875,39.0,0.081419624217119,1.12,30.0,22,1.9180153918591234,0.9947974665923319,False,False
EXTREME_OPEN,8,CISD,4.0,2.0,0.3,0.05,0.5,487,1.5509554140127388,21.852731591448933,39.0,0.08008213552361396,1.1185410334346504,32.0,23,1.912146332737018,0.9886506925860995,False,False
EXTREME_OPEN,5,CISD,4.0,2.0,0.4,0.15,0.5,350,1.1146496815286624,21.885521885521886,28.0,0.08,1.1206896551724137,23.0,15,1.9304925559385973,0.9770075979472631,False,False
EXTREME_OPEN,8,FIB_705,4.0,2.0,0.4,0.15,0.5,228,0.7261146496815286,21.58590308370044,18.0,0.07894736842105263,1.101123595505618,15.0,11,2.3763291412416296,1.2576197236189528,False,False
EXTREME_OPEN,5,CISD,4.0,2.0,0.4,0.05,0.25,360,1.1464968152866242,21.824104234527688,28.0,0.07777777777777778,1.1166666666666667,25.0,16,1.9213269148815395,0.9892939315233256,False,False
LAST_OPPOSING,8,FIB_705,4.0,2.0,0.4,0.15,0.5,235,0.7484076433121019,21.551724137931032,18.0,0.07659574468085106,1.098901098901099,20.0,13,2.3466965247332485,1.2123917713247374,False,False
LAST_OPPOSING,3,FIB_618,4.0,2.0,0.4,0.15,0.25,249,0.7929936305732485,21.57676348547718,19.0,0.07630522088353414,1.1005291005291005,18.0,13,2.2391758433671503,1.1555823973360362,False,False
LAST_OPPOSING,3,FIB_618,4.0,2.0,0.4,0.15,0.5,249,0.7929936305732485,21.57676348547718,19.0,0.07630522088353414,1.1005291005291005,18.0,13,2.2052508480234203,1.1418913603518945,False,False
LAST_OPPOSING,3,FIB_705,4.0,2.0,0.0,0.05,0.5,426,1.356687898089172,21.513002364066196,32.0,0.07511737089201878,1.0963855421686748,26.0,12,2.3184041145182697,1.2477978872395306,False,False
LAST_OPPOSING,8,FIB_618,3.0,2.0,0.3,0.05,0.25,387,1.232484076433121,26.912928759894463,29.0,0.07493540051679587,1.1046931407942238,17.0,13,1.9238458796248636,1.1043729204284758,False,False
EXTREME_OPEN,3,FIB_618,4.0,2.0,0.3,0.15,0.25,330,1.0509554140127388,21.49532710280374,24.0,0.07272727272727272,1.0952380952380953,22.0,18,2.2411328204339602,1.1806582177632008,False,False
EXTREME_OPEN,3,FIB_618,4.0,2.0,0.3,0.15,0.5,330,1.0509554140127388,21.49532710280374,24.0,0.07272727272727272,1.0952380952380953,22.0,18,2.2103464965531847,1.1674140780068145,False,False
LAST_OPPOSING,8,FIB_618,3.0,2.0,0.3,0.15,0.25,373,1.1878980891719746,26.84931506849315,27.0,0.07238605898123325,1.101123595505618,16.0,14,1.9307892128577762,1.103358029178437,False,False
LAST_OPPOSING,8,FIB_618,3.0,2.0,0.3,0.0,0.25,388,1.2356687898089171,26.842105263157894,28.0,0.07216494845360824,1.1007194244604317,17.0,13,1.923722201490215,1.1060941792279169,False,False
LAST_OPPOSING,8,FIB_705,4.0,2.0,0.0,0.15,0.5,462,1.4713375796178343,21.397379912663755,32.0,0.06926406926406926,1.0888888888888888,39.0,18,2.2719351550419744,1.2308120866102348,False,False
LAST_OPPOSING,8,FIB_618,4.0,2.0,0.4,0.15,0.25,275,0.8757961783439491,21.428571428571427,19.0,0.06909090909090909,1.0909090909090908,21.0,15,2.1972768581904707,1.1484532433759487,False,False
LAST_OPPOSING,8,FIB_618,4.0,2.0,0.4,0.15,0.5,275,0.8757961783439491,21.428571428571427,19.0,0.06909090909090909,1.0909090909090908,21.0,15,2.1666508024694213,1.134074005289883,False,False
EXTREME_OPEN,5,FIB_618,4.0,2.0,0.3,0.15,0.25,346,1.1019108280254777,21.364985163204746,23.0,0.06647398843930635,1.0867924528301887,22.0,18,2.231406897715047,1.1873132653320588,False,False
EXTREME_OPEN,3,FIB_618,4.0,2.0,0.4,0.05,0.25,256,0.8152866242038217,21.370967741935484,17.0,0.06640625,1.087179487179487,23.0,23,2.2457777106703434,1.1810053224485402,False,False
EXTREME_OPEN,3,FIB_618,4.0,2.0,0.4,0.05,0.5,256,0.8152866242038217,21.370967741935484,17.0,0.06640625,1.087179487179487,23.0,23,2.2198022449037276,1.1695074141165733,False,False
EXTREME_OPEN,8,FIB_618,4.0,2.0,0.4,0.15,0.25,260,0.8280254777070064,21.34387351778656,17.0,0.06538461538461539,1.085427135678392,23.0,23,2.223650775716846,1.1829187420896223,False,False
LAST_OPPOSING,8,FIB_618,3.0,2.0,0.3,0.05,0.5,387,1.232484076433121,26.649076517150394,25.0,0.06459948320413436,1.089928057553957,17.0,13,1.8984074693192026,1.0932429849706689,False,False
EXTREME_OPEN,5,FIB_618,4.0,2.0,0.4,0.05,0.25,266,0.8471337579617835,21.31782945736434,17.0,0.06390977443609022,1.083743842364532,23.0,23,2.2379458850855203,1.1818687299123158,False,False
EXTREME_OPEN,8,CISD,4.0,2.0,0.3,0.0,0.5,490,1.5605095541401275,21.462264150943398,31.0,0.06326530612244897,1.093093093093093,32.0,23,1.8986401326100755,0.9930828201699557,False,False
EXTREME_OPEN,5,FIB_618,4.0,2.0,0.4,0.15,0.5,256,0.8152866242038217,21.285140562248998,16.0,0.0625,1.0816326530612246,23.0,23,2.217015504090675,1.1731938508696431,False,False
LAST_OPPOSING,3,FIB_705,4.0,2.0,0.3,0.05,0.25,304,0.9681528662420382,21.262458471760798,19.0,0.0625,1.080168776371308,16.0,15,2.33063678836502,1.2516817734512546,False,False
EXTREME_OPEN,3,FIB_618,4.0,2.0,0.4,0.0,0.25,257,0.8184713375796179,21.285140562248998,16.0,0.0622568093385214,1.0816326530612246,24.0,24,2.239116094408156,1.1814199970192327,False,False
EXTREME_OPEN,3,FIB_618,4.0,2.0,0.4,0.0,0.5,257,0.8184713375796179,21.285140562248998,16.0,0.0622568093385214,1.0816326530612246,24.0,24,2.2131467124572035,1.1697376826420878,False,False
LAST_OPPOSING,3,FIB_618,4.0,2.0,0.4,0.0,0.25,258,0.821656050955414,21.285140562248998,16.0,0.06201550387596899,1.0816326530612246,18.0,13,2.2396575373912038,1.1593123377829706,False,False
LAST_OPPOSING,3,FIB_618,4.0,2.0,0.4,0.0,0.5,258,0.821656050955414,21.285140562248998,16.0,0.06201550387596899,1.0816326530612246,18.0,13,2.205821912622755,1.1454954190985036,False,False
LAST_OPPOSING,3,FIB_618,4.0,2.0,0.4,0.05,0.25,258,0.821656050955414,21.285140562248998,16.0,0.06201550387596899,1.0816326530612246,18.0,13,2.2396575373912038,1.1593123377829706,False,False
LAST_OPPOSING,3,FIB_618,4.0,2.0,0.4,0.05,0.5,258,0.821656050955414,21.285140562248998,16.0,0.06201550387596899,1.0816326530612246,18.0,13,2.205821912622755,1.1454954190985036,False,False
LAST_OPPOSING,8,FIB_618,3.0,2.0,0.3,0.0,0.5,388,1.2356687898089171,26.57894736842105,24.0,0.061855670103092786,1.086021505376344,17.0,13,1.8982858300590504,1.094932914707652,False,False
LAST_OPPOSING,8,FIB_618,3.0,2.0,0.3,0.15,0.5,373,1.1878980891719746,26.575342465753426,23.0,0.06166219839142091,1.085820895522388,16.0,14,1.9052786644386448,1.0925055562640138,False,False
EXTREME_OPEN,8,CISD,4.0,2.0,0.4,0.15,0.5,358,1.1401273885350318,21.45214521452145,22.0,0.061452513966480445,1.0924369747899159,24.0,16,1.920425487117687,0.9764751500904079,False,False
EXTREME_OPEN,3,CISD,4.0,2.0,0.4,0.0,0.5,343,1.0923566878980893,21.428571428571427,21.0,0.061224489795918366,1.0909090909090908,20.0,16,1.91223457059344,0.9899918388156173,False,False
EXTREME_OPEN,8,CISD,4.0,2.0,0.4,0.05,0.25,368,1.1719745222929936,21.405750798722046,22.0,0.059782608695652176,1.089430894308943,26.0,17,1.911984548284901,0.9887616989030402,False,False
LAST_OPPOSING,3,FIB_705,4.0,2.0,0.3,0.0,0.25,305,0.9713375796178344,21.192052980132452,18.0,0.05901639344262295,1.0756302521008403,16.0,15,2.331878727189496,1.254122325492309,False,False
LAST_OPPOSING,3,FIB_705,4.0,2.0,0.0,0.15,0.5,395,1.2579617834394905,21.1734693877551,23.0,0.05822784810126582,1.0744336569579287,34.0,15,2.3209495165167744,1.244425799987006,False,False
EXTREME_OPEN,5,CISD,4.0,2.0,0.4,0.0,0.25,362,1.1528662420382165,21.35922330097087,21.0,0.058011049723756904,1.0864197530864197,26.0,16,1.9039613377984603,0.9935000114475282,False,False
LAST_OPPOSING,8,FIB_618,4.0,2.0,0.4,0.0,0.25,284,0.9044585987261147,21.16788321167883,16.0,0.056338028169014086,1.0740740740740742,21.0,15,2.199042238207358,1.1520676342947864,False,False
LAST_OPPOSING,8,FIB_618,4.0,2.0,0.4,0.0,0.5,284,0.9044585987261147,21.16788321167883,16.0,0.056338028169014086,1.0740740740740742,21.0,15,2.168392827387077,1.1375958480792607,False,False
LAST_OPPOSING,8,FIB_618,4.0,2.0,0.4,0.05,0.25,284,0.9044585987261147,21.16788321167883,16.0,0.056338028169014086,1.0740740740740742,21.0,15,2.199042238207358,1.1520676342947864,False,False
LAST_OPPOSING,8,FIB_618,4.0,2.0,0.4,0.05,0.5,284,0.9044585987261147,21.16788321167883,16.0,0.056338028169014086,1.0740740740740742,21.0,15,2.168392827387077,1.1375958480792607,False,False
EXTREME_OPEN,3,FIB_618,4.0,2.0,0.3,0.05,0.25,346,1.1019108280254777,21.13095238095238,19.0,0.05491329479768786,1.0716981132075472,25.0,18,2.2316102126805193,1.1840876446489315,False,False
EXTREME_OPEN,3,FIB_618,4.0,2.0,0.3,0.05,0.5,346,1.1019108280254777,21.13095238095238,19.0,0.05491329479768786,1.0716981132075472,25.0,18,2.2010442614038785,1.170666926598822,False,False
LAST_OPPOSING,3,FIB_705,4.0,2.0,0.3,0.15,0.25,292,0.9299363057324841,21.10726643598616,16.0,0.0547945205479452,1.0701754385964912,17.0,14,2.337040673549788,1.2523574478685244,False,False
EXTREME_OPEN,5,CISD,4.0,2.0,0.4,0.05,0.5,360,1.1464968152866242,21.241830065359476,19.0,0.05277777777777778,1.0788381742738589,25.0,16,1.9159069366004464,0.984772759958382,False,False
EXTREME_OPEN,3,FIB_705,4.0,2.0,0.3,0.05,0.5,306,0.9745222929936306,21.052631578947366,16.0,0.05228758169934641,1.0666666666666667,19.0,16,2.3521353314281246,1.2664479573143517,False,False
EXTREME_OPEN,5,FIB_618,4.0,2.0,0.3,0.15,0.5,346,1.1019108280254777,21.068249258160236,18.0,0.05202312138728324,1.0676691729323309,23.0,18,2.1996332968908843,1.1776947065215626,False,False
EXTREME_OPEN,5,FIB_618,4.0,2.0,0.3,0.05,0.25,362,1.1528662420382165,21.022727272727273,18.0,0.049723756906077346,1.064748201438849,21.0,18,2.222735053739389,1.1902969695899623,False,False
EXTREME_OPEN,8,FIB_618,4.0,2.0,0.4,0.05,0.25,270,0.8598726114649682,20.99236641221374,13.0,0.04814814814814815,1.0628019323671498,23.0,23,2.2187478912950676,1.1854062282664464,False,False
LAST_OPPOSING,5,FIB_705,4.0,2.0,0.3,0.05,0.25,333,1.0605095541401275,20.972644376899694,16.0,0.04804804804804805,1.0615384615384615,20.0,16,2.293237224381688,1.2529117744989857,False,False
EXTREME_OPEN,5,FIB_705,4.0,2.0,0.3,0.05,0.5,322,1.0254777070063694,20.9375,15.0,0.046583850931677016,1.0592885375494072,16.0,16,2.3451642224825937,1.2720051707956652,False,False
EXTREME_OPEN,8,FIB_618,4.0,2.0,0.4,0.15,0.5,260,0.8280254777070064,20.948616600790515,12.0,0.046153846153846156,1.06,23.0,23,2.1970840109817162,1.1764171905955787,False,False
EXTREME_OPEN,8,FIB_618,4.0,2.0,0.3,0.15,0.25,353,1.124203821656051,20.930232558139537,16.0,0.0453257790368272,1.0588235294117647,24.0,18,2.202767499076552,1.1917039950505535,False,False
EXTREME_OPEN,5,FIB_618,4.0,2.0,0.4,0.05,0.5,266,0.8471337579617835,20.930232558139537,12.0,0.045112781954887216,1.0588235294117647,23.0,23,2.2111733455824987,1.1754026419647434,False,False
LAST_OPPOSING,5,FIB_705,4.0,2.0,0.3,0.0,0.25,334,1.0636942675159236,20.909090909090907,15.0,0.04491017964071856,1.0574712643678161,20.0,16,2.294483304936923,1.2551367396830395,False,False
EXTREME_OPEN,3,FIB_705,4.0,2.0,0.3,0.0,0.5,309,0.9840764331210191,20.846905537459286,13.0,0.042071197411003236,1.0534979423868314,19.0,16,2.3443802425198523,1.270933379262344,False,False
EXTREME_OPEN,5,FIB_618,4.0,2.0,0.4,0.0,0.25,267,0.8503184713375797,20.84942084942085,11.0,0.04119850187265917,1.053658536585366,24.0,24,2.2183568803828573,1.1884818508219501,False,False
EXTREME_OPEN,8,CISD,4.0,2.0,0.4,0.0,0.25,370,1.178343949044586,20.952380952380953,15.0,0.04054054054054054,1.0602409638554218,28.0,17,1.8950449424176532,0.9928797134916942,False,False
LAST_OPPOSING,5,FIB_705,4.0,2.0,0.3,0.15,0.25,321,1.0222929936305734,20.82018927444795,13.0,0.040498442367601244,1.051792828685259,23.0,15,2.2976644508806054,1.2535723880267602,False,False
EXTREME_OPEN,5,FIB_705,4.0,2.0,0.3,0.0,0.5,325,1.035031847133758,20.743034055727556,12.0,0.036923076923076927,1.046875,16.0,16,2.3378552712646883,1.276218474615621,False,False
EXTREME_OPEN,5,FIB_618,4.0,2.0,0.3,0.05,0.5,362,1.1528662420382165,20.738636363636363,13.0,0.03591160220994475,1.0465949820788532,26.0,18,2.191215721843748,1.1803493903795699,False,False
EXTREME_OPEN,8,CISD,4.0,2.0,0.4,0.05,0.5,368,1.1719745222929936,20.833333333333336,13.0,0.035326086956521736,1.0526315789473684,26.0,17,1.9064305081135426,0.984085972923482,False,False
EXTREME_OPEN,3,FIB_618,4.0,2.0,0.3,0.0,0.25,348,1.10828025477707,20.710059171597635,12.0,0.034482758620689655,1.044776119402985,25.0,19,2.2155766493687215,1.1908451678043868,False,False
EXTREME_OPEN,3,FIB_618,4.0,2.0,0.3,0.0,0.5,348,1.10828025477707,20.710059171597635,12.0,0.034482758620689655,1.044776119402985,25.0,19,2.185103653847079,1.1772422579767183,False,False
EXTREME_OPEN,3,FIB_705,4.0,2.0,0.3,0.15,0.5,292,0.9299363057324841,20.689655172413794,10.0,0.03424657534246575,1.0434782608695652,20.0,18,2.35628392253044,1.2716275260014576,False,False
EXTREME_OPEN,5,CISD,4.0,2.0,0.4,0.0,0.5,362,1.1528662420382165,20.77922077922078,12.0,0.03314917127071823,1.0491803278688525,26.0,16,1.8985965661207167,0.9889096683524068,False,False
EXTREME_OPEN,8,FIB_618,4.0,2.0,0.3,0.15,0.5,353,1.124203821656051,20.63953488372093,11.0,0.031161473087818695,1.0402930402930404,24.0,18,2.171331563058964,1.1817186046670742,False,False
EXTREME_OPEN,5,FIB_618,4.0,2.0,0.3,0.0,0.25,364,1.1592356687898089,20.62146892655367,11.0,0.03021978021978022,1.0391459074733096,21.0,19,2.207455027050864,1.1967233415905567,False,False
EXTREME_OPEN,8,FIB_618,4.0,2.0,0.3,0.05,0.25,369,1.1751592356687899,20.61281337047354,11.0,0.02981029810298103,1.03859649122807,22.0,18,2.19550197836931,1.1944407139282367,False,False
EXTREME_OPEN,8,FIB_618,4.0,2.0,0.4,0.05,0.5,270,0.8598726114649682,20.610687022900763,8.0,0.02962962962962963,1.0384615384615385,23.0,23,2.192066606418437,1.1784738759068276,False,False
EXTREME_OPEN,5,FIB_705,4.0,2.0,0.3,0.15,0.5,308,0.9808917197452229,20.588235294117645,9.0,0.02922077922077922,1.037037037037037,19.0,15,2.348780433770382,1.277168271592332,False,False
LAST_OPPOSING,8,FIB_705,4.0,2.0,0.3,0.05,0.25,340,1.0828025477707006,20.535714285714285,9.0,0.026470588235294117,1.0337078651685394,21.0,16,2.2770340972068537,1.260101695728394,False,False
EXTREME_OPEN,8,FIB_618,4.0,2.0,0.4,0.0,0.25,271,0.8630573248407644,20.53231939163498,7.0,0.025830258302583026,1.0334928229665072,24.0,24,2.199518864498682,1.1919086850358867,False,False
EXTREME_OPEN,8,FIB_705,4.0,2.0,0.3,0.05,0.5,329,1.0477707006369428,20.489296636085626,8.0,0.0243161094224924,1.0307692307692307,16.0,16,2.3174867144902893,1.276566575311172,False,False
LAST_OPPOSING,8,FIB_705,4.0,2.0,0.3,0.0,0.25,341,1.085987261146497,20.474777448071215,8.0,0.02346041055718475,1.0298507462686568,21.0,16,2.2783021148978313,1.2622599023273515,False,False
EXTREME_OPEN,5,FIB_618,4.0,2.0,0.4,0.0,0.5,267,0.8503184713375797,20.463320463320464,6.0,0.02247191011235955,1.029126213592233,24.0,24,2.1916691220284865,1.1817891992974054,False,False
LAST_OPPOSING,5,FIB_618,4.0,2.0,0.3,0.15,0.25,364,1.1592356687898089,20.396600566572236,7.0,0.019230769230769232,1.0249110320284698,22.0,17,2.148971858674014,1.1694752095236194,False,False
LAST_OPPOSING,5,FIB_618,4.0,2.0,0.3,0.15,0.5,364,1.1592356687898089,20.396600566572236,7.0,0.019230769230769232,1.0249110320284698,22.0,17,2.115574414312632,1.1532361578978358,False,False
LAST_OPPOSING,8,FIB_705,4.0,2.0,0.3,0.15,0.25,328,1.0445859872611465,20.37037037037037,6.0,0.018292682926829267,1.0232558139534884,25.0,15,2.280774042877751,1.2610112566953713,False,False
LAST_OPPOSING,3,FIB_618,4.0,2.0,0.3,0.15,0.25,333,1.0605095541401275,20.37037037037037,6.0,0.018018018018018018,1.0232558139534884,23.0,14,2.175484752531208,1.173445158270073,False,False
LAST_OPPOSING,3,FIB_618,4.0,2.0,0.3,0.15,0.5,333,1.0605095541401275,20.37037037037037,6.0,0.018018018018018018,1.0232558139534884,23.0,14,2.1399286253649623,1.1576429176770129,False,False
EXTREME_OPEN,5,FIB_618,4.0,2.0,0.3,0.0,0.5,364,1.1592356687898089,20.33898305084746,6.0,0.016483516483516484,1.0212765957446808,26.0,19,2.176029803298017,1.1865824958519504,False,False
EXTREME_OPEN,8,FIB_618,4.0,2.0,0.3,0.05,0.5,369,1.1751592356687899,20.334261838440113,6.0,0.016260162601626018,1.020979020979021,27.0,19,2.1643008464580085,1.1841484507003275,False,False
EXTREME_OPEN,8,CISD,4.0,2.0,0.4,0.0,0.5,370,1.178343949044586,20.382165605095544,6.0,0.016216216216216217,1.024,28.0,17,1.8895456398522223,0.9881371470118787,False,False
EXTREME_OPEN,8,FIB_705,4.0,2.0,0.3,0.0,0.5,332,1.0573248407643312,20.303030303030305,5.0,0.015060240963855422,1.0190114068441065,17.0,16,2.310581965629318,1.2806498269013504,False,False
EXTREME_OPEN,8,FIB_618,4.0,2.0,0.3,0.0,0.25,371,1.1815286624203822,20.221606648199447,4.0,0.01078167115902965,1.0138888888888888,23.0,19,2.180657063102779,1.200723495382522,False,False
EXTREME_OPEN,8,FIB_618,4.0,2.0,0.4,0.0,0.5,271,0.8630573248407644,20.15209125475285,2.0,0.007380073800738007,1.0095238095238095,24.0,24,2.1729207726554955,1.1847548337440184,False,False
EXTREME_OPEN,8,FIB_705,4.0,2.0,0.3,0.15,0.5,315,1.0031847133757963,20.12779552715655,2.0,0.006349206349206349,1.008,20.0,15,2.319792454060913,1.2818176696241579,False,False
LAST_OPPOSING,5,FIB_618,4.0,2.0,0.3,0.05,0.25,378,1.2038216560509554,19.94535519125683,-1.0,-0.0026455026455026454,0.9965870307167235,24.0,18,2.1402216191026637,1.1754547603259398,False,False
LAST_OPPOSING,5,FIB_618,4.0,2.0,0.3,0.05,0.5,378,1.2038216560509554,19.94535519125683,-1.0,-0.0026455026455026454,0.9965870307167235,24.0,18,2.1070928339457446,1.15904320705757,False,False
LAST_OPPOSING,8,FIB_618,4.0,2.0,0.3,0.15,0.25,372,1.1847133757961783,19.94459833795014,-1.0,-0.002688172043010753,0.9965397923875432,23.0,18,2.123819824631749,1.1755006685671288,False,False
LAST_OPPOSING,8,FIB_618,4.0,2.0,0.3,0.15,0.5,372,1.1847133757961783,19.94459833795014,-1.0,-0.002688172043010753,0.9965397923875432,23.0,18,2.090693828344231,1.158842832380489,False,False
EXTREME_OPEN,8,FIB_618,4.0,2.0,0.3,0.0,0.5,371,1.1815286624203822,19.94459833795014,-1.0,-0.0026954177897574125,0.9965397923875432,28.0,19,2.149546548345139,1.1902434702995321,False,False
LAST_OPPOSING,5,FIB_618,4.0,2.0,0.3,0.0,0.25,379,1.2070063694267517,19.891008174386922,-2.0,-0.005277044854881266,0.9931972789115646,24.0,18,2.13952409177886,1.1770293423161393,False,False
LAST_OPPOSING,5,FIB_618,4.0,2.0,0.3,0.0,0.5,379,1.2070063694267517,19.891008174386922,-2.0,-0.005277044854881266,0.9931972789115646,24.0,18,2.106417685139503,1.1605996516904529,False,False
LAST_OPPOSING,3,FIB_618,4.0,2.0,0.3,0.05,0.25,347,1.105095541401274,19.881305637982198,-2.0,-0.005763688760806916,0.9925925925925926,25.0,15,2.164883106790657,1.1797987344107839,False,False
LAST_OPPOSING,3,FIB_618,4.0,2.0,0.3,0.05,0.5,347,1.105095541401274,19.881305637982198,-2.0,-0.005763688760806916,0.9925925925925926,25.0,15,2.1297067339141957,1.1637909578656902,False,False
LAST_OPPOSING,3,FIB_618,4.0,2.0,0.3,0.0,0.25,348,1.10828025477707,19.82248520710059,-3.0,-0.008620689655172414,0.988929889298893,25.0,15,2.1640525770682157,1.1815010982044643,False,False
LAST_OPPOSING,3,FIB_618,4.0,2.0,0.3,0.0,0.5,348,1.10828025477707,19.82248520710059,-3.0,-0.008620689655172414,0.988929889298893,25.0,15,2.1289064600707075,1.1654724083399846,False,False
LAST_OPPOSING,3,FIB_705,4.0,2.0,0.3,0.05,0.5,303,0.964968152866242,19.666666666666664,-5.0,-0.0165016501650165,0.979253112033195,21.0,15,2.2940593986639426,1.2520986800038787,False,False
LAST_OPPOSING,3,FIB_705,4.0,2.0,0.3,0.0,0.5,304,0.9681528662420382,19.601328903654487,-6.0,-0.019736842105263157,0.9752066115702479,22.0,15,2.2952752688786915,1.254435033557786,False,False
LAST_OPPOSING,8,FIB_618,4.0,2.0,0.3,0.05,0.25,386,1.2292993630573248,19.518716577540108,-9.0,-0.023316062176165803,0.9700996677740864,25.0,19,2.116163187115223,1.1811377508901026,False,False
LAST_OPPOSING,8,FIB_618,4.0,2.0,0.3,0.05,0.5,386,1.2292993630573248,19.518716577540108,-9.0,-0.023316062176165803,0.9700996677740864,25.0,19,2.083290436698827,1.1643261773017903,False,False
LAST_OPPOSING,5,FIB_705,4.0,2.0,0.3,0.05,0.5,332,1.0573248407643312,19.51219512195122,-8.0,-0.024096385542168676,0.9696969696969697,26.0,16,2.2587925288302957,1.2506943790038199,False,False
LAST_OPPOSING,8,FIB_618,4.0,2.0,0.3,0.0,0.25,387,1.232484076433121,19.466666666666665,-10.0,-0.025839793281653745,0.9668874172185431,25.0,19,2.115542245451828,1.182665098651657,False,False
LAST_OPPOSING,8,FIB_618,4.0,2.0,0.3,0.0,0.5,387,1.232484076433121,19.466666666666665,-10.0,-0.025839793281653745,0.9668874172185431,25.0,19,2.082690749359503,1.1658367962827163,False,False
LAST_OPPOSING,5,FIB_705,4.0,2.0,0.3,0.0,0.5,333,1.0605095541401275,19.45288753799392,-9.0,-0.02702702702702703,0.9660377358490566,27.0,16,2.260008418965783,1.2528314834524323,False,False
LAST_OPPOSING,3,FIB_705,4.0,2.0,0.3,0.15,0.5,291,0.9267515923566879,19.444444444444446,-8.0,-0.027491408934707903,0.9655172413793104,23.0,14,2.3003985097694257,1.2538984037342886,False,False
LAST_OPPOSING,5,FIB_705,4.0,2.0,0.3,0.15,0.5,320,1.019108280254777,19.303797468354432,-11.0,-0.034375,0.9568627450980393,27.0,15,2.2632346503730822,1.2522783414836591,False,False
LAST_OPPOSING,8,FIB_705,4.0,2.0,0.3,0.05,0.5,339,1.0796178343949046,19.1044776119403,-15.0,-0.04424778761061947,0.9446494464944649,29.0,16,2.242352394111724,1.2568112609572724,False,False
LAST_OPPOSING,8,FIB_705,4.0,2.0,0.3,0.0,0.5,340,1.0828025477707006,19.047619047619047,-16.0,-0.047058823529411764,0.9411764705882353,30.0,16,2.2435916045524174,1.2588863753673738,False,False
LAST_OPPOSING,8,FIB_705,4.0,2.0,0.3,0.15,0.5,327,1.0414012738853504,18.885448916408667,-18.0,-0.05504587155963303,0.9312977099236641,30.0,15,2.246096116671568,1.2585857887156517,False,False
