max_cisd_bars,entry,rr,stop_buffer,sr_max_atr,sweep_min_atr,rejection_min,volume_min,displacement_min_atr,ifvg_required,fvg_required,absorption,train_trades,train_wr,train_exp_r,train_pf,train_dd_r,valid_trades,valid_wr,valid_exp_r,valid_pf,valid_dd_r,target_50,robust_wr,robust_exp
5,NO_FIB,4.0,0.25,0.15,,,,0.75,False,False,NONE,268,38.43283582089552,0.9216417910447762,2.496969696969697,10.0,130,36.92307692307693,0.8461538461538461,2.341463414634146,8.0,False,36.92307692307693,0.8461538461538461
5,NO_FIB,4.0,0.5,0.15,,,,0.75,False,False,NONE,267,38.95131086142322,0.947565543071161,2.552147239263804,10.0,130,36.92307692307693,0.8461538461538461,2.341463414634146,8.0,False,36.92307692307693,0.8461538461538461
3,NO_FIB,4.0,0.5,0.5,,,,0.75,False,False,NONE,502,36.85258964143426,0.8426294820717132,2.334384858044164,10.0,250,36.8,0.84,2.329113924050633,8.0,False,36.8,0.84
8,NO_FIB,4.0,0.5,0.5,,,,0.75,False,False,NONE,528,36.74242424242424,0.8371212121212122,2.3233532934131738,10.0,264,37.121212121212125,0.8560606060606061,2.36144578313253,13.0,False,36.74242424242424,0.8371212121212122
5,NO_FIB,4.0,0.5,0.5,,,,0.75,False,False,NONE,524,36.6412213740458,0.8320610687022901,2.3132530120481927,10.0,261,37.547892720306514,0.8773946360153256,2.4049079754601226,12.0,False,36.6412213740458,0.8320610687022901
8,NO_FIB,4.0,0.25,0.15,,,,0.75,False,False,NONE,270,38.14814814814815,0.9074074074074074,2.467065868263473,10.0,131,36.6412213740458,0.8320610687022901,2.3132530120481927,9.0,False,36.6412213740458,0.8320610687022901
8,NO_FIB,4.0,0.5,0.15,,,,0.75,False,False,NONE,269,38.66171003717472,0.933085501858736,2.521212121212121,10.0,131,36.6412213740458,0.8320610687022901,2.3132530120481927,9.0,False,36.6412213740458,0.8320610687022901
5,NO_FIB,4.0,0.5,,,,,0.75,False,False,NONE,926,36.60907127429805,0.8304535637149028,2.3100511073253838,14.0,419,36.9928400954654,0.8496420047732697,2.3484848484848486,12.0,False,36.60907127429805,0.8304535637149028
3,NO_FIB,4.0,0.5,,,,,0.75,False,False,NONE,893,36.73012318029115,0.8365061590145577,2.3221238938053097,13.0,399,36.59147869674185,0.8295739348370927,2.308300395256917,12.0,False,36.59147869674185,0.8295739348370927
8,NO_FIB,4.0,0.5,,,,,0.75,False,False,NONE,935,36.57754010695187,0.8288770053475936,2.3069139966273187,14.0,423,36.87943262411347,0.8439716312056738,2.337078651685393,12.0,False,36.57754010695187,0.8288770053475936
3,NO_FIB,4.0,0.25,0.5,,,,0.75,False,False,NONE,504,36.507936507936506,0.8253968253968254,2.3,10.0,250,36.8,0.84,2.329113924050633,8.0,False,36.507936507936506,0.8253968253968254
8,NO_FIB,4.0,0.25,0.5,,,,0.75,False,False,NONE,530,36.41509433962264,0.8207547169811321,2.29080118694362,10.0,264,37.121212121212125,0.8560606060606061,2.36144578313253,13.0,False,36.41509433962264,0.8207547169811321
5,NO_FIB,4.0,0.25,,,,,0.75,False,False,NONE,928,36.422413793103445,0.8211206896551724,2.2915254237288134,14.0,421,36.342042755344416,0.8171021377672208,2.283582089552239,12.0,False,36.342042755344416,0.8171021377672208
5,NO_FIB,4.0,0.5,,0.05,,,0.75,False,False,NONE,883,36.35334088335221,0.8176670441676104,2.284697508896797,14.0,399,36.34085213032581,0.8170426065162907,2.283464566929134,9.0,False,36.34085213032581,0.8170426065162907
5,NO_FIB,4.0,0.25,0.5,,,,0.75,False,False,NONE,526,36.31178707224335,0.8155893536121673,2.280597014925373,10.0,261,37.547892720306514,0.8773946360153256,2.4049079754601226,12.0,False,36.31178707224335,0.8155893536121673
5,NO_FIB,4.0,0.25,0.15,0.15,,,0.5,False,False,NONE,250,38.8,0.94,2.5359477124183005,9.0,113,36.283185840707965,0.8141592920353983,2.2777777777777777,7.0,False,36.283185840707965,0.8141592920353983
8,NO_FIB,4.0,0.25,,,,,0.75,False,False,NONE,937,36.392742796157954,0.8196371398078975,2.2885906040268456,14.0,425,36.23529411764706,0.8117647058823529,2.273062730627306,12.0,False,36.23529411764706,0.8117647058823529
8,NO_FIB,4.0,0.5,,0.05,,,0.75,False,False,NONE,892,36.32286995515695,0.8161434977578476,2.2816901408450705,14.0,403,36.22828784119106,0.8114143920595533,2.272373540856031,9.0,False,36.22828784119106,0.8114143920595533
3,NO_FIB,4.0,0.25,,,,,0.75,False,False,NONE,895,36.53631284916201,0.8268156424581006,2.3028169014084505,13.0,400,36.0,0.8,2.25,12.0,False,36.0,0.8
5,NO_FIB,4.0,0.25,0.15,0.15,,,0.75,False,False,NONE,164,39.02439024390244,0.951219512195122,2.56,8.0,75,36.0,0.8,2.25,6.0,False,36.0,0.8
5,NO_FIB,4.0,0.5,0.15,0.15,,,0.75,False,False,NONE,163,39.2638036809816,0.9631901840490796,2.585858585858586,8.0,75,36.0,0.8,2.25,6.0,False,36.0,0.8
8,NO_FIB,4.0,0.25,0.15,0.15,,,0.5,False,False,NONE,253,38.3399209486166,0.91699604743083,2.4871794871794872,9.0,114,35.96491228070175,0.7982456140350878,2.246575342465753,7.0,False,35.96491228070175,0.7982456140350878
8,NO_FIB,4.0,0.5,0.5,0.05,,,0.75,False,False,NONE,501,35.92814371257485,0.7964071856287425,2.2429906542056077,10.0,248,36.29032258064516,0.8145161290322581,2.278481012658228,13.0,False,35.92814371257485,0.7964071856287425
3,NO_FIB,4.0,0.5,0.5,0.05,,,0.75,False,False,NONE,475,36.0,0.8,2.25,10.0,234,35.8974358974359,0.7948717948717948,2.24,12.0,False,35.8974358974359,0.7948717948717948
8,FIB_786,4.0,0.5,0.15,,0.4,,0.3,False,False,NONE,195,35.8974358974359,0.7948717948717948,2.24,12.0,89,35.95505617977528,0.797752808988764,2.245614035087719,12.0,False,35.8974358974359,0.7948717948717948
3,NO_FIB,4.0,0.5,,0.05,,,0.75,False,False,NONE,849,36.39575971731448,0.8197879858657244,2.2888888888888888,13.0,379,35.88390501319261,0.7941952506596306,2.2386831275720165,12.0,False,35.88390501319261,0.7941952506596306
3,NO_FIB,4.0,0.25,0.5,0.05,,,0.75,False,False,NONE,477,35.84905660377358,0.7924528301886793,2.235294117647059,10.0,234,35.8974358974359,0.7948717948717948,2.24,12.0,False,35.84905660377358,0.7924528301886793
5,NO_FIB,4.0,0.5,0.5,0.05,,,0.75,False,False,NONE,497,35.8148893360161,0.7907444668008048,2.231974921630094,10.0,245,36.734693877551024,0.8367346938775511,2.3225806451612905,12.0,False,35.8148893360161,0.7907444668008048
8,NO_FIB,4.0,0.25,0.5,0.05,,,0.75,False,False,NONE,503,35.785288270377734,0.7892644135188867,2.2291021671826625,10.0,248,36.29032258064516,0.8145161290322581,2.278481012658228,13.0,False,35.785288270377734,0.7892644135188867
5,NO_FIB,4.0,0.5,0.15,0.15,,,0.5,False,False,NONE,249,38.95582329317269,0.9477911646586346,2.5526315789473686,9.0,112,35.714285714285715,0.7857142857142857,2.2222222222222223,7.0,False,35.714285714285715,0.7857142857142857
5,NO_FIB,4.0,0.25,0.5,0.05,,,0.75,False,False,NONE,499,35.671342685370746,0.7835671342685371,2.218068535825545,10.0,245,36.734693877551024,0.8367346938775511,2.3225806451612905,12.0,False,35.671342685370746,0.7835671342685371
5,NO_FIB,4.0,0.25,,0.05,,,0.75,False,False,NONE,885,36.271186440677965,0.8135593220338984,2.276595744680851,14.0,401,35.66084788029925,0.7830423940149626,2.2170542635658914,10.0,False,35.66084788029925,0.7830423940149626
8,NO_FIB,4.0,0.25,,0.05,,,0.75,False,False,NONE,894,36.24161073825504,0.8120805369127517,2.273684210526316,14.0,405,35.55555555555556,0.7777777777777778,2.206896551724138,11.0,False,35.55555555555556,0.7777777777777778
8,NO_FIB,4.0,0.25,0.15,0.15,,,0.75,False,False,NONE,165,38.78787878787879,0.9393939393939394,2.5346534653465347,8.0,76,35.526315789473685,0.7763157894736842,2.204081632653061,7.0,False,35.526315789473685,0.7763157894736842
8,NO_FIB,4.0,0.5,0.15,0.15,,,0.75,False,False,NONE,164,39.02439024390244,0.951219512195122,2.56,8.0,76,35.526315789473685,0.7763157894736842,2.204081632653061,7.0,False,35.526315789473685,0.7763157894736842
3,NO_FIB,4.0,0.5,,0.15,,,0.75,False,False,NONE,722,35.59556786703601,0.7797783933518005,2.210752688172043,12.0,321,35.51401869158878,0.7757009345794392,2.2028985507246377,11.0,False,35.51401869158878,0.7757009345794392
5,NO_FIB,4.0,0.5,,0.15,,,0.75,False,False,NONE,757,35.53500660501982,0.7767503302509907,2.2049180327868854,12.0,341,35.483870967741936,0.7741935483870968,2.2,13.0,False,35.483870967741936,0.7741935483870968
5,NO_FIB,4.0,0.25,0.15,0.15,,,0.3,False,False,NONE,322,36.95652173913043,0.8478260869565217,2.3448275862068964,11.0,141,35.46099290780142,0.7730496453900709,2.197802197802198,11.0,False,35.46099290780142,0.7730496453900709
8,NO_FIB,4.0,0.5,0.15,0.15,,,0.5,False,False,NONE,252,38.49206349206349,0.9246031746031746,2.503225806451613,9.0,113,35.39823008849557,0.7699115044247787,2.191780821917808,7.0,False,35.39823008849557,0.7699115044247787
3,NO_FIB,4.0,0.25,0.5,,,,0.5,False,False,NONE,833,35.53421368547419,0.7767106842737095,2.2048417132216014,14.0,390,35.38461538461539,0.7692307692307693,2.1904761904761907,11.0,False,35.38461538461539,0.7692307692307693
8,NO_FIB,4.0,0.5,,0.15,,,0.75,False,False,NONE,764,35.602094240837694,0.7801047120418848,2.2113821138211383,12.0,345,35.36231884057971,0.7681159420289855,2.188340807174888,13.0,False,35.36231884057971,0.7681159420289855
5,NO_FIB,4.0,0.25,0.5,,,,0.5,False,False,NONE,877,35.34777651083238,0.7673888255416191,2.18694885361552,14.0,406,35.714285714285715,0.7857142857142857,2.2222222222222223,11.0,False,35.34777651083238,0.7673888255416191
3,NO_FIB,4.0,0.25,,0.05,,,0.75,False,False,NONE,851,36.310223266745005,0.8155111633372503,2.2804428044280445,13.0,380,35.26315789473684,0.7631578947368421,2.178861788617886,12.0,False,35.26315789473684,0.7631578947368421
8,NO_FIB,4.0,0.25,0.5,,,,0.5,False,False,NONE,885,35.25423728813559,0.7627118644067796,2.178010471204189,13.0,408,35.53921568627451,0.7769607843137255,2.20532319391635,11.0,False,35.25423728813559,0.7627118644067796
5,FIB_786,4.0,0.5,0.15,,0.4,,0.3,False,False,NONE,194,36.08247422680412,0.8041237113402062,2.2580645161290325,12.0,88,35.22727272727273,0.7613636363636364,2.175438596491228,12.0,False,35.22727272727273,0.7613636363636364
8,NO_FIB,4.0,0.25,0.15,0.15,,,0.3,False,False,NONE,325,36.61538461538461,0.8307692307692308,2.3106796116504853,11.0,142,35.2112676056338,0.7605633802816901,2.1739130434782608,11.0,False,35.2112676056338,0.7605633802816901
3,NO_FIB,4.0,0.5,0.5,,,,0.5,False,False,NONE,824,35.31553398058252,0.7657766990291263,2.1838649155722325,14.0,387,35.14211886304909,0.7571059431524548,2.1673306772908365,11.0,False,35.14211886304909,0.7571059431524548
5,NO_FIB,4.0,0.5,0.5,,,,0.5,False,False,NONE,868,35.13824884792627,0.7569124423963134,2.1669626998223803,14.0,403,35.483870967741936,0.7741935483870968,2.2,11.0,False,35.13824884792627,0.7569124423963134
5,FIB_786,4.0,0.25,0.3,,0.4,,0.3,False,False,BASIC,134,35.07462686567165,0.753731343283582,2.160919540229885,10.0,61,36.0655737704918,0.8032786885245902,2.2564102564102564,8.0,False,35.07462686567165,0.753731343283582
5,FIB_786,4.0,0.25,0.3,,0.4,1.2,0.3,False,False,NONE,134,35.07462686567165,0.753731343283582,2.160919540229885,10.0,61,36.0655737704918,0.8032786885245902,2.2564102564102564,8.0,False,35.07462686567165,0.753731343283582
5,FIB_786,4.0,0.25,0.3,,0.4,1.2,0.3,False,False,BASIC,134,35.07462686567165,0.753731343283582,2.160919540229885,10.0,61,36.0655737704918,0.8032786885245902,2.2564102564102564,8.0,False,35.07462686567165,0.753731343283582
8,NO_FIB,4.0,0.5,0.5,,,,0.5,False,False,NONE,876,35.04566210045662,0.752283105022831,2.15817223198594,13.0,405,35.30864197530864,0.7654320987654321,2.183206106870229,11.0,False,35.04566210045662,0.752283105022831
3,NO_FIB,4.0,0.25,,,,,0.5,False,False,NONE,1384,35.043352601156066,0.7521676300578035,2.1579532814238043,13.0,634,35.96214511041009,0.7981072555205048,2.246305418719212,16.0,False,35.043352601156066,0.7521676300578035
5,NO_FIB,4.0,0.25,0.15,0.05,,,0.75,False,False,NONE,245,37.55102040816327,0.8775510204081632,2.4052287581699345,9.0,117,35.04273504273504,0.7521367521367521,2.1578947368421053,8.0,False,35.04273504273504,0.7521367521367521
5,NO_FIB,4.0,0.5,0.15,0.05,,,0.75,False,False,NONE,244,37.704918032786885,0.8852459016393442,2.421052631578948,9.0,117,35.04273504273504,0.7521367521367521,2.1578947368421053,8.0,False,35.04273504273504,0.7521367521367521
3,NO_FIB,4.0,0.5,,,,,0.5,False,False,NONE,1373,35.03277494537509,0.7516387472687546,2.15695067264574,13.0,630,35.87301587301587,0.7936507936507936,2.237623762376238,16.0,False,35.03277494537509,0.7516387472687546
3,NO_FIB,4.0,0.25,0.15,,,,0.75,False,False,NONE,257,38.13229571984436,0.906614785992218,2.4654088050314464,10.0,123,34.959349593495936,0.7479674796747967,2.15,7.0,False,34.959349593495936,0.7479674796747967
3,NO_FIB,4.0,0.5,0.15,,,,0.75,False,False,NONE,256,38.671875,0.93359375,2.522292993630573,10.0,123,34.959349593495936,0.7479674796747967,2.15,7.0,False,34.959349593495936,0.7479674796747967
5,NO_FIB,4.0,0.25,,,,,0.5,False,False,NONE,1454,34.93810178817056,0.7469050894085282,2.1479915433403804,13.0,655,36.03053435114504,0.8015267175572519,2.252983293556086,17.0,False,34.93810178817056,0.7469050894085282
5,NO_FIB,4.0,0.5,,,,,0.5,False,False,NONE,1443,34.92723492723493,0.7463617463617463,2.146964856230032,13.0,651,36.098310291858674,0.804915514592934,2.2596153846153846,17.0,False,34.92723492723493,0.7463617463617463
5,FIB_786,4.0,0.25,0.15,,0.4,,0.3,False,False,NONE,195,34.87179487179487,0.7435897435897436,2.141732283464567,12.0,88,36.36363636363637,0.8181818181818182,2.2857142857142856,12.0,False,34.87179487179487,0.7435897435897436
8,FIB_786,4.0,0.25,0.15,0.05,0.4,,0.3,False,False,NONE,175,34.85714285714286,0.7428571428571429,2.1403508771929824,9.0,83,34.93975903614458,0.7469879518072289,2.1481481481481484,12.0,False,34.85714285714286,0.7428571428571429
5,FIB_786,4.0,0.25,0.3,0.05,0.4,,0.3,False,False,BASIC,132,34.84848484848485,0.7424242424242424,2.13953488372093,10.0,60,35.0,0.75,2.1538461538461537,8.0,False,34.84848484848485,0.7424242424242424
5,FIB_786,4.0,0.25,0.3,0.05,0.4,1.2,0.3,False,False,NONE,132,34.84848484848485,0.7424242424242424,2.13953488372093,10.0,60,35.0,0.75,2.1538461538461537,8.0,False,34.84848484848485,0.7424242424242424
5,FIB_786,4.0,0.25,0.3,0.05,0.4,1.2,0.3,False,False,BASIC,132,34.84848484848485,0.7424242424242424,2.13953488372093,10.0,60,35.0,0.75,2.1538461538461537,8.0,False,34.84848484848485,0.7424242424242424
8,NO_FIB,4.0,0.25,,,,,0.5,False,False,NONE,1470,34.82993197278911,0.7414965986394558,2.137787056367432,13.0,659,35.81183611532625,0.7905918057663126,2.231678486997636,17.0,False,34.82993197278911,0.7414965986394558
3,FIB_705,4.0,0.25,0.15,,0.4,,0.3,False,False,NONE,224,34.82142857142857,0.7410714285714286,2.136986301369863,16.0,106,38.67924528301887,0.9339622641509434,2.523076923076923,12.0,False,34.82142857142857,0.7410714285714286
8,NO_FIB,4.0,0.5,,,,,0.5,False,False,NONE,1459,34.81836874571624,0.7409184372858122,2.136698212407992,13.0,655,35.87786259541985,0.7938931297709924,2.238095238095238,17.0,False,34.81836874571624,0.7409184372858122
5,FIB_705,4.0,0.25,0.15,,0.4,,0.3,False,False,NONE,227,34.801762114537446,0.7400881057268722,2.135135135135135,16.0,108,39.81481481481482,0.9907407407407408,2.646153846153846,12.0,False,34.801762114537446,0.7400881057268722
5,NO_FIB,4.0,0.25,,0.15,,,0.75,False,False,NONE,759,35.44137022397892,0.7720685111989459,2.195918367346939,12.0,342,34.7953216374269,0.7397660818713451,2.1345291479820627,13.0,False,34.7953216374269,0.7397660818713451
3,NO_FIB,4.0,0.25,,0.15,,,0.75,False,False,NONE,724,35.49723756906077,0.7748618784530387,2.201284796573876,12.0,322,34.78260869565217,0.7391304347826086,2.1333333333333333,11.0,False,34.78260869565217,0.7391304347826086
5,FIB_705,4.0,0.25,0.15,,0.4,,0.5,False,False,NONE,161,34.78260869565217,0.7391304347826086,2.1333333333333333,13.0,83,38.55421686746988,0.927710843373494,2.5098039215686274,11.0,False,34.78260869565217,0.7391304347826086
5,FIB_705,4.0,0.5,0.15,,0.4,,0.5,False,False,NONE,161,34.78260869565217,0.7391304347826086,2.1333333333333333,13.0,83,38.55421686746988,0.927710843373494,2.5098039215686274,11.0,False,34.78260869565217,0.7391304347826086
5,FIB_705,4.0,0.25,0.15,,0.3,,0.5,False,False,NONE,204,34.80392156862745,0.7401960784313726,2.1353383458646618,13.0,118,34.74576271186441,0.7372881355932204,2.1298701298701297,11.0,False,34.74576271186441,0.7372881355932204
5,FIB_705,4.0,0.5,0.15,,0.3,,0.5,False,False,NONE,204,34.80392156862745,0.7401960784313726,2.1353383458646618,13.0,118,34.74576271186441,0.7372881355932204,2.1298701298701297,11.0,False,34.74576271186441,0.7372881355932204
8,NO_FIB,4.0,0.25,0.15,0.05,,,0.75,False,False,NONE,247,37.24696356275304,0.8623481781376519,2.3741935483870966,9.0,118,34.74576271186441,0.7372881355932204,2.1298701298701297,9.0,False,34.74576271186441,0.7372881355932204
8,NO_FIB,4.0,0.5,0.15,0.05,,,0.75,False,False,NONE,246,37.39837398373984,0.8699186991869918,2.389610389610389,9.0,118,34.74576271186441,0.7372881355932204,2.1298701298701297,9.0,False,34.74576271186441,0.7372881355932204
3,FIB_786,4.0,0.25,0.15,,0.4,,0.3,False,False,NONE,193,34.715025906735754,0.7357512953367875,2.126984126984127,12.0,87,35.63218390804598,0.7816091954022989,2.2142857142857144,12.0,False,34.715025906735754,0.7357512953367875
8,FIB_786,4.0,0.25,0.15,,0.4,,0.3,False,False,NONE,196,34.69387755102041,0.7346938775510204,2.125,12.0,89,37.07865168539326,0.8539325842696629,2.357142857142857,12.0,False,34.69387755102041,0.7346938775510204
8,NO_FIB,4.0,0.25,,0.15,,,0.75,False,False,NONE,766,35.50913838120104,0.7754569190600522,2.2024291497975708,12.0,346,34.68208092485549,0.7341040462427746,2.1238938053097347,13.0,False,34.68208092485549,0.7341040462427746
8,FIB_705,4.0,0.25,0.15,,0.4,,0.3,False,False,NONE,228,34.64912280701755,0.7324561403508771,2.120805369127517,16.0,109,39.44954128440367,0.9724770642201837,2.606060606060606,12.0,False,34.64912280701755,0.7324561403508771
5,NO_FIB,4.0,0.25,0.3,,,,0.75,False,False,NONE,409,36.67481662591688,0.8337408312958435,2.3166023166023164,9.0,205,34.63414634146341,0.7317073170731707,2.1194029850746268,9.0,False,34.63414634146341,0.7317073170731707
5,NO_FIB,4.0,0.5,0.3,,,,0.75,False,False,NONE,408,37.00980392156863,0.8504901960784313,2.350194552529183,9.0,205,34.63414634146341,0.7317073170731707,2.1194029850746268,9.0,False,34.63414634146341,0.7317073170731707
5,NO_FIB,4.0,0.25,0.15,,,,0.5,False,False,NONE,450,38.22222222222222,0.9111111111111112,2.474820143884892,8.0,208,34.61538461538461,0.7307692307692307,2.117647058823529,8.0,False,34.61538461538461,0.7307692307692307
5,NO_FIB,4.0,0.25,0.15,0.15,,,,False,False,NONE,392,35.204081632653065,0.7602040816326531,2.173228346456693,10.0,182,34.61538461538461,0.7307692307692307,2.117647058823529,12.0,False,34.61538461538461,0.7307692307692307
3,FIB_705,4.0,0.25,0.15,,0.4,,0.5,False,False,NONE,159,34.59119496855346,0.7295597484276729,2.1153846153846154,13.0,82,37.80487804878049,0.8902439024390244,2.431372549019608,11.0,False,34.59119496855346,0.7295597484276729
3,FIB_705,4.0,0.5,0.15,,0.4,,0.5,False,False,NONE,159,34.59119496855346,0.7295597484276729,2.1153846153846154,13.0,82,37.80487804878049,0.8902439024390244,2.431372549019608,11.0,False,34.59119496855346,0.7295597484276729
5,NO_FIB,4.0,0.25,0.5,0.05,,,0.5,False,False,NONE,824,34.5873786407767,0.7293689320388349,2.115027829313544,17.0,381,34.645669291338585,0.7322834645669292,2.1204819277108435,13.0,False,34.5873786407767,0.7293689320388349
3,NO_FIB,4.0,0.25,0.15,0.15,,,0.5,False,False,NONE,234,38.88888888888889,0.9444444444444444,2.5454545454545454,9.0,107,34.57943925233645,0.7289719626168224,2.1142857142857143,8.0,False,34.57943925233645,0.7289719626168224
8,FIB_705,4.0,0.25,0.15,,0.4,,0.5,False,False,NONE,162,34.5679012345679,0.7283950617283951,2.1132075471698117,13.0,84,38.095238095238095,0.9047619047619048,2.4615384615384617,11.0,False,34.5679012345679,0.7283950617283951
8,FIB_705,4.0,0.5,0.15,,0.4,,0.5,False,False,NONE,162,34.5679012345679,0.7283950617283951,2.1132075471698117,13.0,84,38.095238095238095,0.9047619047619048,2.4615384615384617,11.0,False,34.5679012345679,0.7283950617283951
8,FIB_786,4.0,0.25,0.3,,0.4,,0.3,False,False,BASIC,136,34.55882352941176,0.7279411764705882,2.1123595505617976,10.0,61,36.0655737704918,0.8032786885245902,2.2564102564102564,8.0,False,34.55882352941176,0.7279411764705882
8,FIB_786,4.0,0.25,0.3,,0.4,1.2,0.3,False,False,NONE,136,34.55882352941176,0.7279411764705882,2.1123595505617976,10.0,61,36.0655737704918,0.8032786885245902,2.2564102564102564,8.0,False,34.55882352941176,0.7279411764705882
8,FIB_786,4.0,0.25,0.3,,0.4,1.2,0.3,False,False,BASIC,136,34.55882352941176,0.7279411764705882,2.1123595505617976,10.0,61,36.0655737704918,0.8032786885245902,2.2564102564102564,8.0,False,34.55882352941176,0.7279411764705882
3,NO_FIB,4.0,0.25,,0.05,,,0.5,False,False,NONE,1311,34.55377574370709,0.7276887871853547,2.111888111888112,13.0,600,35.66666666666667,0.7833333333333333,2.2176165803108807,11.0,False,34.55377574370709,0.7276887871853547
5,NO_FIB,4.0,0.25,0.5,0.15,,,0.75,False,False,NONE,403,35.23573200992556,0.7617866004962779,2.176245210727969,10.0,194,34.5360824742268,0.7268041237113402,2.1102362204724407,10.0,False,34.5360824742268,0.7268041237113402
5,NO_FIB,4.0,0.5,0.5,0.15,,,0.75,False,False,NONE,401,35.41147132169576,0.770573566084788,2.193050193050193,10.0,194,34.5360824742268,0.7268041237113402,2.1102362204724407,10.0,False,34.5360824742268,0.7268041237113402
3,FIB_705,4.0,0.5,0.15,,0.4,,0.3,False,False,NONE,223,34.52914798206278,0.726457399103139,2.1095890410958904,16.0,106,37.735849056603776,0.8867924528301887,2.4242424242424243,12.0,False,34.52914798206278,0.726457399103139
5,FIB_705,4.0,0.5,0.15,,0.4,,0.3,False,False,NONE,226,34.51327433628318,0.7256637168141593,2.108108108108108,16.0,108,38.88888888888889,0.9444444444444444,2.5454545454545454,12.0,False,34.51327433628318,0.7256637168141593
3,FIB_786,4.0,0.5,0.15,,0.4,,0.3,False,False,NONE,192,35.9375,0.796875,2.2439024390243905,12.0,87,34.48275862068966,0.7241379310344828,2.1052631578947367,12.0,False,34.48275862068966,0.7241379310344828
5,NO_FIB,4.0,0.25,,0.05,,,0.5,False,False,NONE,1381,34.46777697320782,0.723388848660391,2.103867403314917,13.0,622,35.69131832797427,0.7845659163987139,2.22,12.0,False,34.46777697320782,0.723388848660391
8,NO_FIB,4.0,0.25,0.5,0.05,,,0.5,False,False,NONE,832,34.49519230769231,0.7247596153846154,2.106422018348624,13.0,383,34.46475195822455,0.7232375979112271,2.103585657370518,13.0,False,34.46475195822455,0.7232375979112271
8,FIB_705,4.0,0.25,0.15,,0.3,,0.5,False,False,NONE,206,34.46601941747573,0.7233009708737864,2.103703703703704,13.0,119,34.45378151260504,0.7226890756302521,2.102564102564102,11.0,False,34.45378151260504,0.7226890756302521
8,FIB_705,4.0,0.5,0.15,,0.3,,0.5,False,False,NONE,206,34.46601941747573,0.7233009708737864,2.103703703703704,13.0,119,34.45378151260504,0.7226890756302521,2.102564102564102,11.0,False,34.45378151260504,0.7226890756302521
8,NO_FIB,4.0,0.25,0.15,,,,0.5,False,False,NONE,455,37.8021978021978,0.8901098901098901,2.431095406360424,8.0,209,34.44976076555024,0.722488038277512,2.102189781021898,8.0,False,34.44976076555024,0.722488038277512
3,NO_FIB,4.0,0.5,,0.05,,,0.5,False,False,NONE,1301,34.435049961568026,0.7217524980784013,2.100820633059789,13.0,595,35.96638655462185,0.7983193277310925,2.2467191601049867,11.0,False,34.435049961568026,0.7217524980784013
5,FIB_786,4.0,0.25,0.3,,0.4,,,False,False,BASIC,183,34.42622950819672,0.7213114754098361,2.1,7.0,81,34.5679012345679,0.7283950617283951,2.1132075471698117,10.0,False,34.42622950819672,0.7213114754098361
5,FIB_786,4.0,0.25,0.3,,0.4,1.2,,False,False,NONE,183,34.42622950819672,0.7213114754098361,2.1,7.0,81,34.5679012345679,0.7283950617283951,2.1132075471698117,10.0,False,34.42622950819672,0.7213114754098361
5,FIB_786,4.0,0.25,0.3,,0.4,1.2,,False,False,BASIC,183,34.42622950819672,0.7213114754098361,2.1,7.0,81,34.5679012345679,0.7283950617283951,2.1132075471698117,10.0,False,34.42622950819672,0.7213114754098361
5,FIB_786,4.0,0.5,0.3,,0.4,,0.3,False,False,BASIC,134,35.07462686567165,0.753731343283582,2.160919540229885,10.0,61,34.42622950819672,0.7213114754098361,2.1,8.0,False,34.42622950819672,0.7213114754098361
5,FIB_786,4.0,0.5,0.3,,0.4,1.2,0.3,False,False,NONE,134,35.07462686567165,0.753731343283582,2.160919540229885,10.0,61,34.42622950819672,0.7213114754098361,2.1,8.0,False,34.42622950819672,0.7213114754098361
5,FIB_786,4.0,0.5,0.3,,0.4,1.2,0.3,False,False,BASIC,134,35.07462686567165,0.753731343283582,2.160919540229885,10.0,61,34.42622950819672,0.7213114754098361,2.1,8.0,False,34.42622950819672,0.7213114754098361
8,FIB_786,4.0,0.5,0.3,,0.4,,0.3,False,False,BASIC,136,34.55882352941176,0.7279411764705882,2.1123595505617976,10.0,61,34.42622950819672,0.7213114754098361,2.1,8.0,False,34.42622950819672,0.7213114754098361
8,FIB_786,4.0,0.5,0.3,,0.4,1.2,0.3,False,False,NONE,136,34.55882352941176,0.7279411764705882,2.1123595505617976,10.0,61,34.42622950819672,0.7213114754098361,2.1,8.0,False,34.42622950819672,0.7213114754098361
8,FIB_786,4.0,0.5,0.3,,0.4,1.2,0.3,False,False,BASIC,136,34.55882352941176,0.7279411764705882,2.1123595505617976,10.0,61,34.42622950819672,0.7213114754098361,2.1,8.0,False,34.42622950819672,0.7213114754098361
3,FIB_786,4.0,0.25,0.3,,0.4,,0.3,False,False,BASIC,128,34.375,0.71875,2.095238095238096,10.0,60,35.0,0.75,2.1538461538461537,8.0,False,34.375,0.71875
3,FIB_786,4.0,0.25,0.3,,0.4,1.2,0.3,False,False,NONE,128,34.375,0.71875,2.095238095238096,10.0,60,35.0,0.75,2.1538461538461537,8.0,False,34.375,0.71875
3,FIB_786,4.0,0.25,0.3,,0.4,1.2,0.3,False,False,BASIC,128,34.375,0.71875,2.095238095238096,10.0,60,35.0,0.75,2.1538461538461537,8.0,False,34.375,0.71875
8,FIB_705,4.0,0.5,0.15,,0.4,,0.3,False,False,NONE,227,34.36123348017621,0.7180616740088106,2.093959731543624,16.0,109,38.53211009174312,0.926605504587156,2.5074626865671643,12.0,False,34.36123348017621,0.7180616740088106
8,NO_FIB,4.0,0.25,,0.05,,,0.5,False,False,NONE,1397,34.35934144595562,0.717967072297781,2.093784078516903,13.0,626,35.46325878594249,0.7731629392971247,2.198019801980198,12.0,False,34.35934144595562,0.717967072297781
5,NO_FIB,4.0,0.5,,0.05,,,0.5,False,False,NONE,1371,34.35448577680525,0.7177242888402626,2.0933333333333333,13.0,617,36.14262560777958,0.807131280388979,2.263959390862944,12.0,False,34.35448577680525,0.7177242888402626
3,NO_FIB,4.0,0.25,0.5,0.05,,,0.5,False,False,NONE,781,34.69910371318822,0.734955185659411,2.125490196078432,16.0,364,34.34065934065934,0.717032967032967,2.092050209205021,13.0,False,34.34065934065934,0.717032967032967
5,NO_FIB,4.0,0.25,0.5,,0.3,,0.75,False,False,NONE,346,34.971098265895954,0.7485549132947977,2.151111111111111,17.0,166,34.33734939759036,0.7168674698795181,2.091743119266055,9.0,False,34.33734939759036,0.7168674698795181
5,NO_FIB,4.0,0.5,0.5,,0.3,,0.75,False,False,NONE,344,35.46511627906977,0.7732558139534884,2.1981981981981984,17.0,166,34.33734939759036,0.7168674698795181,2.091743119266055,9.0,False,34.33734939759036,0.7168674698795181
3,NO_FIB,4.0,0.25,0.15,0.15,,,0.3,False,False,NONE,306,37.25490196078432,0.8627450980392157,2.375,9.0,134,34.32835820895522,0.7164179104477612,2.090909090909091,13.0,False,34.32835820895522,0.7164179104477612
8,FIB_786,4.0,0.25,0.3,0.05,0.4,,0.3,False,False,BASIC,134,34.32835820895522,0.7164179104477612,2.090909090909091,10.0,60,35.0,0.75,2.1538461538461537,8.0,False,34.32835820895522,0.7164179104477612
8,FIB_786,4.0,0.25,0.3,0.05,0.4,1.2,0.3,False,False,NONE,134,34.32835820895522,0.7164179104477612,2.090909090909091,10.0,60,35.0,0.75,2.1538461538461537,8.0,False,34.32835820895522,0.7164179104477612
8,FIB_786,4.0,0.25,0.3,0.05,0.4,1.2,0.3,False,False,BASIC,134,34.32835820895522,0.7164179104477612,2.090909090909091,10.0,60,35.0,0.75,2.1538461538461537,8.0,False,34.32835820895522,0.7164179104477612
5,NO_FIB,4.0,0.5,0.15,0.15,,,0.3,False,False,NONE,321,36.44859813084112,0.822429906542056,2.294117647058824,11.0,140,34.285714285714285,0.7142857142857143,2.0869565217391304,11.0,False,34.285714285714285,0.7142857142857143
3,NO_FIB,4.0,0.25,0.15,0.15,,,0.75,False,False,NONE,156,38.46153846153847,0.9230769230769232,2.5,8.0,70,34.285714285714285,0.7142857142857143,2.0869565217391304,6.0,False,34.285714285714285,0.7142857142857143
3,NO_FIB,4.0,0.5,0.15,0.15,,,0.75,False,False,NONE,155,38.70967741935484,0.935483870967742,2.526315789473684,8.0,70,34.285714285714285,0.7142857142857143,2.0869565217391304,6.0,False,34.285714285714285,0.7142857142857143
3,NO_FIB,4.0,0.5,0.5,0.05,,,0.5,False,False,NONE,773,34.28201811125485,0.7141009055627425,2.0866141732283463,16.0,360,34.44444444444444,0.7222222222222222,2.101694915254237,13.0,False,34.28201811125485,0.7141009055627425
8,NO_FIB,4.0,0.5,,0.05,,,0.5,False,False,NONE,1387,34.24657534246575,0.7123287671232876,2.083333333333333,13.0,621,35.909822866344605,0.7954911433172303,2.241206030150754,12.0,False,34.24657534246575,0.7123287671232876
8,NO_FIB,4.0,0.25,0.15,0.15,,,,False,False,NONE,397,34.76070528967254,0.7380352644836272,2.1312741312741315,11.0,184,34.23913043478261,0.7119565217391305,2.0826446280991737,12.0,False,34.23913043478261,0.7119565217391305
5,NO_FIB,4.0,0.25,0.15,,0.3,,0.75,False,False,NONE,167,38.32335329341318,0.9161676646706588,2.4854368932038837,9.0,76,34.21052631578947,0.7105263157894737,2.08,10.0,False,34.21052631578947,0.7105263157894737
5,NO_FIB,4.0,0.5,0.15,,0.3,,0.75,False,False,NONE,166,39.1566265060241,0.9578313253012049,2.5742574257425743,9.0,76,34.21052631578947,0.7105263157894737,2.08,10.0,False,34.21052631578947,0.7105263157894737
5,NO_FIB,4.0,0.5,0.5,0.05,,,0.5,False,False,NONE,816,34.19117647058824,0.7095588235294118,2.078212290502793,17.0,377,34.748010610079575,0.7374005305039788,2.130081300813008,13.0,False,34.19117647058824,0.7095588235294118
3,FIB_705,4.0,0.25,0.15,0.05,0.4,,0.3,False,False,NONE,202,34.15841584158416,0.7079207920792079,2.075187969924812,14.0,97,35.051546391752574,0.7525773195876289,2.1587301587301586,12.0,False,34.15841584158416,0.7079207920792079
5,NO_FIB,4.0,0.5,0.15,,,,0.5,False,False,NONE,449,38.53006681514477,0.9265033407572384,2.5072463768115942,8.0,205,34.14634146341464,0.7073170731707317,2.074074074074074,8.0,False,34.14634146341464,0.7073170731707317
5,FIB_705,4.0,0.25,0.15,0.05,0.4,,0.3,False,False,NONE,205,34.14634146341464,0.7073170731707317,2.074074074074074,14.0,99,36.36363636363637,0.8181818181818182,2.2857142857142856,12.0,False,34.14634146341464,0.7073170731707317
5,FIB_786,4.0,0.25,0.15,0.05,0.4,,0.3,False,False,NONE,174,35.05747126436782,0.7528735632183908,2.15929203539823,9.0,82,34.14634146341464,0.7073170731707317,2.074074074074074,12.0,False,34.14634146341464,0.7073170731707317
8,NO_FIB,4.0,0.25,0.3,,,,0.75,False,False,NONE,412,36.650485436893206,0.8325242718446602,2.314176245210728,9.0,208,34.13461538461539,0.7067307692307693,2.072992700729927,10.0,False,34.13461538461539,0.7067307692307693
8,NO_FIB,4.0,0.5,0.3,,,,0.75,False,False,NONE,411,36.982968369829685,0.8491484184914841,2.347490347490348,9.0,208,34.13461538461539,0.7067307692307693,2.072992700729927,10.0,False,34.13461538461539,0.7067307692307693
5,FIB_786,4.0,0.5,0.15,,0.3,,0.3,False,False,NONE,255,34.11764705882353,0.7058823529411765,2.071428571428572,14.0,129,34.88372093023256,0.7441860465116279,2.142857142857143,13.0,False,34.11764705882353,0.7058823529411765
8,NO_FIB,4.0,0.5,0.5,0.05,,,0.5,False,False,NONE,824,34.101941747572816,0.7050970873786407,2.0699815837937385,13.0,379,34.56464379947229,0.7282321899736148,2.1129032258064515,13.0,False,34.101941747572816,0.7050970873786407
3,FIB_786,4.0,0.25,0.5,0.05,0.4,,0.3,False,False,BASIC,182,34.065934065934066,0.7032967032967034,2.066666666666667,13.0,81,34.5679012345679,0.7283950617283951,2.1132075471698117,9.0,False,34.065934065934066,0.7032967032967034
3,FIB_786,4.0,0.25,0.5,0.05,0.4,1.2,0.3,False,False,NONE,182,34.065934065934066,0.7032967032967034,2.066666666666667,13.0,81,34.5679012345679,0.7283950617283951,2.1132075471698117,9.0,False,34.065934065934066,0.7032967032967034
3,FIB_786,4.0,0.25,0.5,0.05,0.4,1.2,0.3,False,False,BASIC,182,34.065934065934066,0.7032967032967034,2.066666666666667,13.0,81,34.5679012345679,0.7283950617283951,2.1132075471698117,9.0,False,34.065934065934066,0.7032967032967034
3,NO_FIB,4.0,0.25,0.5,0.15,,,0.75,False,False,NONE,383,35.24804177545692,0.762402088772846,2.177419354838709,10.0,185,34.054054054054056,0.7027027027027027,2.065573770491804,11.0,False,34.054054054054056,0.7027027027027027
3,NO_FIB,4.0,0.5,0.5,0.15,,,0.75,False,False,NONE,381,35.43307086614173,0.7716535433070866,2.1951219512195124,10.0,185,34.054054054054056,0.7027027027027027,2.065573770491804,11.0,False,34.054054054054056,0.7027027027027027
8,FIB_786,4.0,0.25,0.3,,0.4,,,False,False,BASIC,185,34.054054054054056,0.7027027027027027,2.065573770491804,7.0,81,34.5679012345679,0.7283950617283951,2.1132075471698117,10.0,False,34.054054054054056,0.7027027027027027
8,FIB_786,4.0,0.25,0.3,,0.4,1.2,,False,False,NONE,185,34.054054054054056,0.7027027027027027,2.065573770491804,7.0,81,34.5679012345679,0.7283950617283951,2.1132075471698117,10.0,False,34.054054054054056,0.7027027027027027
8,FIB_786,4.0,0.25,0.3,,0.4,1.2,,False,False,BASIC,185,34.054054054054056,0.7027027027027027,2.065573770491804,7.0,81,34.5679012345679,0.7283950617283951,2.1132075471698117,10.0,False,34.054054054054056,0.7027027027027027
8,NO_FIB,4.0,0.5,0.15,0.15,,,0.3,False,False,NONE,324,36.11111111111111,0.8055555555555556,2.260869565217391,11.0,141,34.04255319148936,0.7021276595744681,2.064516129032258,11.0,False,34.04255319148936,0.7021276595744681
5,NO_FIB,4.0,0.25,0.3,0.05,,,0.75,False,False,NONE,382,35.86387434554974,0.7931937172774869,2.236734693877551,9.0,191,34.031413612565444,0.7015706806282722,2.063492063492064,9.0,False,34.031413612565444,0.7015706806282722
5,NO_FIB,4.0,0.5,0.3,0.05,,,0.75,False,False,NONE,381,35.958005249343834,0.7979002624671916,2.2459016393442623,9.0,191,34.031413612565444,0.7015706806282722,2.063492063492064,9.0,False,34.031413612565444,0.7015706806282722
5,FIB_705,4.0,0.25,0.15,0.05,0.4,,0.5,False,False,NONE,144,34.02777777777778,0.7013888888888888,2.0631578947368423,12.0,76,34.21052631578947,0.7105263157894737,2.08,11.0,False,34.02777777777778,0.7013888888888888
5,FIB_705,4.0,0.5,0.15,0.05,0.4,,0.5,False,False,NONE,144,34.02777777777778,0.7013888888888888,2.0631578947368423,12.0,76,34.21052631578947,0.7105263157894737,2.08,11.0,False,34.02777777777778,0.7013888888888888
8,NO_FIB,4.0,0.25,0.5,0.15,,,0.75,False,False,NONE,406,35.467980295566505,0.7733990147783252,2.198473282442748,10.0,197,34.01015228426396,0.700507614213198,2.0615384615384613,11.0,False,34.01015228426396,0.700507614213198
8,NO_FIB,4.0,0.5,0.5,0.15,,,0.75,False,False,NONE,404,35.64356435643564,0.7821782178217822,2.2153846153846155,10.0,197,34.01015228426396,0.700507614213198,2.0615384615384613,11.0,False,34.01015228426396,0.700507614213198
8,NO_FIB,4.0,0.5,0.15,,,,0.5,False,False,NONE,454,38.1057268722467,0.9052863436123348,2.4626334519572954,8.0,206,33.980582524271846,0.6990291262135923,2.0588235294117645,8.0,False,33.980582524271846,0.6990291262135923
8,FIB_705,4.0,0.25,0.15,0.05,0.4,,0.3,False,False,NONE,206,33.980582524271846,0.6990291262135923,2.0588235294117645,14.0,100,36.0,0.8,2.25,12.0,False,33.980582524271846,0.6990291262135923
5,NO_FIB,4.0,0.25,0.15,,,,0.3,False,False,NONE,582,36.08247422680412,0.8041237113402062,2.2580645161290325,12.0,265,33.9622641509434,0.6981132075471698,2.057142857142857,13.0,False,33.9622641509434,0.6981132075471698
3,NO_FIB,4.0,0.5,0.15,0.15,,,0.5,False,False,NONE,233,39.05579399141631,0.9527896995708156,2.563380281690141,9.0,106,33.9622641509434,0.6981132075471698,2.057142857142857,8.0,False,33.9622641509434,0.6981132075471698
5,NO_FIB,4.0,0.25,0.3,0.15,,,0.5,False,False,NONE,465,34.623655913978496,0.7311827956989247,2.1184210526315788,11.0,221,33.93665158371041,0.6968325791855203,2.054794520547945,12.0,False,33.93665158371041,0.6968325791855203
5,NO_FIB,4.0,0.25,0.5,,0.3,,0.5,False,False,NONE,603,35.65505804311774,0.7827529021558872,2.216494845360825,14.0,277,33.935018050541515,0.6967509025270758,2.054644808743169,11.0,False,33.935018050541515,0.6967509025270758
8,NO_FIB,4.0,0.25,0.5,,0.3,,0.75,False,False,NONE,349,35.24355300859599,0.7621776504297995,2.1769911504424777,17.0,168,33.92857142857143,0.6964285714285714,2.054054054054054,10.0,False,33.92857142857143,0.6964285714285714
8,NO_FIB,4.0,0.5,0.5,,0.3,,0.75,False,False,NONE,347,35.73487031700288,0.7867435158501441,2.2242152466367715,17.0,168,33.92857142857143,0.6964285714285714,2.054054054054054,10.0,False,33.92857142857143,0.6964285714285714
5,FIB_786,4.0,0.25,0.15,0.05,0.3,,0.3,False,False,NONE,230,33.91304347826087,0.6956521739130435,2.0526315789473686,12.0,119,35.294117647058826,0.7647058823529411,2.1818181818181817,13.0,False,33.91304347826087,0.6956521739130435
3,NO_FIB,4.0,0.25,0.15,0.15,,,,False,False,NONE,371,34.77088948787062,0.738544474393531,2.1322314049586777,9.0,174,33.90804597701149,0.6954022988505747,2.0521739130434784,13.0,False,33.90804597701149,0.6954022988505747
5,FIB_705,4.0,0.25,0.15,,0.3,,0.3,False,False,NONE,292,33.9041095890411,0.6952054794520548,2.051813471502591,14.0,154,35.064935064935064,0.7532467532467533,2.16,13.0,False,33.9041095890411,0.6952054794520548
3,FIB_786,4.0,0.25,0.3,0.05,0.4,,0.3,False,False,BASIC,127,34.645669291338585,0.7322834645669292,2.1204819277108435,10.0,59,33.89830508474576,0.6949152542372882,2.051282051282051,8.0,False,33.89830508474576,0.6949152542372882
3,FIB_786,4.0,0.25,0.3,0.05,0.4,1.2,0.3,False,False,NONE,127,34.645669291338585,0.7322834645669292,2.1204819277108435,10.0,59,33.89830508474576,0.6949152542372882,2.051282051282051,8.0,False,33.89830508474576,0.6949152542372882
3,FIB_786,4.0,0.25,0.3,0.05,0.4,1.2,0.3,False,False,BASIC,127,34.645669291338585,0.7322834645669292,2.1204819277108435,10.0,59,33.89830508474576,0.6949152542372882,2.051282051282051,8.0,False,33.89830508474576,0.6949152542372882
3,FIB_786,4.0,0.25,0.5,,0.4,,0.3,False,False,BASIC,183,33.87978142076503,0.6939890710382514,2.049586776859504,13.0,82,35.36585365853659,0.7682926829268293,2.188679245283019,9.0,False,33.87978142076503,0.6939890710382514
3,FIB_786,4.0,0.25,0.5,,0.4,1.2,0.3,False,False,NONE,183,33.87978142076503,0.6939890710382514,2.049586776859504,13.0,82,35.36585365853659,0.7682926829268293,2.188679245283019,9.0,False,33.87978142076503,0.6939890710382514
3,FIB_786,4.0,0.25,0.5,,0.4,1.2,0.3,False,False,BASIC,183,33.87978142076503,0.6939890710382514,2.049586776859504,13.0,82,35.36585365853659,0.7682926829268293,2.188679245283019,9.0,False,33.87978142076503,0.6939890710382514
5,FIB_786,4.0,0.25,0.5,,0.4,,0.3,False,False,BASIC,192,33.85416666666667,0.6927083333333334,2.047244094488189,14.0,84,35.714285714285715,0.7857142857142857,2.2222222222222223,9.0,False,33.85416666666667,0.6927083333333334
5,FIB_786,4.0,0.25,0.5,,0.4,1.2,0.3,False,False,NONE,192,33.85416666666667,0.6927083333333334,2.047244094488189,14.0,84,35.714285714285715,0.7857142857142857,2.2222222222222223,9.0,False,33.85416666666667,0.6927083333333334
5,FIB_786,4.0,0.25,0.5,,0.4,1.2,0.3,False,False,BASIC,192,33.85416666666667,0.6927083333333334,2.047244094488189,14.0,84,35.714285714285715,0.7857142857142857,2.2222222222222223,9.0,False,33.85416666666667,0.6927083333333334
8,FIB_786,4.0,0.5,0.15,,0.3,,0.3,False,False,NONE,257,33.85214007782101,0.6926070038910506,2.047058823529412,14.0,130,35.38461538461539,0.7692307692307693,2.1904761904761907,13.0,False,33.85214007782101,0.6926070038910506
5,NO_FIB,4.0,0.25,0.3,,,,0.5,False,False,NONE,684,36.11111111111111,0.8055555555555556,2.260869565217391,13.0,322,33.85093167701863,0.6925465838509317,2.0469483568075115,11.0,False,33.85093167701863,0.6925465838509317
8,NO_FIB,4.0,0.25,0.15,,,,0.3,False,False,NONE,587,35.77512776831346,0.7887563884156729,2.2281167108753315,13.0,266,33.83458646616541,0.6917293233082706,2.0454545454545454,13.0,False,33.83458646616541,0.6917293233082706
3,FIB_786,4.0,0.25,0.15,0.15,0.3,,0.3,False,False,NONE,141,34.04255319148936,0.7021276595744681,2.064516129032258,7.0,68,33.82352941176471,0.6911764705882353,2.0444444444444443,7.0,False,33.82352941176471,0.6911764705882353
8,NO_FIB,4.0,0.25,0.5,,0.3,,0.5,False,False,NONE,608,35.69078947368421,0.7845394736842105,2.21994884910486,14.0,278,33.81294964028777,0.6906474820143885,2.0434782608695654,11.0,False,33.81294964028777,0.6906474820143885
5,FIB_786,4.0,0.25,0.3,,0.4,,0.3,False,False,NONE,349,33.810888252149,0.6905444126074498,2.0432900432900434,16.0,151,34.437086092715234,0.7218543046357616,2.101010101010101,15.0,False,33.810888252149,0.6905444126074498
8,NO_FIB,4.0,0.25,0.15,,0.3,,0.75,False,False,NONE,168,38.095238095238095,0.9047619047619048,2.4615384615384617,9.0,77,33.76623376623377,0.6883116883116883,2.0392156862745097,10.0,False,33.76623376623377,0.6883116883116883
8,NO_FIB,4.0,0.5,0.15,,0.3,,0.75,False,False,NONE,167,38.92215568862276,0.9461077844311376,2.549019607843137,9.0,77,33.76623376623377,0.6883116883116883,2.0392156862745097,10.0,False,33.76623376623377,0.6883116883116883
8,FIB_705,4.0,0.25,0.15,0.05,0.4,,0.5,False,False,NONE,145,33.793103448275865,0.6896551724137931,2.0416666666666665,12.0,77,33.76623376623377,0.6883116883116883,2.0392156862745097,11.0,False,33.76623376623377,0.6883116883116883
8,FIB_705,4.0,0.5,0.15,0.05,0.4,,0.5,False,False,NONE,145,33.793103448275865,0.6896551724137931,2.0416666666666665,12.0,77,33.76623376623377,0.6883116883116883,2.0392156862745097,11.0,False,33.76623376623377,0.6883116883116883
5,FIB_786,4.0,0.25,0.3,0.05,0.4,,,False,False,BASIC,180,34.44444444444444,0.7222222222222222,2.101694915254237,7.0,80,33.75,0.6875,2.037735849056604,10.0,False,33.75,0.6875
5,FIB_786,4.0,0.25,0.3,0.05,0.4,1.2,,False,False,NONE,180,34.44444444444444,0.7222222222222222,2.101694915254237,7.0,80,33.75,0.6875,2.037735849056604,10.0,False,33.75,0.6875
5,FIB_786,4.0,0.25,0.3,0.05,0.4,1.2,,False,False,BASIC,180,34.44444444444444,0.7222222222222222,2.101694915254237,7.0,80,33.75,0.6875,2.037735849056604,10.0,False,33.75,0.6875
8,FIB_786,4.0,0.25,0.3,0.05,0.4,,,False,False,BASIC,182,34.065934065934066,0.7032967032967034,2.066666666666667,7.0,80,33.75,0.6875,2.037735849056604,10.0,False,33.75,0.6875
8,FIB_786,4.0,0.25,0.3,0.05,0.4,1.2,,False,False,NONE,182,34.065934065934066,0.7032967032967034,2.066666666666667,7.0,80,33.75,0.6875,2.037735849056604,10.0,False,33.75,0.6875
8,FIB_786,4.0,0.25,0.3,0.05,0.4,1.2,,False,False,BASIC,182,34.065934065934066,0.7032967032967034,2.066666666666667,7.0,80,33.75,0.6875,2.037735849056604,10.0,False,33.75,0.6875
8,FIB_786,4.0,0.5,0.15,0.05,0.4,,0.3,False,False,NONE,175,34.85714285714286,0.7428571428571429,2.1403508771929824,9.0,83,33.734939759036145,0.6867469879518072,2.036363636363636,12.0,False,33.734939759036145,0.6867469879518072
3,FIB_786,4.0,0.25,0.15,,0.3,,0.3,False,False,NONE,252,33.730158730158735,0.6865079365079365,2.035928143712575,13.0,124,35.483870967741936,0.7741935483870968,2.2,13.0,False,33.730158730158735,0.6865079365079365
5,NO_FIB,4.0,0.5,0.5,,0.3,,0.5,False,False,NONE,595,35.294117647058826,0.7647058823529411,2.1818181818181817,14.0,276,33.69565217391305,0.6847826086956522,2.0327868852459017,11.0,False,33.69565217391305,0.6847826086956522
5,FIB_786,4.0,0.25,0.5,0.05,0.4,,0.3,False,False,BASIC,190,33.68421052631579,0.6842105263157895,2.031746031746032,14.0,83,34.93975903614458,0.7469879518072289,2.1481481481481484,9.0,False,33.68421052631579,0.6842105263157895
5,FIB_786,4.0,0.25,0.5,0.05,0.4,1.2,0.3,False,False,NONE,190,33.68421052631579,0.6842105263157895,2.031746031746032,14.0,83,34.93975903614458,0.7469879518072289,2.1481481481481484,9.0,False,33.68421052631579,0.6842105263157895
5,FIB_786,4.0,0.25,0.5,0.05,0.4,1.2,0.3,False,False,BASIC,190,33.68421052631579,0.6842105263157895,2.031746031746032,14.0,83,34.93975903614458,0.7469879518072289,2.1481481481481484,9.0,False,33.68421052631579,0.6842105263157895
5,FIB_705,4.0,0.5,0.15,,0.3,,0.3,False,False,NONE,291,33.67697594501718,0.6838487972508591,2.0310880829015545,14.0,154,34.41558441558442,0.7207792207792207,2.099009900990099,13.0,False,33.67697594501718,0.6838487972508591
8,FIB_705,4.0,0.25,0.15,,0.3,,0.3,False,False,NONE,294,33.6734693877551,0.6836734693877551,2.0307692307692307,14.0,155,34.83870967741935,0.7419354838709677,2.1386138613861387,13.0,False,33.6734693877551,0.6836734693877551
3,NO_FIB,4.0,0.25,,0.15,,,0.5,False,False,NONE,1108,33.66425992779784,0.6832129963898917,2.029931972789116,12.0,505,35.64356435643564,0.7821782178217822,2.2153846153846155,18.0,False,33.66425992779784,0.6832129963898917
3,FIB_705,4.0,0.5,0.15,0.05,0.4,,0.3,False,False,NONE,202,33.663366336633665,0.6831683168316832,2.029850746268657,14.0,97,34.02061855670103,0.7010309278350515,2.0625,12.0,False,33.663366336633665,0.6831683168316832
3,NO_FIB,4.0,0.25,0.5,,,,0.3,False,False,NONE,1088,33.731617647058826,0.6865808823529411,2.0360610263522885,15.0,508,33.661417322834644,0.6830708661417323,2.029673590504451,11.0,False,33.661417322834644,0.6830708661417323
5,FIB_705,4.0,0.5,0.15,0.05,0.4,,0.3,False,False,NONE,205,33.65853658536586,0.6829268292682927,2.0294117647058822,14.0,99,35.35353535353536,0.7676767676767676,2.1875,12.0,False,33.65853658536586,0.6829268292682927
8,FIB_786,4.0,0.25,0.3,0.15,0.4,,0.3,False,False,NONE,250,34.0,0.7,2.060606060606061,14.0,107,33.64485981308411,0.6822429906542056,2.028169014084507,11.0,False,33.64485981308411,0.6822429906542056
5,NO_FIB,4.0,0.5,0.3,0.15,,,0.5,False,False,NONE,461,34.27331887201736,0.7136659436008677,2.0858085808580857,11.0,220,33.63636363636363,0.6818181818181818,2.0273972602739727,12.0,False,33.63636363636363,0.6818181818181818
5,FIB_705,4.0,0.25,0.3,,0.3,,0.5,False,False,NONE,342,33.62573099415205,0.6812865497076024,2.026431718061674,12.0,177,34.463276836158194,0.7231638418079096,2.103448275862069,16.0,False,33.62573099415205,0.6812865497076024
5,FIB_705,4.0,0.5,0.3,,0.3,,0.5,False,False,NONE,342,33.62573099415205,0.6812865497076024,2.026431718061674,12.0,177,34.463276836158194,0.7231638418079096,2.103448275862069,16.0,False,33.62573099415205,0.6812865497076024
8,FIB_786,4.0,0.25,0.15,0.05,0.3,,0.3,False,False,NONE,232,33.62068965517241,0.6810344827586207,2.0259740259740258,12.0,120,35.833333333333336,0.7916666666666666,2.2337662337662336,13.0,False,33.62068965517241,0.6810344827586207
8,FIB_786,4.0,0.25,0.3,,0.4,,0.3,False,False,NONE,351,33.61823361823362,0.6809116809116809,2.025751072961373,17.0,152,34.868421052631575,0.743421052631579,2.141414141414141,15.0,False,33.61823361823362,0.6809116809116809
5,NO_FIB,4.0,0.25,0.5,,,,0.3,False,False,NONE,1140,33.59649122807017,0.6798245614035088,2.023778071334214,13.0,532,34.3984962406015,0.7199248120300752,2.097421203438395,11.0,False,33.59649122807017,0.6798245614035088
5,FIB_786,4.0,0.25,0.15,,0.3,,0.3,False,False,NONE,256,33.59375,0.6796875,2.023529411764706,14.0,129,37.2093023255814,0.8604651162790697,2.3703703703703702,13.0,False,33.59375,0.6796875
5,NO_FIB,4.0,0.25,,,0.3,,0.5,False,False,NONE,1033,33.59148112294289,0.6795740561471443,2.0233236151603498,13.0,457,33.91684901531728,0.6958424507658644,2.052980132450331,18.0,False,33.59148112294289,0.6795740561471443
5,NO_FIB,4.0,0.25,,0.15,,,0.5,False,False,NONE,1176,33.58843537414966,0.6794217687074829,2.023047375160051,11.0,526,35.741444866920155,0.7870722433460076,2.224852071005917,13.0,False,33.58843537414966,0.6794217687074829
8,NO_FIB,4.0,0.5,0.5,,0.3,,0.5,False,False,NONE,600,35.333333333333336,0.7666666666666667,2.185567010309278,14.0,277,33.57400722021661,0.6787003610108303,2.0217391304347827,11.0,False,33.57400722021661,0.6787003610108303
5,FIB_786,4.0,0.25,0.15,0.15,0.3,,0.3,False,False,NONE,143,33.56643356643357,0.6783216783216783,2.0210526315789474,7.0,71,35.2112676056338,0.7605633802816901,2.1739130434782608,7.0,False,33.56643356643357,0.6783216783216783
5,FIB_786,4.0,0.25,0.3,0.15,0.3,,0.3,False,False,NONE,312,33.65384615384615,0.6826923076923077,2.028985507246377,11.0,146,33.56164383561644,0.678082191780822,2.020618556701031,7.0,False,33.56164383561644,0.678082191780822
8,NO_FIB,4.0,0.25,,0.15,,,0.5,False,False,NONE,1189,33.55761143818335,0.6778805719091674,2.020253164556962,11.0,531,35.59322033898305,0.7796610169491526,2.210526315789474,12.0,False,33.55761143818335,0.6778805719091674
8,FIB_786,4.0,0.5,0.3,,0.4,,0.3,False,False,NONE,350,34.57142857142857,0.7285714285714285,2.11353711790393,17.0,152,33.55263157894737,0.6776315789473685,2.01980198019802,15.0,False,33.55263157894737,0.6776315789473685
8,NO_FIB,4.0,0.25,,,0.3,,0.5,False,False,NONE,1042,33.589251439539346,0.6794625719769674,2.023121387283237,13.0,459,33.551198257080614,0.6775599128540305,2.019672131147541,18.0,False,33.551198257080614,0.6775599128540305
5,NO_FIB,4.0,0.5,0.3,,,,0.5,False,False,NONE,679,35.93519882179676,0.7967599410898379,2.2436781609195404,13.0,319,33.5423197492163,0.677115987460815,2.018867924528302,11.0,False,33.5423197492163,0.677115987460815
8,NO_FIB,4.0,0.25,0.3,,,,0.5,False,False,NONE,691,35.89001447178003,0.7945007235890015,2.239277652370203,13.0,325,33.53846153846154,0.676923076923077,2.0185185185185186,11.0,False,33.53846153846154,0.676923076923077
8,FIB_786,4.0,0.25,0.3,0.05,0.4,,0.3,False,False,NONE,325,33.53846153846154,0.676923076923077,2.0185185185185186,17.0,146,33.56164383561644,0.678082191780822,2.020618556701031,15.0,False,33.53846153846154,0.676923076923077
8,FIB_705,4.0,0.25,0.3,,0.3,,0.5,False,False,NONE,346,33.52601156069364,0.6763005780346821,2.017391304347826,12.0,179,34.07821229050279,0.7039106145251397,2.067796610169492,16.0,False,33.52601156069364,0.6763005780346821
8,FIB_705,4.0,0.5,0.3,,0.3,,0.5,False,False,NONE,346,33.52601156069364,0.6763005780346821,2.017391304347826,12.0,179,34.07821229050279,0.7039106145251397,2.067796610169492,16.0,False,33.52601156069364,0.6763005780346821
8,NO_FIB,4.0,0.25,0.5,,,,0.3,False,False,NONE,1149,33.507397737162755,0.6753698868581375,2.0157068062827226,13.0,536,34.14179104477612,0.707089552238806,2.0736543909348444,11.0,False,33.507397737162755,0.6753698868581375
8,NO_FIB,4.0,0.25,0.3,0.05,,,0.75,False,False,NONE,385,35.84415584415584,0.7922077922077922,2.2348178137651824,9.0,194,33.50515463917525,0.6752577319587629,2.0155038759689923,10.0,False,33.50515463917525,0.6752577319587629
8,NO_FIB,4.0,0.5,0.3,0.05,,,0.75,False,False,NONE,384,35.9375,0.796875,2.2439024390243905,9.0,194,33.50515463917525,0.6752577319587629,2.0155038759689923,10.0,False,33.50515463917525,0.6752577319587629
8,FIB_786,4.0,0.25,0.5,,0.4,,0.3,False,False,BASIC,194,33.50515463917525,0.6752577319587629,2.0155038759689923,14.0,84,35.714285714285715,0.7857142857142857,2.2222222222222223,9.0,False,33.50515463917525,0.6752577319587629
8,FIB_786,4.0,0.25,0.5,,0.4,1.2,0.3,False,False,NONE,194,33.50515463917525,0.6752577319587629,2.0155038759689923,14.0,84,35.714285714285715,0.7857142857142857,2.2222222222222223,9.0,False,33.50515463917525,0.6752577319587629
8,FIB_786,4.0,0.25,0.5,,0.4,1.2,0.3,False,False,BASIC,194,33.50515463917525,0.6752577319587629,2.0155038759689923,14.0,84,35.714285714285715,0.7857142857142857,2.2222222222222223,9.0,False,33.50515463917525,0.6752577319587629
8,FIB_705,4.0,0.5,0.15,0.05,0.4,,0.3,False,False,NONE,206,33.49514563106796,0.6747572815533981,2.0145985401459856,14.0,100,35.0,0.75,2.1538461538461537,12.0,False,33.49514563106796,0.6747572815533981
8,NO_FIB,4.0,0.25,0.3,0.15,,,0.5,False,False,NONE,470,34.46808510638298,0.723404255319149,2.103896103896104,11.0,224,33.482142857142854,0.6741071428571429,2.0134228187919465,12.0,False,33.482142857142854,0.6741071428571429
5,FIB_786,4.0,0.5,0.15,0.05,0.3,,0.3,False,False,NONE,230,33.47826086956522,0.6739130434782609,2.013071895424837,12.0,119,34.45378151260504,0.7226890756302521,2.102564102564102,13.0,False,33.47826086956522,0.6739130434782609
8,FIB_705,4.0,0.5,0.15,,0.3,,0.3,False,False,NONE,293,33.44709897610921,0.6723549488054608,2.01025641025641,14.0,155,34.193548387096776,0.7096774193548387,2.07843137254902,13.0,False,33.44709897610921,0.6723549488054608
5,NO_FIB,4.0,0.25,,,,,0.3,False,False,NONE,1880,33.40425531914894,0.6702127659574468,2.006389776357828,17.0,852,34.27230046948357,0.7136150234741784,2.085714285714286,14.0,False,33.40425531914894,0.6702127659574468
5,NO_FIB,4.0,0.5,,,0.3,,0.5,False,False,NONE,1024,33.3984375,0.669921875,2.005865102639296,13.0,455,33.62637362637363,0.6813186813186813,2.0264900662251657,18.0,False,33.3984375,0.669921875
3,NO_FIB,4.0,0.25,0.5,0.15,,,0.5,False,False,NONE,614,33.387622149837135,0.6693811074918566,2.0048899755501224,15.0,282,34.39716312056738,0.7198581560283688,2.097297297297297,14.0,False,33.387622149837135,0.6693811074918566
5,NO_FIB,4.0,0.25,0.5,0.15,,,0.5,False,False,NONE,650,33.38461538461539,0.6692307692307692,2.004618937644342,16.0,294,34.69387755102041,0.7346938775510204,2.125,14.0,False,33.38461538461539,0.6692307692307692
8,NO_FIB,4.0,0.25,0.5,0.15,,,0.5,False,False,NONE,656,33.38414634146341,0.6692073170731707,2.004576659038902,16.0,296,34.45945945945946,0.722972972972973,2.1030927835051547,14.0,False,33.38414634146341,0.6692073170731707
3,NO_FIB,4.0,0.5,,0.15,,,0.5,False,False,NONE,1097,33.363719234275294,0.6681859617137648,2.002735978112175,12.0,503,35.785288270377734,0.7892644135188867,2.2291021671826625,18.0,False,33.363719234275294,0.6681859617137648
3,NO_FIB,4.0,0.25,,,0.3,,0.5,False,False,NONE,990,34.14141414141414,0.7070707070707071,2.0736196319018405,14.0,444,33.33333333333333,0.6666666666666666,2.0,18.0,False,33.33333333333333,0.6666666666666666
5,NO_FIB,4.0,0.25,0.5,0.05,0.3,,0.75,False,False,NONE,331,34.13897280966767,0.7069486404833837,2.073394495412844,16.0,156,33.33333333333333,0.6666666666666666,2.0,10.0,False,33.33333333333333,0.6666666666666666
5,NO_FIB,4.0,0.5,0.5,0.05,0.3,,0.75,False,False,NONE,329,34.34650455927052,0.7173252279635258,2.092592592592593,16.0,156,33.33333333333333,0.6666666666666666,2.0,10.0,False,33.33333333333333,0.6666666666666666
8,FIB_786,4.0,0.25,0.3,0.15,0.3,,0.3,False,False,NONE,315,33.33333333333333,0.6666666666666666,2.0,12.0,147,34.01360544217687,0.7006802721088435,2.061855670103093,7.0,False,33.33333333333333,0.6666666666666666
5,NO_FIB,4.0,0.25,0.15,,0.4,,0.3,False,False,NONE,304,38.81578947368421,0.9407894736842104,2.5376344086021505,10.0,135,33.33333333333333,0.6666666666666666,2.0,11.0,False,33.33333333333333,0.6666666666666666
3,NO_FIB,4.0,0.25,0.15,,0.4,,0.3,False,False,NONE,295,38.983050847457626,0.9491525423728814,2.555555555555556,10.0,132,33.33333333333333,0.6666666666666666,2.0,11.0,False,33.33333333333333,0.6666666666666666
8,FIB_786,4.0,0.25,0.15,,0.3,,0.3,False,False,NONE,258,33.33333333333333,0.6666666666666666,2.0,14.0,130,37.69230769230769,0.8846153846153846,2.419753086419753,13.0,False,33.33333333333333,0.6666666666666666
3,FIB_786,4.0,0.25,0.15,0.05,0.3,,0.3,False,False,NONE,226,34.070796460176986,0.7035398230088495,2.067114093959732,12.0,114,33.33333333333333,0.6666666666666666,2.0,13.0,False,33.33333333333333,0.6666666666666666
5,FIB_786,4.0,0.5,0.5,,0.4,,0.3,False,False,BASIC,192,33.33333333333333,0.6666666666666666,2.0,14.0,84,34.523809523809526,0.7261904761904762,2.109090909090909,9.0,False,33.33333333333333,0.6666666666666666
5,FIB_786,4.0,0.5,0.5,,0.4,1.2,0.3,False,False,NONE,192,33.33333333333333,0.6666666666666666,2.0,14.0,84,34.523809523809526,0.7261904761904762,2.109090909090909,9.0,False,33.33333333333333,0.6666666666666666
5,FIB_786,4.0,0.5,0.5,,0.4,1.2,0.3,False,False,BASIC,192,33.33333333333333,0.6666666666666666,2.0,14.0,84,34.523809523809526,0.7261904761904762,2.109090909090909,9.0,False,33.33333333333333,0.6666666666666666
8,FIB_786,4.0,0.25,0.5,0.05,0.4,,0.3,False,False,BASIC,192,33.33333333333333,0.6666666666666666,2.0,14.0,83,34.93975903614458,0.7469879518072289,2.1481481481481484,9.0,False,33.33333333333333,0.6666666666666666
8,FIB_786,4.0,0.25,0.5,0.05,0.4,1.2,0.3,False,False,NONE,192,33.33333333333333,0.6666666666666666,2.0,14.0,83,34.93975903614458,0.7469879518072289,2.1481481481481484,9.0,False,33.33333333333333,0.6666666666666666
8,FIB_786,4.0,0.25,0.5,0.05,0.4,1.2,0.3,False,False,BASIC,192,33.33333333333333,0.6666666666666666,2.0,14.0,83,34.93975903614458,0.7469879518072289,2.1481481481481484,9.0,False,33.33333333333333,0.6666666666666666
3,FIB_786,4.0,0.5,0.5,,0.4,,0.3,False,False,BASIC,183,33.33333333333333,0.6666666666666666,2.0,13.0,82,34.14634146341464,0.7073170731707317,2.074074074074074,9.0,False,33.33333333333333,0.6666666666666666
3,FIB_786,4.0,0.5,0.5,,0.4,1.2,0.3,False,False,NONE,183,33.33333333333333,0.6666666666666666,2.0,13.0,82,34.14634146341464,0.7073170731707317,2.074074074074074,9.0,False,33.33333333333333,0.6666666666666666
3,FIB_786,4.0,0.5,0.5,,0.4,1.2,0.3,False,False,BASIC,183,33.33333333333333,0.6666666666666666,2.0,13.0,82,34.14634146341464,0.7073170731707317,2.074074074074074,9.0,False,33.33333333333333,0.6666666666666666
3,FIB_786,4.0,0.25,0.15,0.05,0.4,,0.3,False,False,NONE,172,34.88372093023256,0.7441860465116279,2.142857142857143,9.0,81,33.33333333333333,0.6666666666666666,2.0,12.0,False,33.33333333333333,0.6666666666666666
3,FIB_786,4.0,0.5,0.5,0.05,0.4,,0.3,False,False,BASIC,182,33.51648351648351,0.6758241758241759,2.0165289256198347,13.0,81,33.33333333333333,0.6666666666666666,2.0,9.0,False,33.33333333333333,0.6666666666666666
3,FIB_786,4.0,0.5,0.5,0.05,0.4,1.2,0.3,False,False,NONE,182,33.51648351648351,0.6758241758241759,2.0165289256198347,13.0,81,33.33333333333333,0.6666666666666666,2.0,9.0,False,33.33333333333333,0.6666666666666666
3,FIB_786,4.0,0.5,0.5,0.05,0.4,1.2,0.3,False,False,BASIC,182,33.51648351648351,0.6758241758241759,2.0165289256198347,13.0,81,33.33333333333333,0.6666666666666666,2.0,9.0,False,33.33333333333333,0.6666666666666666
5,FIB_786,4.0,0.5,0.3,,0.4,,,False,False,BASIC,183,34.42622950819672,0.7213114754098361,2.1,7.0,81,33.33333333333333,0.6666666666666666,2.0,10.0,False,33.33333333333333,0.6666666666666666
5,FIB_786,4.0,0.5,0.3,,0.4,1.2,,False,False,NONE,183,34.42622950819672,0.7213114754098361,2.1,7.0,81,33.33333333333333,0.6666666666666666,2.0,10.0,False,33.33333333333333,0.6666666666666666
5,FIB_786,4.0,0.5,0.3,,0.4,1.2,,False,False,BASIC,183,34.42622950819672,0.7213114754098361,2.1,7.0,81,33.33333333333333,0.6666666666666666,2.0,10.0,False,33.33333333333333,0.6666666666666666
8,FIB_786,4.0,0.5,0.3,,0.4,,,False,False,BASIC,185,34.054054054054056,0.7027027027027027,2.065573770491804,7.0,81,33.33333333333333,0.6666666666666666,2.0,10.0,False,33.33333333333333,0.6666666666666666
8,FIB_786,4.0,0.5,0.3,,0.4,1.2,,False,False,NONE,185,34.054054054054056,0.7027027027027027,2.065573770491804,7.0,81,33.33333333333333,0.6666666666666666,2.0,10.0,False,33.33333333333333,0.6666666666666666
8,FIB_786,4.0,0.5,0.3,,0.4,1.2,,False,False,BASIC,185,34.054054054054056,0.7027027027027027,2.065573770491804,7.0,81,33.33333333333333,0.6666666666666666,2.0,10.0,False,33.33333333333333,0.6666666666666666
3,FIB_705,4.0,0.25,0.15,0.05,0.4,,0.5,False,False,NONE,142,33.80281690140845,0.6901408450704225,2.042553191489361,12.0,75,33.33333333333333,0.6666666666666666,2.0,11.0,False,33.33333333333333,0.6666666666666666
3,FIB_705,4.0,0.5,0.15,0.05,0.4,,0.5,False,False,NONE,142,33.80281690140845,0.6901408450704225,2.042553191489361,12.0,75,33.33333333333333,0.6666666666666666,2.0,11.0,False,33.33333333333333,0.6666666666666666
3,FIB_786,4.0,0.5,0.3,,0.4,,0.3,False,False,BASIC,128,34.375,0.71875,2.095238095238096,10.0,60,33.33333333333333,0.6666666666666666,2.0,8.0,False,33.33333333333333,0.6666666666666666
3,FIB_786,4.0,0.5,0.3,,0.4,1.2,0.3,False,False,NONE,128,34.375,0.71875,2.095238095238096,10.0,60,33.33333333333333,0.6666666666666666,2.0,8.0,False,33.33333333333333,0.6666666666666666
3,FIB_786,4.0,0.5,0.3,,0.4,1.2,0.3,False,False,BASIC,128,34.375,0.71875,2.095238095238096,10.0,60,33.33333333333333,0.6666666666666666,2.0,8.0,False,33.33333333333333,0.6666666666666666
5,FIB_786,4.0,0.5,0.3,0.05,0.4,,0.3,False,False,BASIC,132,34.84848484848485,0.7424242424242424,2.13953488372093,10.0,60,33.33333333333333,0.6666666666666666,2.0,8.0,False,33.33333333333333,0.6666666666666666
5,FIB_786,4.0,0.5,0.3,0.05,0.4,1.2,0.3,False,False,NONE,132,34.84848484848485,0.7424242424242424,2.13953488372093,10.0,60,33.33333333333333,0.6666666666666666,2.0,8.0,False,33.33333333333333,0.6666666666666666
5,FIB_786,4.0,0.5,0.3,0.05,0.4,1.2,0.3,False,False,BASIC,132,34.84848484848485,0.7424242424242424,2.13953488372093,10.0,60,33.33333333333333,0.6666666666666666,2.0,8.0,False,33.33333333333333,0.6666666666666666
8,FIB_786,4.0,0.5,0.3,0.05,0.4,,0.3,False,False,BASIC,134,34.32835820895522,0.7164179104477612,2.090909090909091,10.0,60,33.33333333333333,0.6666666666666666,2.0,8.0,False,33.33333333333333,0.6666666666666666
8,FIB_786,4.0,0.5,0.3,0.05,0.4,1.2,0.3,False,False,NONE,134,34.32835820895522,0.7164179104477612,2.090909090909091,10.0,60,33.33333333333333,0.6666666666666666,2.0,8.0,False,33.33333333333333,0.6666666666666666
8,FIB_786,4.0,0.5,0.3,0.05,0.4,1.2,0.3,False,False,BASIC,134,34.32835820895522,0.7164179104477612,2.090909090909091,10.0,60,33.33333333333333,0.6666666666666666,2.0,8.0,False,33.33333333333333,0.6666666666666666
3,NO_FIB,4.0,0.25,,,,,0.3,False,False,NONE,1792,33.314732142857146,0.6657366071428571,1.998326359832636,17.0,820,34.02439024390244,0.7012195121951219,2.0628465804066543,14.0,False,33.314732142857146,0.6657366071428571
5,NO_FIB,4.0,0.5,,0.15,,,0.5,False,False,NONE,1165,33.30472103004291,0.6652360515021459,1.9974259974259971,11.0,525,36.0,0.8,2.25,13.0,False,33.30472103004291,0.6652360515021459
5,NO_FIB,4.0,0.25,,0.05,0.3,,0.5,False,False,NONE,994,33.29979879275654,0.6649899396378269,1.9969834087481144,14.0,438,33.33333333333333,0.6666666666666666,2.0,17.0,False,33.29979879275654,0.6649899396378269
8,NO_FIB,4.0,0.5,,0.15,,,0.5,False,False,NONE,1178,33.276740237691,0.6638370118845501,1.994910941475827,11.0,530,35.84905660377358,0.7924528301886793,2.235294117647059,12.0,False,33.276740237691,0.6638370118845501
8,NO_FIB,4.0,0.5,,,0.3,,0.5,False,False,NONE,1033,33.39787028073572,0.6698935140367861,2.005813953488372,13.0,457,33.260393873085334,0.6630196936542669,1.99344262295082,18.0,False,33.260393873085334,0.6630196936542669
3,NO_FIB,4.0,0.25,,,0.4,,0.5,False,False,NONE,770,33.246753246753244,0.6623376623376623,1.9922178988326849,15.0,318,33.33333333333333,0.6666666666666666,2.0,9.0,False,33.246753246753244,0.6623376623376623
8,NO_FIB,4.0,0.5,0.3,,,,0.5,False,False,NONE,686,35.714285714285715,0.7857142857142857,2.2222222222222223,13.0,322,33.22981366459628,0.6614906832298136,1.990697674418605,11.0,False,33.22981366459628,0.6614906832298136
3,NO_FIB,4.0,0.25,0.5,,0.4,,0.3,False,False,NONE,620,33.87096774193548,0.6935483870967742,2.048780487804878,14.0,277,33.2129963898917,0.6606498194945848,1.9891891891891893,10.0,False,33.2129963898917,0.6606498194945848
3,NO_FIB,4.0,0.25,0.5,,0.3,,0.5,False,False,NONE,582,36.08247422680412,0.8041237113402062,2.2580645161290325,14.0,268,33.2089552238806,0.6604477611940298,1.988826815642458,11.0,False,33.2089552238806,0.6604477611940298
5,NO_FIB,4.0,0.5,0.15,,,,0.3,False,False,NONE,578,35.6401384083045,0.7820069204152249,2.21505376344086,12.0,262,33.20610687022901,0.6603053435114504,1.9885714285714289,13.0,False,33.20610687022901,0.6603053435114504
5,FIB_618,4.0,0.25,0.15,,0.4,,0.3,False,False,NONE,256,33.203125,0.66015625,1.9883040935672516,14.0,120,35.0,0.75,2.1538461538461537,13.0,False,33.203125,0.66015625
5,FIB_705,4.0,0.25,0.3,,0.3,,0.3,False,False,NONE,500,33.2,0.66,1.9880239520958085,14.0,245,34.285714285714285,0.7142857142857143,2.0869565217391304,18.0,False,33.2,0.66
8,NO_FIB,4.0,0.25,,,,,0.3,False,False,NONE,1898,33.19283456269758,0.6596417281348789,1.987381703470032,17.0,861,33.91405342624855,0.6957026713124274,2.0527240773286466,14.0,False,33.19283456269758,0.6596417281348789
8,FIB_786,4.0,0.5,0.15,0.05,0.3,,0.3,False,False,NONE,232,33.189655172413794,0.6594827586206896,1.9870967741935484,12.0,120,35.0,0.75,2.1538461538461537,13.0,False,33.189655172413794,0.6594827586206896
8,NO_FIB,4.0,0.5,0.3,0.15,,,0.5,False,False,NONE,466,34.12017167381974,0.7060085836909872,2.0716612377850163,11.0,223,33.18385650224215,0.6591928251121076,1.9865771812080537,12.0,False,33.18385650224215,0.6591928251121076
3,NO_FIB,4.0,0.25,0.15,,,,0.5,False,False,NONE,428,38.55140186915888,0.927570093457944,2.5095057034220534,8.0,199,33.165829145728644,0.6582914572864321,1.9849624060150373,9.0,False,33.165829145728644,0.6582914572864321
5,NO_FIB,4.0,0.5,,,0.4,,0.5,False,False,NONE,793,33.16519546027743,0.6582597730138714,1.9849056603773585,15.0,326,33.43558282208589,0.6717791411042945,2.009216589861752,9.0,False,33.16519546027743,0.6582597730138714
5,FIB_786,4.0,0.5,0.5,0.05,0.4,,0.3,False,False,BASIC,190,33.1578947368421,0.6578947368421053,1.984251968503937,14.0,83,33.734939759036145,0.6867469879518072,2.036363636363636,9.0,False,33.1578947368421,0.6578947368421053
5,FIB_786,4.0,0.5,0.5,0.05,0.4,1.2,0.3,False,False,NONE,190,33.1578947368421,0.6578947368421053,1.984251968503937,14.0,83,33.734939759036145,0.6867469879518072,2.036363636363636,9.0,False,33.1578947368421,0.6578947368421053
5,FIB_786,4.0,0.5,0.5,0.05,0.4,1.2,0.3,False,False,BASIC,190,33.1578947368421,0.6578947368421053,1.984251968503937,14.0,83,33.734939759036145,0.6867469879518072,2.036363636363636,9.0,False,33.1578947368421,0.6578947368421053
5,NO_FIB,4.0,0.5,0.15,0.15,,,,False,False,NONE,391,34.78260869565217,0.7391304347826086,2.1333333333333333,13.0,181,33.14917127071823,0.6574585635359116,1.9834710743801651,12.0,False,33.14917127071823,0.6574585635359116
3,NO_FIB,4.0,0.5,0.5,,,,0.3,False,False,NONE,1071,33.14659197012138,0.6573295985060691,1.9832402234636872,20.0,505,33.26732673267327,0.6633663366336634,1.9940652818991096,10.0,False,33.14659197012138,0.6573295985060691
3,FIB_786,4.0,0.25,0.3,,0.4,,0.3,False,False,NONE,341,33.137829912023456,0.656891495601173,1.9824561403508767,16.0,149,34.22818791946309,0.7114093959731543,2.0816326530612246,15.0,False,33.137829912023456,0.656891495601173
8,FIB_705,4.0,0.25,0.3,,0.3,,0.3,False,False,NONE,504,33.13492063492063,0.6567460317460317,1.9821958456973292,14.0,247,34.0080971659919,0.7004048582995951,2.061349693251534,18.0,False,33.13492063492063,0.6567460317460317
3,FIB_705,4.0,0.25,0.3,,0.3,,0.5,False,False,NONE,332,33.13253012048193,0.6566265060240963,1.981981981981982,12.0,171,33.33333333333333,0.6666666666666666,2.0,16.0,False,33.13253012048193,0.6566265060240963
3,FIB_705,4.0,0.5,0.3,,0.3,,0.5,False,False,NONE,332,33.13253012048193,0.6566265060240963,1.981981981981982,12.0,171,33.33333333333333,0.6666666666666666,2.0,16.0,False,33.13253012048193,0.6566265060240963
8,NO_FIB,4.0,0.25,,,0.4,,0.5,False,False,NONE,806,33.126550868486355,0.6563275434243176,1.981447124304267,15.0,331,33.23262839879154,0.6616314199395771,1.990950226244344,9.0,False,33.126550868486355,0.6563275434243176
3,NO_FIB,4.0,0.5,,,0.4,,0.5,False,False,NONE,764,33.37696335078534,0.668848167539267,2.0039292730844798,15.0,317,33.12302839116719,0.6561514195583596,1.981132075471698,9.0,False,33.12302839116719,0.6561514195583596
8,FIB_705,4.0,0.25,0.3,,0.4,,0.3,False,False,BASIC,154,33.11688311688312,0.6558441558441559,1.980582524271845,10.0,71,33.80281690140845,0.6901408450704225,2.042553191489361,9.0,False,33.11688311688312,0.6558441558441559
8,FIB_705,4.0,0.25,0.3,,0.4,1.2,0.3,False,False,NONE,154,33.11688311688312,0.6558441558441559,1.980582524271845,10.0,71,33.80281690140845,0.6901408450704225,2.042553191489361,9.0,False,33.11688311688312,0.6558441558441559
8,FIB_705,4.0,0.25,0.3,,0.4,1.2,0.3,False,False,BASIC,154,33.11688311688312,0.6558441558441559,1.980582524271845,10.0,71,33.80281690140845,0.6901408450704225,2.042553191489361,9.0,False,33.11688311688312,0.6558441558441559
5,FIB_786,4.0,0.5,0.3,,0.4,,0.3,False,False,NONE,348,34.770114942528735,0.7385057471264368,2.13215859030837,16.0,151,33.11258278145696,0.6556291390728477,1.98019801980198,15.0,False,33.11258278145696,0.6556291390728477
5,FIB_705,4.0,0.25,0.3,,0.4,,0.3,False,False,BASIC,151,33.11258278145696,0.6556291390728477,1.98019801980198,10.0,71,33.80281690140845,0.6901408450704225,2.042553191489361,9.0,False,33.11258278145696,0.6556291390728477
5,FIB_705,4.0,0.25,0.3,,0.4,1.2,0.3,False,False,NONE,151,33.11258278145696,0.6556291390728477,1.98019801980198,10.0,71,33.80281690140845,0.6901408450704225,2.042553191489361,9.0,False,33.11258278145696,0.6556291390728477
5,FIB_705,4.0,0.25,0.3,,0.4,1.2,0.3,False,False,BASIC,151,33.11258278145696,0.6556291390728477,1.98019801980198,10.0,71,33.80281690140845,0.6901408450704225,2.042553191489361,9.0,False,33.11258278145696,0.6556291390728477
3,FIB_705,4.0,0.25,0.15,,0.3,,0.3,False,False,NONE,286,33.91608391608392,0.6958041958041958,2.052910052910053,13.0,148,33.108108108108105,0.6554054054054054,1.97979797979798,13.0,False,33.108108108108105,0.6554054054054054
5,NO_FIB,4.0,0.25,0.3,0.15,,,0.75,False,False,NONE,290,36.206896551724135,0.8103448275862069,2.27027027027027,9.0,148,33.108108108108105,0.6554054054054054,1.97979797979798,8.0,False,33.108108108108105,0.6554054054054054
5,NO_FIB,4.0,0.5,0.3,0.15,,,0.75,False,False,NONE,289,36.332179930795846,0.8166089965397924,2.282608695652174,9.0,148,33.108108108108105,0.6554054054054054,1.97979797979798,8.0,False,33.108108108108105,0.6554054054054054
5,FIB_786,4.0,0.25,0.3,0.05,0.4,,0.3,False,False,NONE,323,33.746130030959755,0.6873065015479877,2.037383177570093,16.0,145,33.10344827586207,0.6551724137931034,1.9793814432989687,15.0,False,33.10344827586207,0.6551724137931034
8,FIB_786,4.0,0.25,0.15,0.15,0.3,,0.3,False,False,NONE,145,33.10344827586207,0.6551724137931034,1.9793814432989687,7.0,72,36.11111111111111,0.8055555555555556,2.260869565217391,7.0,False,33.10344827586207,0.6551724137931034
5,NO_FIB,4.0,0.25,0.5,,0.4,,0.3,False,False,NONE,644,33.69565217391305,0.6847826086956522,2.0327868852459017,10.0,284,33.098591549295776,0.6549295774647887,1.9789473684210528,10.0,False,33.098591549295776,0.6549295774647887
8,NO_FIB,4.0,0.25,0.15,,0.4,,0.3,False,False,NONE,306,38.56209150326798,0.9281045751633988,2.5106382978723403,10.0,136,33.088235294117645,0.6544117647058824,1.978021978021978,11.0,False,33.088235294117645,0.6544117647058824
3,NO_FIB,4.0,0.5,0.15,0.15,,,0.3,False,False,NONE,305,36.72131147540984,0.8360655737704918,2.321243523316062,9.0,133,33.08270676691729,0.6541353383458647,1.9775280898876404,13.0,False,33.08270676691729,0.6541353383458647
8,NO_FIB,4.0,0.5,0.15,,,,0.3,False,False,NONE,583,35.33447684391081,0.7667238421955404,2.1856763925729443,13.0,263,33.07984790874524,0.6539923954372624,1.9772727272727275,13.0,False,33.07984790874524,0.6539923954372624
8,FIB_705,4.0,0.25,0.3,,0.4,,0.3,False,False,NONE,393,33.078880407124686,0.6539440203562341,1.9771863117870725,12.0,179,35.75418994413408,0.7877094972067039,2.226086956521739,15.0,False,33.078880407124686,0.6539440203562341
5,NO_FIB,4.0,0.25,0.5,0.05,0.3,,0.5,False,False,NONE,574,34.66898954703833,0.7334494773519163,2.1226666666666665,13.0,260,33.07692307692307,0.6538461538461539,1.9770114942528736,12.0,False,33.07692307692307,0.6538461538461539
5,FIB_705,4.0,0.25,0.3,,0.4,,0.3,False,False,NONE,390,33.07692307692307,0.6538461538461539,1.9770114942528736,12.0,177,36.15819209039548,0.807909604519774,2.265486725663717,15.0,False,33.07692307692307,0.6538461538461539
8,FIB_618,4.0,0.25,0.15,,0.4,,0.3,False,False,NONE,257,33.07392996108949,0.6536964980544747,1.976744186046512,14.0,121,34.710743801652896,0.7355371900826446,2.1265822784810124,13.0,False,33.07392996108949,0.6536964980544747
3,FIB_786,4.0,0.5,0.15,,0.3,,0.3,False,False,NONE,251,34.26294820717131,0.7131474103585658,2.084848484848485,13.0,124,33.064516129032256,0.6532258064516129,1.9759036144578312,13.0,False,33.064516129032256,0.6532258064516129
5,NO_FIB,4.0,0.25,,,0.4,,0.5,False,False,NONE,799,33.04130162703379,0.6520650813516896,1.9738317757009345,15.0,327,33.63914373088685,0.6819571865443425,2.0276497695852536,9.0,False,33.04130162703379,0.6520650813516896
5,NO_FIB,4.0,0.5,0.5,,,,0.3,False,False,NONE,1123,33.03650934995548,0.6518254674977738,1.9734042553191489,14.0,529,34.02646502835538,0.7013232514177694,2.0630372492836675,10.0,False,33.03650934995548,0.6518254674977738
3,NO_FIB,4.0,0.5,,,0.3,,0.5,False,False,NONE,981,33.94495412844037,0.6972477064220184,2.055555555555556,14.0,442,33.03167420814479,0.6515837104072398,1.972972972972973,18.0,False,33.03167420814479,0.6515837104072398
8,NO_FIB,4.0,0.5,,,0.4,,0.5,False,False,NONE,800,33.25,0.6625,1.99250936329588,15.0,330,33.03030303030303,0.6515151515151515,1.972850678733032,9.0,False,33.03030303030303,0.6515151515151515
8,FIB_786,4.0,0.5,0.3,,0.3,,0.3,False,False,NONE,451,33.25942350332594,0.6629711751662971,1.9933554817275747,18.0,212,33.0188679245283,0.6509433962264151,1.971830985915493,13.0,False,33.0188679245283,0.6509433962264151
5,FIB_786,4.0,0.25,0.3,0.15,0.4,,0.3,False,False,NONE,248,34.274193548387096,0.7137096774193549,2.085889570552147,13.0,106,33.0188679245283,0.6509433962264151,1.971830985915493,11.0,False,33.0188679245283,0.6509433962264151
5,FIB_786,4.0,0.25,0.3,0.05,0.3,,0.3,False,False,NONE,418,33.014354066985646,0.6507177033492823,1.9714285714285715,13.0,200,33.5,0.675,2.0150375939849625,13.0,False,33.014354066985646,0.6507177033492823
8,FIB_786,4.0,0.5,0.5,,0.4,,0.3,False,False,BASIC,194,32.98969072164948,0.6494845360824743,1.9692307692307691,14.0,84,34.523809523809526,0.7261904761904762,2.109090909090909,9.0,False,32.98969072164948,0.6494845360824743
8,FIB_786,4.0,0.5,0.5,,0.4,1.2,0.3,False,False,NONE,194,32.98969072164948,0.6494845360824743,1.9692307692307691,14.0,84,34.523809523809526,0.7261904761904762,2.109090909090909,9.0,False,32.98969072164948,0.6494845360824743
8,FIB_786,4.0,0.5,0.5,,0.4,1.2,0.3,False,False,BASIC,194,32.98969072164948,0.6494845360824743,1.9692307692307691,14.0,84,34.523809523809526,0.7261904761904762,2.109090909090909,9.0,False,32.98969072164948,0.6494845360824743
5,FIB_786,4.0,0.25,0.3,,0.3,,0.3,False,False,NONE,449,32.962138084632514,0.6481069042316259,1.9667774086378735,18.0,211,34.59715639810427,0.7298578199052133,2.1159420289855078,13.0,False,32.962138084632514,0.6481069042316259
5,NO_FIB,4.0,0.5,,0.05,0.3,,0.5,False,False,NONE,986,32.961460446247465,0.6480730223123732,1.966717095310136,14.0,436,33.02752293577982,0.6513761467889908,1.9726027397260275,17.0,False,32.961460446247465,0.6480730223123732
3,NO_FIB,4.0,0.5,0.5,,0.3,,0.5,False,False,NONE,574,35.714285714285715,0.7857142857142857,2.2222222222222223,14.0,267,32.958801498127336,0.6479400749063671,1.9664804469273744,11.0,False,32.958801498127336,0.6479400749063671
8,FIB_705,4.0,0.25,0.3,,0.4,,0.5,False,False,NONE,267,32.958801498127336,0.6479400749063671,1.9664804469273744,13.0,126,35.714285714285715,0.7857142857142857,2.2222222222222223,14.0,False,32.958801498127336,0.6479400749063671
8,FIB_705,4.0,0.5,0.3,,0.4,,0.5,False,False,NONE,267,32.958801498127336,0.6479400749063671,1.9664804469273744,13.0,126,35.714285714285715,0.7857142857142857,2.2222222222222223,14.0,False,32.958801498127336,0.6479400749063671
8,NO_FIB,4.0,0.25,,0.05,0.3,,0.5,False,False,NONE,1003,33.300099700897306,0.6650049850448654,1.9970104633781764,14.0,440,32.95454545454545,0.6477272727272727,1.9661016949152543,17.0,False,32.95454545454545,0.6477272727272727
5,FIB_705,4.0,0.25,0.15,0.05,0.3,,0.3,False,False,NONE,264,32.95454545454545,0.6477272727272727,1.9661016949152543,11.0,141,33.33333333333333,0.6666666666666666,2.0,13.0,False,32.95454545454545,0.6477272727272727
5,FIB_705,4.0,0.25,0.3,,0.4,,0.5,False,False,NONE,264,32.95454545454545,0.6477272727272727,1.9661016949152543,13.0,124,36.29032258064516,0.8145161290322581,2.278481012658228,14.0,False,32.95454545454545,0.6477272727272727
5,FIB_705,4.0,0.5,0.3,,0.4,,0.5,False,False,NONE,264,32.95454545454545,0.6477272727272727,1.9661016949152543,13.0,124,36.29032258064516,0.8145161290322581,2.278481012658228,14.0,False,32.95454545454545,0.6477272727272727
5,FIB_786,4.0,0.25,0.3,,,,0.3,False,False,BASIC,176,32.95454545454545,0.6477272727272727,1.9661016949152543,15.0,83,34.93975903614458,0.7469879518072289,2.1481481481481484,9.0,False,32.95454545454545,0.6477272727272727
5,FIB_786,4.0,0.25,0.3,,,1.2,0.3,False,False,BASIC,176,32.95454545454545,0.6477272727272727,1.9661016949152543,15.0,83,34.93975903614458,0.7469879518072289,2.1481481481481484,9.0,False,32.95454545454545,0.6477272727272727
5,FIB_786,4.0,0.25,0.3,,0.3,,0.3,False,False,BASIC,176,32.95454545454545,0.6477272727272727,1.9661016949152543,15.0,83,34.93975903614458,0.7469879518072289,2.1481481481481484,9.0,False,32.95454545454545,0.6477272727272727
5,FIB_786,4.0,0.25,0.3,,0.3,1.2,0.3,False,False,NONE,176,32.95454545454545,0.6477272727272727,1.9661016949152543,15.0,83,34.93975903614458,0.7469879518072289,2.1481481481481484,9.0,False,32.95454545454545,0.6477272727272727
5,FIB_786,4.0,0.25,0.3,,0.3,1.2,0.3,False,False,BASIC,176,32.95454545454545,0.6477272727272727,1.9661016949152543,15.0,83,34.93975903614458,0.7469879518072289,2.1481481481481484,9.0,False,32.95454545454545,0.6477272727272727
8,NO_FIB,4.0,0.5,0.5,,,,0.3,False,False,NONE,1132,32.95053003533569,0.6475265017667845,1.9657444005270093,14.0,533,33.771106941838646,0.6885553470919324,2.039660056657224,10.0,False,32.95053003533569,0.6475265017667845
8,NO_FIB,4.0,0.25,0.5,0.05,0.3,,0.5,False,False,NONE,579,34.715025906735754,0.7357512953367875,2.126984126984127,13.0,261,32.95019157088122,0.6475095785440613,1.9657142857142855,12.0,False,32.95019157088122,0.6475095785440613
8,FIB_786,4.0,0.5,0.3,0.15,0.4,,,False,False,NONE,340,32.94117647058823,0.6470588235294118,1.9649122807017545,14.0,157,33.12101910828025,0.6560509554140127,1.980952380952381,13.0,False,32.94117647058823,0.6470588235294118
3,FIB_618,4.0,0.25,0.15,,0.4,,0.3,False,False,NONE,252,32.93650793650794,0.6468253968253969,1.9644970414201184,14.0,118,33.89830508474576,0.6949152542372882,2.051282051282051,13.0,False,32.93650793650794,0.6468253968253969
5,FIB_786,4.0,0.5,0.15,0.05,0.4,,0.3,False,False,NONE,174,35.05747126436782,0.7528735632183908,2.15929203539823,9.0,82,32.926829268292686,0.6463414634146342,1.963636363636364,12.0,False,32.926829268292686,0.6463414634146342
5,NO_FIB,4.0,0.5,,,,,0.3,False,False,NONE,1856,32.92025862068966,0.6460129310344828,1.9630522088353413,17.0,848,34.08018867924528,0.7040094339622641,2.067978533094812,14.0,False,32.92025862068966,0.6460129310344828
3,NO_FIB,4.0,0.25,0.5,,0.3,,0.75,False,False,NONE,332,35.54216867469879,0.7771084337349398,2.205607476635514,16.0,158,32.91139240506329,0.6455696202531646,1.962264150943396,8.0,False,32.91139240506329,0.6455696202531646
3,NO_FIB,4.0,0.5,0.5,,0.3,,0.75,False,False,NONE,330,36.06060606060606,0.803030303030303,2.255924170616114,16.0,158,32.91139240506329,0.6455696202531646,1.962264150943396,8.0,False,32.91139240506329,0.6455696202531646
8,NO_FIB,4.0,0.25,0.5,0.05,0.3,,0.75,False,False,NONE,334,34.4311377245509,0.7215568862275449,2.1004566210045663,16.0,158,32.91139240506329,0.6455696202531646,1.962264150943396,10.0,False,32.91139240506329,0.6455696202531646
8,NO_FIB,4.0,0.5,0.5,0.05,0.3,,0.75,False,False,NONE,332,34.63855421686747,0.7319277108433735,2.119815668202765,16.0,158,32.91139240506329,0.6455696202531646,1.962264150943396,10.0,False,32.91139240506329,0.6455696202531646
5,FIB_786,4.0,0.5,0.3,0.15,0.4,,,False,False,NONE,337,32.93768545994065,0.6468842729970327,1.9646017699115044,13.0,155,32.903225806451616,0.6451612903225806,1.9615384615384612,13.0,False,32.903225806451616,0.6451612903225806
5,FIB_786,4.0,0.5,0.15,0.15,0.4,,,False,False,NONE,152,32.89473684210527,0.6447368421052632,1.96078431372549,11.0,75,38.66666666666666,0.9333333333333332,2.5217391304347827,8.0,False,32.89473684210527,0.6447368421052632
3,FIB_786,4.0,0.25,0.3,0.15,0.3,,0.3,False,False,NONE,301,32.89036544850498,0.6445182724252492,1.9603960396039604,11.0,141,33.33333333333333,0.6666666666666666,2.0,7.0,False,32.89036544850498,0.6445182724252492
3,FIB_786,4.0,0.5,0.3,,0.4,,0.3,False,False,NONE,340,34.11764705882353,0.7058823529411765,2.071428571428572,16.0,149,32.88590604026846,0.6442953020134228,1.96,15.0,False,32.88590604026846,0.6442953020134228
3,NO_FIB,4.0,0.25,0.5,,0.3,,0.3,False,False,NONE,782,33.887468030690535,0.6943734015345269,2.0502901353965184,11.0,368,32.880434782608695,0.6440217391304348,1.959514170040486,11.0,False,32.880434782608695,0.6440217391304348
3,FIB_786,4.0,0.25,0.3,0.05,0.4,,0.3,False,False,NONE,316,33.22784810126582,0.6613924050632911,1.990521327014218,16.0,143,32.86713286713287,0.6433566433566433,1.9583333333333333,15.0,False,32.86713286713287,0.6433566433566433
5,FIB_786,4.0,0.5,0.15,0.15,0.3,,0.3,False,False,NONE,143,32.86713286713287,0.6433566433566433,1.9583333333333333,7.0,71,33.80281690140845,0.6901408450704225,2.042553191489361,7.0,False,32.86713286713287,0.6433566433566433
3,FIB_705,4.0,0.25,0.3,,0.4,,0.3,False,False,BASIC,143,32.86713286713287,0.6433566433566433,1.9583333333333333,10.0,70,32.857142857142854,0.6428571428571429,1.9574468085106385,9.0,False,32.857142857142854,0.6428571428571429
3,FIB_705,4.0,0.25,0.3,,0.4,1.2,0.3,False,False,NONE,143,32.86713286713287,0.6433566433566433,1.9583333333333333,10.0,70,32.857142857142854,0.6428571428571429,1.9574468085106385,9.0,False,32.857142857142854,0.6428571428571429
3,FIB_705,4.0,0.25,0.3,,0.4,1.2,0.3,False,False,BASIC,143,32.86713286713287,0.6433566433566433,1.9583333333333333,10.0,70,32.857142857142854,0.6428571428571429,1.9574468085106385,9.0,False,32.857142857142854,0.6428571428571429
5,FIB_705,4.0,0.25,0.3,0.05,0.4,,0.3,False,False,BASIC,149,33.557046979865774,0.6778523489932886,2.0202020202020203,10.0,70,32.857142857142854,0.6428571428571429,1.9574468085106385,9.0,False,32.857142857142854,0.6428571428571429
5,FIB_705,4.0,0.25,0.3,0.05,0.4,1.2,0.3,False,False,NONE,149,33.557046979865774,0.6778523489932886,2.0202020202020203,10.0,70,32.857142857142854,0.6428571428571429,1.9574468085106385,9.0,False,32.857142857142854,0.6428571428571429
5,FIB_705,4.0,0.25,0.3,0.05,0.4,1.2,0.3,False,False,BASIC,149,33.557046979865774,0.6778523489932886,2.0202020202020203,10.0,70,32.857142857142854,0.6428571428571429,1.9574468085106385,9.0,False,32.857142857142854,0.6428571428571429
8,FIB_705,4.0,0.25,0.3,0.05,0.4,,0.3,False,False,BASIC,152,33.55263157894737,0.6776315789473685,2.01980198019802,10.0,70,32.857142857142854,0.6428571428571429,1.9574468085106385,9.0,False,32.857142857142854,0.6428571428571429
8,FIB_705,4.0,0.25,0.3,0.05,0.4,1.2,0.3,False,False,NONE,152,33.55263157894737,0.6776315789473685,2.01980198019802,10.0,70,32.857142857142854,0.6428571428571429,1.9574468085106385,9.0,False,32.857142857142854,0.6428571428571429
8,FIB_705,4.0,0.25,0.3,0.05,0.4,1.2,0.3,False,False,BASIC,152,33.55263157894737,0.6776315789473685,2.01980198019802,10.0,70,32.857142857142854,0.6428571428571429,1.9574468085106385,9.0,False,32.857142857142854,0.6428571428571429
5,NO_FIB,4.0,0.25,,0.05,,,0.3,False,False,NONE,1787,32.84834918858422,0.6424174594292109,1.9566666666666668,16.0,809,33.25092707045735,0.6625463535228677,1.9925925925925927,11.0,False,32.84834918858422,0.6424174594292109
3,NO_FIB,4.0,0.5,,,,,0.3,False,False,NONE,1769,32.843414358394575,0.6421707179197287,1.9562289562289563,17.0,816,33.700980392156865,0.6850490196078431,2.033271719038817,14.0,False,32.843414358394575,0.6421707179197287
3,NO_FIB,4.0,0.25,0.5,0.05,0.4,,0.3,False,False,NONE,590,33.05084745762712,0.652542372881356,1.9746835443037976,12.0,262,32.82442748091603,0.6412213740458015,1.9545454545454544,10.0,False,32.82442748091603,0.6412213740458015
3,NO_FIB,4.0,0.25,0.3,,,,0.75,False,False,NONE,394,36.54822335025381,0.8274111675126904,2.304,8.0,195,32.82051282051282,0.6410256410256411,1.954198473282443,12.0,False,32.82051282051282,0.6410256410256411
3,NO_FIB,4.0,0.5,0.3,,,,0.75,False,False,NONE,393,36.895674300254456,0.8447837150127226,2.338709677419355,8.0,195,32.82051282051282,0.6410256410256411,1.954198473282443,12.0,False,32.82051282051282,0.6410256410256411
5,NO_FIB,4.0,0.5,0.5,0.05,0.3,,0.5,False,False,NONE,567,34.038800705467374,0.7019400352733686,2.064171122994652,13.0,259,32.818532818532816,0.640926640926641,1.9540229885057472,12.0,False,32.818532818532816,0.640926640926641
8,FIB_786,4.0,0.5,0.5,0.05,0.4,,0.3,False,False,BASIC,192,32.8125,0.640625,1.9534883720930232,14.0,83,33.734939759036145,0.6867469879518072,2.036363636363636,9.0,False,32.8125,0.640625
8,FIB_786,4.0,0.5,0.5,0.05,0.4,1.2,0.3,False,False,NONE,192,32.8125,0.640625,1.9534883720930232,14.0,83,33.734939759036145,0.6867469879518072,2.036363636363636,9.0,False,32.8125,0.640625
8,FIB_786,4.0,0.5,0.5,0.05,0.4,1.2,0.3,False,False,BASIC,192,32.8125,0.640625,1.9534883720930232,14.0,83,33.734939759036145,0.6867469879518072,2.036363636363636,9.0,False,32.8125,0.640625
5,NO_FIB,4.0,0.25,0.5,,0.3,,0.3,False,False,NONE,811,33.53884093711467,0.6769420468557337,2.018552875695733,11.0,381,32.808398950131235,0.6404199475065617,1.953125,11.0,False,32.808398950131235,0.6404199475065617
5,NO_FIB,4.0,0.25,,0.05,0.4,,0.5,False,False,NONE,765,32.810457516339866,0.6405228758169934,1.953307392996109,14.0,314,32.802547770700635,0.6401273885350318,1.95260663507109,9.0,False,32.802547770700635,0.6401273885350318
3,NO_FIB,4.0,0.25,0.3,,,,0.5,False,False,NONE,651,36.25192012288787,0.8125960061443932,2.274698795180723,13.0,308,32.7922077922078,0.6396103896103896,1.9516908212560389,12.0,False,32.7922077922078,0.6396103896103896
8,NO_FIB,4.0,0.5,0.15,0.15,,,,False,False,NONE,396,34.34343434343434,0.7171717171717171,2.0923076923076924,13.0,183,32.78688524590164,0.639344262295082,1.951219512195122,12.0,False,32.78688524590164,0.639344262295082
3,FIB_705,4.0,0.25,0.3,,0.3,,0.3,False,False,NONE,482,32.780082987551864,0.6390041493775933,1.9506172839506173,14.0,237,33.33333333333333,0.6666666666666666,2.0,18.0,False,32.780082987551864,0.6390041493775933
8,FIB_786,4.0,0.25,0.3,0.05,0.3,,0.3,False,False,NONE,421,32.779097387173394,0.6389548693586699,1.9505300353356887,13.0,201,33.83084577114428,0.6915422885572139,2.045112781954887,13.0,False,32.779097387173394,0.6389548693586699
8,FIB_786,4.0,0.5,0.3,0.05,0.3,,0.3,False,False,NONE,421,32.779097387173394,0.6389548693586699,1.9505300353356887,13.0,201,32.83582089552239,0.6417910447761194,1.9555555555555555,13.0,False,32.779097387173394,0.6389548693586699
5,NO_FIB,4.0,0.5,0.3,0.05,,,0.5,False,False,NONE,630,35.07936507936508,0.753968253968254,2.161369193154034,16.0,296,32.77027027027027,0.6385135135135135,1.949748743718593,12.0,False,32.77027027027027,0.6385135135135135
3,NO_FIB,4.0,0.25,,0.05,,,0.3,False,False,NONE,1700,32.76470588235294,0.638235294117647,1.9492563429571304,16.0,776,33.118556701030926,0.6559278350515464,1.9807321772639688,14.0,False,32.76470588235294,0.638235294117647
8,FIB_786,4.0,0.5,0.5,,0.4,,0.3,False,False,NONE,464,32.758620689655174,0.6379310344827587,1.948717948717949,17.0,189,32.804232804232804,0.6402116402116402,1.952755905511811,15.0,False,32.758620689655174,0.6379310344827587
5,FIB_786,4.0,0.25,0.3,0.05,,,0.3,False,False,BASIC,174,32.758620689655174,0.6379310344827587,1.948717948717949,15.0,81,33.33333333333333,0.6666666666666666,2.0,9.0,False,32.758620689655174,0.6379310344827587
5,FIB_786,4.0,0.25,0.3,0.05,,1.2,0.3,False,False,BASIC,174,32.758620689655174,0.6379310344827587,1.948717948717949,15.0,81,33.33333333333333,0.6666666666666666,2.0,9.0,False,32.758620689655174,0.6379310344827587
5,FIB_786,4.0,0.25,0.3,0.05,0.3,,0.3,False,False,BASIC,174,32.758620689655174,0.6379310344827587,1.948717948717949,15.0,81,33.33333333333333,0.6666666666666666,2.0,9.0,False,32.758620689655174,0.6379310344827587
5,FIB_786,4.0,0.25,0.3,0.05,0.3,1.2,0.3,False,False,NONE,174,32.758620689655174,0.6379310344827587,1.948717948717949,15.0,81,33.33333333333333,0.6666666666666666,2.0,9.0,False,32.758620689655174,0.6379310344827587
5,FIB_786,4.0,0.25,0.3,0.05,0.3,1.2,0.3,False,False,BASIC,174,32.758620689655174,0.6379310344827587,1.948717948717949,15.0,81,33.33333333333333,0.6666666666666666,2.0,9.0,False,32.758620689655174,0.6379310344827587
3,NO_FIB,4.0,0.25,0.15,0.15,,1.5,,False,False,NONE,141,36.17021276595745,0.8085106382978723,2.2666666666666666,8.0,58,32.758620689655174,0.6379310344827587,1.948717948717949,7.0,False,32.758620689655174,0.6379310344827587
3,NO_FIB,4.0,0.5,0.15,0.15,,1.5,,False,False,NONE,141,36.17021276595745,0.8085106382978723,2.2666666666666666,8.0,58,32.758620689655174,0.6379310344827587,1.948717948717949,7.0,False,32.758620689655174,0.6379310344827587
8,NO_FIB,4.0,0.25,0.5,,0.4,,0.3,False,False,NONE,647,33.84853168469861,0.6924265842349304,2.046728971962617,10.0,287,32.752613240418114,0.6376306620209059,1.9481865284974091,10.0,False,32.752613240418114,0.6376306620209059
8,FIB_786,4.0,0.25,0.3,,0.3,,0.3,False,False,NONE,452,32.743362831858406,0.6371681415929203,1.947368421052632,18.0,212,34.90566037735849,0.7452830188679245,2.1449275362318843,13.0,False,32.743362831858406,0.6371681415929203
5,NO_FIB,4.0,0.25,0.5,0.05,,,0.3,False,False,NONE,1072,32.742537313432834,0.6371268656716418,1.9472954230235784,13.0,504,33.13492063492063,0.6567460317460317,1.9821958456973292,10.0,False,32.742537313432834,0.6371268656716418
3,NO_FIB,4.0,0.25,0.15,0.05,,,0.75,False,False,NONE,234,37.17948717948718,0.8589743589743589,2.36734693877551,8.0,110,32.72727272727273,0.6363636363636364,1.945945945945946,7.0,False,32.72727272727273,0.6363636363636364
3,NO_FIB,4.0,0.5,0.15,0.05,,,0.75,False,False,NONE,233,37.33905579399141,0.8669527896995708,2.3835616438356166,8.0,110,32.72727272727273,0.6363636363636364,1.945945945945946,7.0,False,32.72727272727273,0.6363636363636364
3,FIB_786,4.0,0.25,0.3,0.05,,,0.3,False,False,BASIC,165,32.72727272727273,0.6363636363636364,1.945945945945946,13.0,79,32.91139240506329,0.6455696202531646,1.962264150943396,9.0,False,32.72727272727273,0.6363636363636364
3,FIB_786,4.0,0.25,0.3,0.05,,1.2,0.3,False,False,BASIC,165,32.72727272727273,0.6363636363636364,1.945945945945946,13.0,79,32.91139240506329,0.6455696202531646,1.962264150943396,9.0,False,32.72727272727273,0.6363636363636364
3,FIB_786,4.0,0.25,0.3,0.05,0.3,,0.3,False,False,BASIC,165,32.72727272727273,0.6363636363636364,1.945945945945946,13.0,79,32.91139240506329,0.6455696202531646,1.962264150943396,9.0,False,32.72727272727273,0.6363636363636364
3,FIB_786,4.0,0.25,0.3,0.05,0.3,1.2,0.3,False,False,NONE,165,32.72727272727273,0.6363636363636364,1.945945945945946,13.0,79,32.91139240506329,0.6455696202531646,1.962264150943396,9.0,False,32.72727272727273,0.6363636363636364
3,FIB_786,4.0,0.25,0.3,0.05,0.3,1.2,0.3,False,False,BASIC,165,32.72727272727273,0.6363636363636364,1.945945945945946,13.0,79,32.91139240506329,0.6455696202531646,1.962264150943396,9.0,False,32.72727272727273,0.6363636363636364
8,NO_FIB,4.0,0.5,0.5,0.15,,,0.5,False,False,NONE,648,32.71604938271605,0.6358024691358025,1.944954128440367,16.0,295,34.23728813559322,0.711864406779661,2.082474226804124,14.0,False,32.71604938271605,0.6358024691358025
5,NO_FIB,4.0,0.25,0.5,0.05,0.4,,0.3,False,False,NONE,613,32.95269168026101,0.6476345840130505,1.9659367396593677,11.0,269,32.71375464684015,0.6356877323420075,1.9447513812154693,10.0,False,32.71375464684015,0.6356877323420075
5,NO_FIB,4.0,0.25,,0.15,,,0.3,False,False,NONE,1501,32.71152564956695,0.6355762824783477,1.9445544554455445,18.0,683,33.67496339677892,0.6837481698389458,2.0309050772626933,14.0,False,32.71152564956695,0.6355762824783477
5,NO_FIB,4.0,0.5,0.5,0.15,,,0.5,False,False,NONE,642,32.71028037383177,0.6355140186915887,1.9444444444444444,16.0,293,34.47098976109216,0.7235494880546075,2.1041666666666665,14.0,False,32.71028037383177,0.6355140186915887
5,FIB_705,4.0,0.25,0.15,0.05,0.3,,0.5,False,False,NONE,183,33.33333333333333,0.6666666666666666,2.0,12.0,107,32.71028037383177,0.6355140186915887,1.9444444444444444,11.0,False,32.71028037383177,0.6355140186915887
5,FIB_705,4.0,0.5,0.15,0.05,0.3,,0.5,False,False,NONE,183,33.33333333333333,0.6666666666666666,2.0,12.0,107,32.71028037383177,0.6355140186915887,1.9444444444444444,11.0,False,32.71028037383177,0.6355140186915887
8,FIB_705,4.0,0.25,0.15,0.05,0.3,,0.3,False,False,NONE,266,32.70676691729324,0.6353383458646616,1.9441340782122905,11.0,142,33.098591549295776,0.6549295774647887,1.9789473684210528,13.0,False,32.70676691729324,0.6353383458646616
3,NO_FIB,4.0,0.25,,0.05,0.3,,0.5,False,False,NONE,953,33.89296956977964,0.6946484784889821,2.0507936507936506,13.0,425,32.70588235294118,0.6352941176470588,1.944055944055944,17.0,False,32.70588235294118,0.6352941176470588
3,NO_FIB,4.0,0.25,0.3,0.15,,,0.5,False,False,NONE,437,34.55377574370709,0.7276887871853547,2.111888111888112,10.0,211,32.70142180094787,0.6350710900473934,1.943661971830986,13.0,False,32.70142180094787,0.6350710900473934
5,FIB_786,4.0,0.5,0.3,,0.3,,0.3,False,False,NONE,448,33.482142857142854,0.6741071428571429,2.0134228187919465,18.0,211,32.70142180094787,0.6350710900473934,1.943661971830986,13.0,False,32.70142180094787,0.6350710900473934
8,NO_FIB,4.0,0.5,,,,,0.3,False,False,NONE,1875,32.693333333333335,0.6346666666666667,1.942947702060222,17.0,857,33.72228704784131,0.6861143523920653,2.035211267605634,14.0,False,32.693333333333335,0.6346666666666667
8,NO_FIB,4.0,0.5,0.5,0.05,0.3,,0.5,False,False,NONE,572,34.090909090909086,0.7045454545454546,2.0689655172413794,13.0,260,32.69230769230769,0.6346153846153846,1.9428571428571428,12.0,False,32.69230769230769,0.6346153846153846
3,FIB_705,4.0,0.25,0.3,,0.4,,0.5,False,False,NONE,260,32.69230769230769,0.6346153846153846,1.9428571428571428,13.0,122,36.0655737704918,0.8032786885245902,2.2564102564102564,14.0,False,32.69230769230769,0.6346153846153846
3,FIB_705,4.0,0.5,0.3,,0.4,,0.5,False,False,NONE,260,32.69230769230769,0.6346153846153846,1.9428571428571428,13.0,122,36.0655737704918,0.8032786885245902,2.2564102564102564,14.0,False,32.69230769230769,0.6346153846153846
3,FIB_786,4.0,0.25,0.3,0.15,0.4,,0.3,False,False,NONE,243,33.744855967078195,0.6872427983539094,2.037267080745341,13.0,104,32.69230769230769,0.6346153846153846,1.9428571428571428,12.0,False,32.69230769230769,0.6346153846153846
8,FIB_786,4.0,0.5,0.15,0.15,0.4,,,False,False,NONE,153,32.6797385620915,0.6339869281045751,1.941747572815534,11.0,77,38.961038961038966,0.948051948051948,2.5531914893617023,8.0,False,32.6797385620915,0.6339869281045751
3,NO_FIB,4.0,0.25,,0.15,,,0.3,False,False,NONE,1414,32.67326732673268,0.6336633663366337,1.9411764705882355,18.0,647,33.53941267387944,0.6769706336939721,2.01860465116279,18.0,False,32.67326732673268,0.6336633663366337
3,NO_FIB,4.0,0.5,0.5,0.15,,,0.5,False,False,NONE,606,32.67326732673268,0.6336633663366337,1.9411764705882355,15.0,281,34.16370106761566,0.708185053380783,2.075675675675676,14.0,False,32.67326732673268,0.6336633663366337
5,NO_FIB,4.0,0.25,0.3,0.05,,,0.5,False,False,NONE,635,35.43307086614173,0.7716535433070866,2.1951219512195124,16.0,300,32.666666666666664,0.6333333333333333,1.9405940594059403,12.0,False,32.666666666666664,0.6333333333333333
3,NO_FIB,4.0,0.25,0.5,0.05,0.3,,0.3,False,False,NONE,745,33.02013422818792,0.6510067114093959,1.971943887775551,13.0,349,32.664756446991404,0.6332378223495702,1.9404255319148933,10.0,False,32.664756446991404,0.6332378223495702
5,NO_FIB,4.0,0.25,0.5,0.15,,,0.3,False,False,NONE,839,32.657926102502984,0.6328963051251489,1.9398230088495576,14.0,392,33.6734693877551,0.6836734693877551,2.0307692307692307,11.0,False,32.657926102502984,0.6328963051251489
8,NO_FIB,4.0,0.25,0.5,0.05,,,0.3,False,False,NONE,1081,32.65494912118409,0.6327474560592045,1.93956043956044,13.0,508,32.874015748031496,0.6437007874015748,1.9589442815249267,10.0,False,32.65494912118409,0.6327474560592045
3,NO_FIB,4.0,0.5,0.15,,,,0.5,False,False,NONE,427,38.875878220140514,0.9437939110070258,2.5440613026819925,8.0,196,32.6530612244898,0.6326530612244898,1.9393939393939397,9.0,False,32.6530612244898,0.6326530612244898
8,FIB_786,4.0,0.5,0.3,0.15,0.3,,0.3,False,False,NONE,315,33.33333333333333,0.6666666666666666,2.0,12.0,147,32.6530612244898,0.6326530612244898,1.9393939393939397,9.0,False,32.6530612244898,0.6326530612244898
8,NO_FIB,4.0,0.5,,0.05,0.3,,0.5,False,False,NONE,995,32.96482412060301,0.6482412060301508,1.9670164917541229,14.0,438,32.64840182648402,0.632420091324201,1.9389830508474577,17.0,False,32.64840182648402,0.632420091324201
8,FIB_786,4.0,0.25,0.3,0.15,0.4,,,False,False,NONE,340,32.64705882352941,0.6323529411764706,1.9388646288209608,14.0,157,35.03184713375796,0.7515923566878981,2.156862745098039,12.0,False,32.64705882352941,0.6323529411764706
5,FIB_786,4.0,0.25,0.3,0.15,0.4,,,False,False,NONE,337,32.640949554896146,0.6320474777448071,1.9383259911894275,13.0,155,34.83870967741935,0.7419354838709677,2.1386138613861387,12.0,False,32.640949554896146,0.6320474777448071
8,NO_FIB,4.0,0.25,0.5,,0.3,,0.3,False,False,NONE,816,33.57843137254902,0.678921568627451,2.022140221402214,11.0,383,32.637075718015666,0.6318537859007833,1.937984496124031,11.0,False,32.637075718015666,0.6318537859007833
8,NO_FIB,4.0,0.25,,0.05,,,0.3,False,False,NONE,1805,32.631578947368425,0.631578947368421,1.9375,16.0,818,32.88508557457212,0.6442542787286064,1.9599271402550087,11.0,False,32.631578947368425,0.631578947368421
5,FIB_705,4.0,0.25,0.5,,0.3,,0.5,False,False,NONE,475,32.631578947368425,0.631578947368421,1.9375,19.0,217,33.6405529953917,0.6820276497695853,2.0277777777777777,19.0,False,32.631578947368425,0.631578947368421
3,FIB_705,4.0,0.25,0.3,,0.4,,0.3,False,False,NONE,380,32.631578947368425,0.631578947368421,1.9375,14.0,174,35.63218390804598,0.7816091954022989,2.2142857142857144,15.0,False,32.631578947368425,0.631578947368421
8,NO_FIB,4.0,0.25,0.5,0.15,,,0.3,False,False,NONE,846,32.62411347517731,0.6312056737588653,1.936842105263158,14.0,396,33.33333333333333,0.6666666666666666,2.0,11.0,False,32.62411347517731,0.6312056737588653
3,NO_FIB,4.0,0.25,0.5,0.15,,,0.3,False,False,NONE,797,32.622333751568384,0.6311166875784191,1.936685288640596,13.0,370,32.972972972972975,0.6486486486486487,1.967741935483871,12.0,False,32.622333751568384,0.6311166875784191
5,FIB_786,4.0,0.5,0.5,,0.4,,0.3,False,False,NONE,462,32.900432900432904,0.645021645021645,1.961290322580645,17.0,187,32.62032085561498,0.6310160427807486,1.9365079365079363,15.0,False,32.62032085561498,0.6310160427807486
5,FIB_618,4.0,0.5,0.15,,0.4,,0.5,False,False,NONE,183,32.78688524590164,0.639344262295082,1.951219512195122,13.0,92,32.608695652173914,0.6304347826086957,1.935483870967742,12.0,False,32.608695652173914,0.6304347826086957
5,NO_FIB,4.0,0.25,0.5,0.05,0.3,,0.3,False,False,NONE,772,32.64248704663213,0.6321243523316062,1.9384615384615385,13.0,362,32.59668508287293,0.6298342541436464,1.9344262295081969,10.0,False,32.59668508287293,0.6298342541436464
5,FIB_705,4.0,0.5,0.3,,0.3,,0.3,False,False,NONE,497,32.59557344064387,0.6297786720321932,1.9343283582089552,14.0,245,32.6530612244898,0.6326530612244898,1.9393939393939397,19.0,False,32.59557344064387,0.6297786720321932
5,NO_FIB,4.0,0.5,,0.05,0.4,,0.5,False,False,NONE,760,32.76315789473684,0.6381578947368421,1.949119373776908,14.0,313,32.587859424920126,0.6293929712460063,1.933649289099526,9.0,False,32.587859424920126,0.6293929712460063
5,FIB_705,4.0,0.5,0.15,0.05,0.3,,0.3,False,False,NONE,264,32.57575757575758,0.6287878787878788,1.9325842696629212,11.0,141,32.62411347517731,0.6312056737588653,1.936842105263158,13.0,False,32.57575757575758,0.6287878787878788
8,FIB_705,4.0,0.25,0.5,,0.3,,0.5,False,False,NONE,479,32.5678496868476,0.6283924843423799,1.931888544891641,19.0,219,33.33333333333333,0.6666666666666666,2.0,19.0,False,32.5678496868476,0.6283924843423799
3,FIB_786,4.0,0.25,0.3,,0.4,,,False,False,BASIC,172,32.55813953488372,0.627906976744186,1.9310344827586208,10.0,78,33.33333333333333,0.6666666666666666,2.0,10.0,False,32.55813953488372,0.627906976744186
3,FIB_786,4.0,0.25,0.3,,0.4,1.2,,False,False,NONE,172,32.55813953488372,0.627906976744186,1.9310344827586208,10.0,78,33.33333333333333,0.6666666666666666,2.0,10.0,False,32.55813953488372,0.627906976744186
3,FIB_786,4.0,0.25,0.3,,0.4,1.2,,False,False,BASIC,172,32.55813953488372,0.627906976744186,1.9310344827586208,10.0,78,33.33333333333333,0.6666666666666666,2.0,10.0,False,32.55813953488372,0.627906976744186
5,FIB_705,4.0,0.25,0.3,0.05,0.3,,0.3,False,False,NONE,467,32.54817987152035,0.6274089935760171,1.9301587301587304,17.0,231,33.33333333333333,0.6666666666666666,2.0,18.0,False,32.54817987152035,0.6274089935760171
3,FIB_786,4.0,0.25,0.3,,,,0.3,False,False,BASIC,166,32.53012048192771,0.6265060240963856,1.9285714285714288,13.0,81,34.5679012345679,0.7283950617283951,2.1132075471698117,9.0,False,32.53012048192771,0.6265060240963856
3,FIB_786,4.0,0.25,0.3,,,1.2,0.3,False,False,BASIC,166,32.53012048192771,0.6265060240963856,1.9285714285714288,13.0,81,34.5679012345679,0.7283950617283951,2.1132075471698117,9.0,False,32.53012048192771,0.6265060240963856
3,FIB_786,4.0,0.25,0.3,,0.3,,0.3,False,False,BASIC,166,32.53012048192771,0.6265060240963856,1.9285714285714288,13.0,81,34.5679012345679,0.7283950617283951,2.1132075471698117,9.0,False,32.53012048192771,0.6265060240963856
3,FIB_786,4.0,0.25,0.3,,0.3,1.2,0.3,False,False,NONE,166,32.53012048192771,0.6265060240963856,1.9285714285714288,13.0,81,34.5679012345679,0.7283950617283951,2.1132075471698117,9.0,False,32.53012048192771,0.6265060240963856
3,FIB_786,4.0,0.25,0.3,,0.3,1.2,0.3,False,False,BASIC,166,32.53012048192771,0.6265060240963856,1.9285714285714288,13.0,81,34.5679012345679,0.7283950617283951,2.1132075471698117,9.0,False,32.53012048192771,0.6265060240963856
3,FIB_786,4.0,0.5,0.5,,0.4,,0.3,False,False,NONE,449,32.516703786191535,0.6258351893095768,1.9273927392739276,17.0,183,32.78688524590164,0.639344262295082,1.951219512195122,15.0,False,32.516703786191535,0.6258351893095768
8,FIB_705,4.0,0.25,0.3,0.05,0.4,,0.3,False,False,NONE,366,32.51366120218579,0.6256830601092896,1.9271255060728745,15.0,170,33.52941176470588,0.6764705882352942,2.017699115044248,15.0,False,32.51366120218579,0.6256830601092896
5,NO_FIB,4.0,0.25,0.5,0.15,0.3,,0.5,False,False,NONE,464,32.543103448275865,0.6271551724137931,1.9297124600638975,11.0,203,32.51231527093596,0.625615763546798,1.927007299270073,10.0,False,32.51231527093596,0.625615763546798
5,FIB_705,4.0,0.25,0.3,0.05,0.4,,0.3,False,False,NONE,363,32.5068870523416,0.6253443526170799,1.926530612244898,15.0,168,33.92857142857143,0.6964285714285714,2.054054054054054,15.0,False,32.5068870523416,0.6253443526170799
5,FIB_786,4.0,0.5,0.3,0.05,0.3,,0.3,False,False,NONE,418,33.014354066985646,0.6507177033492823,1.9714285714285715,13.0,200,32.5,0.625,1.9259259259259256,13.0,False,32.5,0.625
5,FIB_618,4.0,0.5,0.15,,0.4,,0.3,False,False,NONE,255,34.11764705882353,0.7058823529411765,2.071428571428572,14.0,120,32.5,0.625,1.9259259259259256,13.0,False,32.5,0.625
5,FIB_786,4.0,0.5,0.3,0.05,0.4,,,False,False,BASIC,180,34.44444444444444,0.7222222222222222,2.101694915254237,7.0,80,32.5,0.625,1.9259259259259256,10.0,False,32.5,0.625
5,FIB_786,4.0,0.5,0.3,0.05,0.4,1.2,,False,False,NONE,180,34.44444444444444,0.7222222222222222,2.101694915254237,7.0,80,32.5,0.625,1.9259259259259256,10.0,False,32.5,0.625
5,FIB_786,4.0,0.5,0.3,0.05,0.4,1.2,,False,False,BASIC,180,34.44444444444444,0.7222222222222222,2.101694915254237,7.0,80,32.5,0.625,1.9259259259259256,10.0,False,32.5,0.625
8,FIB_786,4.0,0.5,0.3,0.05,0.4,,,False,False,BASIC,182,34.065934065934066,0.7032967032967034,2.066666666666667,7.0,80,32.5,0.625,1.9259259259259256,10.0,False,32.5,0.625
8,FIB_786,4.0,0.5,0.3,0.05,0.4,1.2,,False,False,NONE,182,34.065934065934066,0.7032967032967034,2.066666666666667,7.0,80,32.5,0.625,1.9259259259259256,10.0,False,32.5,0.625
8,FIB_786,4.0,0.5,0.3,0.05,0.4,1.2,,False,False,BASIC,182,34.065934065934066,0.7032967032967034,2.066666666666667,7.0,80,32.5,0.625,1.9259259259259256,10.0,False,32.5,0.625
8,NO_FIB,4.0,0.25,,0.15,,,0.3,False,False,NONE,1517,32.49835201054713,0.6249176005273567,1.92578125,18.0,692,33.38150289017341,0.6690751445086706,2.004338394793926,15.0,False,32.49835201054713,0.6249176005273567
5,FIB_705,4.0,0.25,0.3,0.05,0.3,,0.5,False,False,NONE,317,32.49211356466877,0.6246056782334385,1.925233644859813,13.0,165,33.33333333333333,0.6666666666666666,2.0,16.0,False,32.49211356466877,0.6246056782334385
5,FIB_705,4.0,0.5,0.3,0.05,0.3,,0.5,False,False,NONE,317,32.49211356466877,0.6246056782334385,1.925233644859813,13.0,165,33.33333333333333,0.6666666666666666,2.0,16.0,False,32.49211356466877,0.6246056782334385
3,NO_FIB,4.0,0.5,0.5,,0.4,,0.3,False,False,NONE,611,33.387888707037646,0.6693944353518821,2.004914004914005,17.0,277,32.49097472924188,0.6245487364620939,1.925133689839572,10.0,False,32.49097472924188,0.6245487364620939
8,FIB_705,4.0,0.25,0.3,0.05,0.3,,0.3,False,False,NONE,471,32.48407643312102,0.6242038216560509,1.9245283018867925,17.0,233,33.047210300429185,0.6523605150214592,1.9743589743589745,18.0,False,32.48407643312102,0.6242038216560509
5,NO_FIB,4.0,0.5,,,0.3,,0.75,False,False,NONE,624,35.256410256410255,0.7628205128205128,2.1782178217821784,13.0,274,32.481751824817515,0.6240875912408759,1.9243243243243244,12.0,False,32.481751824817515,0.6240875912408759
3,FIB_786,4.0,0.25,0.3,0.05,0.4,,,False,False,BASIC,170,32.94117647058823,0.6470588235294118,1.9649122807017545,10.0,77,32.467532467532465,0.6233766233766234,1.9230769230769231,10.0,False,32.467532467532465,0.6233766233766234
3,FIB_786,4.0,0.25,0.3,0.05,0.4,1.2,,False,False,NONE,170,32.94117647058823,0.6470588235294118,1.9649122807017545,10.0,77,32.467532467532465,0.6233766233766234,1.9230769230769231,10.0,False,32.467532467532465,0.6233766233766234
3,FIB_786,4.0,0.25,0.3,0.05,0.4,1.2,,False,False,BASIC,170,32.94117647058823,0.6470588235294118,1.9649122807017545,10.0,77,32.467532467532465,0.6233766233766234,1.9230769230769231,10.0,False,32.467532467532465,0.6233766233766234
3,FIB_705,4.0,0.25,0.5,,0.3,,0.5,False,False,NONE,459,32.46187363834422,0.6230936819172114,1.9225806451612903,19.0,208,32.69230769230769,0.6346153846153846,1.9428571428571428,19.0,False,32.46187363834422,0.6230936819172114
3,NO_FIB,4.0,0.25,,0.05,0.4,,0.5,False,False,NONE,737,32.971506105834465,0.6485753052917232,1.9676113360323888,14.0,305,32.459016393442624,0.6229508196721312,1.922330097087379,9.0,False,32.459016393442624,0.6229508196721312
3,NO_FIB,4.0,0.5,0.3,,,,0.5,False,False,NONE,646,36.06811145510836,0.8034055727554179,2.2566585956416465,12.0,305,32.459016393442624,0.6229508196721312,1.922330097087379,12.0,False,32.459016393442624,0.6229508196721312
3,FIB_705,4.0,0.25,0.15,,0.3,,0.5,False,False,NONE,200,34.5,0.725,2.106870229007633,13.0,114,32.45614035087719,0.6228070175438597,1.922077922077922,11.0,False,32.45614035087719,0.6228070175438597
3,FIB_705,4.0,0.5,0.15,,0.3,,0.5,False,False,NONE,200,34.5,0.725,2.106870229007633,13.0,114,32.45614035087719,0.6228070175438597,1.922077922077922,11.0,False,32.45614035087719,0.6228070175438597
3,FIB_786,4.0,0.5,0.15,0.05,0.3,,0.3,False,False,NONE,226,33.6283185840708,0.6814159292035398,2.026666666666667,12.0,114,32.45614035087719,0.6228070175438597,1.922077922077922,13.0,False,32.45614035087719,0.6228070175438597
8,NO_FIB,4.0,0.25,0.3,0.15,,,0.75,False,False,NONE,292,36.3013698630137,0.815068493150685,2.2795698924731185,9.0,151,32.450331125827816,0.6225165562913907,1.9215686274509804,9.0,False,32.450331125827816,0.6225165562913907
8,NO_FIB,4.0,0.5,0.3,0.15,,,0.75,False,False,NONE,291,36.42611683848797,0.8213058419243986,2.291891891891892,9.0,151,32.450331125827816,0.6225165562913907,1.9215686274509804,9.0,False,32.450331125827816,0.6225165562913907
3,FIB_786,4.0,0.5,0.15,0.15,0.4,,,False,False,NONE,151,32.450331125827816,0.6225165562913907,1.9215686274509804,11.0,72,36.11111111111111,0.8055555555555556,2.260869565217391,8.0,False,32.450331125827816,0.6225165562913907
8,NO_FIB,4.0,0.5,0.3,0.05,,,0.5,False,False,NONE,637,34.850863422291994,0.7425431711145997,2.139759036144578,16.0,299,32.441471571906355,0.6220735785953178,1.9207920792079207,12.0,False,32.441471571906355,0.6220735785953178
5,FIB_705,4.0,0.25,0.5,,0.3,,0.3,False,False,NONE,672,32.44047619047619,0.6220238095238095,1.920704845814978,17.0,306,34.64052287581699,0.7320261437908496,2.12,20.0,False,32.44047619047619,0.6220238095238095
3,FIB_705,4.0,0.5,0.15,,0.3,,0.3,False,False,NONE,285,33.68421052631579,0.6842105263157895,2.031746031746032,13.0,148,32.432432432432435,0.6216216216216216,1.92,13.0,False,32.432432432432435,0.6216216216216216
5,NO_FIB,3.0,0.5,,,,,0.75,False,False,NONE,1000,46.2,0.848,2.576208178438662,12.0,456,45.83333333333333,0.8333333333333334,2.5384615384615383,9.0,False,45.83333333333333,0.8333333333333334
8,NO_FIB,3.0,0.5,,,,,0.75,False,False,NONE,1009,46.28344895936571,0.8513379583746283,2.584870848708487,12.0,460,45.65217391304348,0.8260869565217391,2.52,9.0,False,45.65217391304348,0.8260869565217391
5,NO_FIB,3.0,0.25,,,,,0.75,False,False,NONE,1000,46.3,0.852,2.5865921787709496,12.0,456,45.614035087719294,0.8245614035087719,2.5161290322580645,9.0,False,45.614035087719294,0.8245614035087719
8,NO_FIB,3.0,0.25,,,,,0.75,False,False,NONE,1009,46.38255698711596,0.8553022794846382,2.5951940850277264,12.0,460,45.43478260869565,0.8173913043478261,2.49800796812749,9.0,False,45.43478260869565,0.8173913043478261
3,NO_FIB,3.0,0.5,,,,,0.75,False,False,NONE,957,46.18599791013584,0.8474399164054337,2.574757281553398,12.0,434,45.39170506912442,0.815668202764977,2.4936708860759493,9.0,False,45.39170506912442,0.815668202764977
5,NO_FIB,3.0,0.5,,0.05,,,0.75,False,False,NONE,953,46.06505771248688,0.8426023084994754,2.562256809338521,12.0,433,45.26558891454965,0.8106235565819861,2.481012658227848,9.0,False,45.26558891454965,0.8106235565819861
3,NO_FIB,3.0,0.25,,,,,0.75,False,False,NONE,957,46.18599791013584,0.8474399164054337,2.574757281553398,12.0,434,45.16129032258064,0.8064516129032258,2.4705882352941178,9.0,False,45.16129032258064,0.8064516129032258
8,NO_FIB,3.0,0.5,,0.05,,,0.75,False,False,NONE,962,46.15384615384615,0.8461538461538461,2.571428571428572,12.0,437,45.08009153318078,0.8032036613272311,2.4625,9.0,False,45.08009153318078,0.8032036613272311
5,NO_FIB,3.0,0.25,,0.05,,,0.75,False,False,NONE,953,46.27492130115425,0.85099685204617,2.583984375,12.0,433,45.03464203233256,0.8013856812933026,2.457983193277311,9.0,False,45.03464203233256,0.8013856812933026
5,NO_FIB,3.0,0.25,0.15,,0.3,,0.75,False,False,NONE,177,47.45762711864407,0.8983050847457628,2.7096774193548385,6.0,80,45.0,0.8,2.4545454545454546,7.0,False,45.0,0.8
5,NO_FIB,3.0,0.5,0.15,,0.3,,0.75,False,False,NONE,177,48.0225988700565,0.9209039548022598,2.7717391304347827,6.0,80,45.0,0.8,2.4545454545454546,7.0,False,45.0,0.8
5,NO_FIB,3.0,0.25,0.15,,,,0.75,False,False,NONE,280,46.785714285714285,0.8714285714285714,2.637583892617449,9.0,136,44.85294117647059,0.7941176470588235,2.44,8.0,False,44.85294117647059,0.7941176470588235
5,NO_FIB,3.0,0.5,0.15,,,,0.75,False,False,NONE,280,47.14285714285714,0.8857142857142857,2.675675675675676,9.0,136,44.85294117647059,0.7941176470588235,2.44,8.0,False,44.85294117647059,0.7941176470588235
8,NO_FIB,3.0,0.25,,0.05,,,0.75,False,False,NONE,962,46.36174636174636,0.8544698544698545,2.5930232558139537,12.0,437,44.8512585812357,0.7940503432494279,2.4398340248962658,9.0,False,44.8512585812357,0.7940503432494279
3,NO_FIB,3.0,0.5,,0.05,,,0.75,False,False,NONE,909,45.984598459845984,0.8393839383938394,2.5539714867617107,12.0,411,44.76885644768856,0.7907542579075426,2.4317180616740086,9.0,False,44.76885644768856,0.7907542579075426
5,NO_FIB,3.0,0.25,0.5,,,,0.75,False,False,NONE,564,46.27659574468085,0.851063829787234,2.584158415841584,9.0,277,44.765342960288805,0.7906137184115524,2.431372549019608,12.0,False,44.765342960288805,0.7906137184115524
5,NO_FIB,3.0,0.25,0.15,0.15,,,0.5,False,False,NONE,258,46.89922480620155,0.875968992248062,2.6496350364963503,7.0,121,44.62809917355372,0.7851239669421488,2.417910447761194,8.0,False,44.62809917355372,0.7851239669421488
5,NO_FIB,3.0,0.25,0.15,,0.4,,0.3,False,False,NONE,315,46.66666666666666,0.8666666666666667,2.625,9.0,139,44.60431654676259,0.7841726618705036,2.415584415584416,11.0,False,44.60431654676259,0.7841726618705036
3,NO_FIB,3.0,0.25,,0.05,,,0.75,False,False,NONE,909,46.094609460946096,0.8437843784378438,2.5653061224489795,12.0,411,44.52554744525548,0.781021897810219,2.4078947368421053,9.0,False,44.52554744525548,0.781021897810219
8,NO_FIB,3.0,0.25,0.15,,,,0.75,False,False,NONE,282,46.45390070921986,0.8581560283687943,2.6026490066225167,9.0,137,44.52554744525548,0.781021897810219,2.4078947368421053,9.0,False,44.52554744525548,0.781021897810219
8,NO_FIB,3.0,0.5,0.15,,,,0.75,False,False,NONE,282,46.80851063829788,0.8723404255319149,2.64,9.0,137,44.52554744525548,0.781021897810219,2.4078947368421053,9.0,False,44.52554744525548,0.781021897810219
8,NO_FIB,3.0,0.25,0.15,,0.3,,0.75,False,False,NONE,178,47.19101123595505,0.8876404494382022,2.6808510638297878,6.0,81,44.44444444444444,0.7777777777777778,2.4,7.0,False,44.44444444444444,0.7777777777777778
8,NO_FIB,3.0,0.5,0.15,,0.3,,0.75,False,False,NONE,178,47.752808988764045,0.9101123595505618,2.7419354838709675,6.0,81,44.44444444444444,0.7777777777777778,2.4,7.0,False,44.44444444444444,0.7777777777777778
5,NO_FIB,3.0,0.5,0.5,,,,0.75,False,False,NONE,564,46.09929078014184,0.8439716312056738,2.5657894736842106,9.0,277,44.4043321299639,0.776173285198556,2.396103896103896,12.0,False,44.4043321299639,0.776173285198556
5,NO_FIB,3.0,0.25,0.5,0.05,,,0.75,False,False,NONE,536,45.52238805970149,0.8208955223880597,2.506849315068493,9.0,259,44.4015444015444,0.7760617760617761,2.395833333333333,12.0,False,44.4015444015444,0.7760617760617761
3,NO_FIB,3.0,0.25,0.5,,,,0.75,False,False,NONE,536,46.26865671641791,0.8507462686567164,2.583333333333333,9.0,266,44.3609022556391,0.7744360902255639,2.391891891891892,8.0,False,44.3609022556391,0.7744360902255639
8,NO_FIB,3.0,0.25,0.5,,,,0.75,False,False,NONE,568,46.30281690140845,0.852112676056338,2.586885245901639,9.0,280,44.285714285714285,0.7714285714285715,2.3846153846153846,13.0,False,44.285714285714285,0.7714285714285715
8,NO_FIB,3.0,0.25,0.15,,0.4,,0.3,False,False,NONE,317,46.37223974763407,0.8548895899053628,2.594117647058824,9.0,140,44.285714285714285,0.7714285714285715,2.3846153846153846,11.0,False,44.285714285714285,0.7714285714285715
8,NO_FIB,3.0,0.25,0.15,0.15,,,0.5,False,False,NONE,261,46.36015325670498,0.8544061302681992,2.592857142857143,7.0,122,44.26229508196721,0.7704918032786885,2.3823529411764706,8.0,False,44.26229508196721,0.7704918032786885
3,NO_FIB,3.0,0.25,,,,,0.5,False,False,NONE,1510,44.30463576158941,0.7721854304635761,2.3864447086801426,14.0,694,44.236311239193085,0.7694524495677233,2.37984496124031,11.0,False,44.236311239193085,0.7694524495677233
3,NO_FIB,3.0,0.5,,0.15,,,0.75,False,False,NONE,770,45.58441558441558,0.8233766233766234,2.513126491646778,9.0,346,44.21965317919075,0.7687861271676301,2.378238341968912,7.0,False,44.21965317919075,0.7687861271676301
5,NO_FIB,3.0,0.25,,,,,0.5,False,False,NONE,1596,44.3609022556391,0.7744360902255639,2.391891891891892,14.0,720,44.16666666666666,0.7666666666666667,2.373134328358209,12.0,False,44.16666666666666,0.7666666666666667
5,NO_FIB,3.0,0.5,,0.15,,,0.75,False,False,NONE,813,45.51045510455104,0.8204182041820418,2.505643340857788,11.0,367,44.141689373297005,0.7656675749318801,2.370731707317073,7.0,False,44.141689373297005,0.7656675749318801
3,NO_FIB,3.0,0.25,0.5,,,,0.5,False,False,NONE,900,44.44444444444444,0.7777777777777778,2.4,14.0,426,44.13145539906103,0.7652582159624414,2.369747899159664,9.0,False,44.13145539906103,0.7652582159624414
3,NO_FIB,3.0,0.25,0.15,,0.4,,0.3,False,False,NONE,306,46.73202614379085,0.869281045751634,2.631901840490797,9.0,136,44.11764705882353,0.7647058823529411,2.3684210526315788,11.0,False,44.11764705882353,0.7647058823529411
8,NO_FIB,3.0,0.25,,,,,0.5,False,False,NONE,1613,44.26534407935524,0.7706137631742096,2.382647385984427,14.0,726,44.0771349862259,0.7630853994490359,2.3645320197044337,12.0,False,44.0771349862259,0.7630853994490359
5,NO_FIB,3.0,0.5,0.5,0.05,,,0.75,False,False,NONE,536,45.149253731343286,0.8059701492537313,2.4693877551020407,9.0,259,44.01544401544402,0.7606177606177607,2.358620689655172,12.0,False,44.01544401544402,0.7606177606177607
3,NO_FIB,3.0,0.5,0.5,,,,0.75,False,False,NONE,536,46.26865671641791,0.8507462686567164,2.583333333333333,9.0,266,43.98496240601504,0.7593984962406015,2.355704697986577,8.0,False,43.98496240601504,0.7593984962406015
3,NO_FIB,3.0,0.25,0.5,0.05,,,0.75,False,False,NONE,508,45.47244094488189,0.8188976377952756,2.501805054151625,9.0,248,43.95161290322581,0.7580645161290323,2.352517985611511,8.0,False,43.95161290322581,0.7580645161290323
8,NO_FIB,3.0,0.5,,0.15,,,0.75,False,False,NONE,820,45.609756097560975,0.824390243902439,2.515695067264574,11.0,371,43.93530997304582,0.7574123989218329,2.3509615384615383,7.0,False,43.93530997304582,0.7574123989218329
3,NO_FIB,3.0,0.25,,0.15,,,0.75,False,False,NONE,770,45.71428571428572,0.8285714285714286,2.526315789473684,9.0,346,43.93063583815029,0.7572254335260116,2.350515463917526,7.0,False,43.93063583815029,0.7572254335260116
8,NO_FIB,3.0,0.5,0.5,,,,0.75,False,False,NONE,568,46.12676056338028,0.8450704225352113,2.5686274509803924,9.0,280,43.92857142857143,0.7571428571428571,2.35031847133758,13.0,False,43.92857142857143,0.7571428571428571
5,NO_FIB,3.0,0.25,0.5,,,,0.5,False,False,NONE,950,44.315789473684205,0.7726315789473684,2.387523629489603,16.0,444,43.91891891891892,0.7567567567567568,2.3493975903614457,9.0,False,43.91891891891892,0.7567567567567568
8,NO_FIB,3.0,0.25,0.5,0.05,,,0.75,False,False,NONE,540,45.55555555555556,0.8222222222222222,2.510204081632653,9.0,262,43.89312977099237,0.7557251908396947,2.346938775510204,13.0,False,43.89312977099237,0.7557251908396947
5,NO_FIB,3.0,0.5,0.15,,0.4,,0.3,False,False,NONE,314,46.81528662420382,0.8726114649681529,2.6407185628742518,8.0,139,43.884892086330936,0.7553956834532374,2.3461538461538463,11.0,False,43.884892086330936,0.7553956834532374
3,NO_FIB,3.0,0.5,,,,,0.5,False,False,NONE,1503,43.91217564870259,0.7564870259481038,2.3487544483985765,14.0,686,43.87755102040816,0.7551020408163265,2.345454545454545,11.0,False,43.87755102040816,0.7551020408163265
5,NO_FIB,3.0,0.25,,0.15,,,0.75,False,False,NONE,813,45.75645756457565,0.8302583025830258,2.5306122448979598,11.0,367,43.86920980926431,0.7547683923705722,2.3446601941747574,7.0,False,43.86920980926431,0.7547683923705722
3,NO_FIB,3.0,0.25,0.15,0.15,,,0.5,False,False,NONE,241,46.47302904564315,0.8589211618257261,2.604651162790698,8.0,114,43.85964912280701,0.7543859649122807,2.34375,8.0,False,43.85964912280701,0.7543859649122807
5,NO_FIB,3.0,0.5,,,,,0.5,False,False,NONE,1589,43.92699811202014,0.7570799244808055,2.3501683501683504,14.0,712,43.82022471910113,0.7528089887640449,2.34,12.0,False,43.82022471910113,0.7528089887640449
5,NO_FIB,3.0,0.25,,0.15,,,0.5,False,False,NONE,1283,43.80358534684333,0.7521434138737334,2.338418862690707,10.0,571,43.95796847635727,0.7583187390542907,2.353125,9.0,False,43.80358534684333,0.7521434138737334
5,NO_FIB,3.0,0.5,0.15,0.15,,,0.5,False,False,NONE,258,46.89922480620155,0.875968992248062,2.6496350364963503,7.0,121,43.80165289256198,0.7520661157024794,2.338235294117647,8.0,False,43.80165289256198,0.7520661157024794
5,NO_FIB,3.0,0.25,0.5,,0.3,,0.75,False,False,NONE,373,45.0402144772118,0.8016085790884718,2.4585365853658536,12.0,176,43.75,0.75,2.333333333333333,9.0,False,43.75,0.75
8,NO_FIB,3.0,0.5,,,,,0.5,False,False,NONE,1606,43.83561643835616,0.7534246575342466,2.341463414634146,14.0,718,43.73259052924791,0.7493036211699164,2.3316831683168315,12.0,False,43.73259052924791,0.7493036211699164
8,NO_FIB,3.0,0.25,0.5,,,,0.5,False,False,NONE,958,44.15448851774531,0.7661795407098121,2.37196261682243,13.0,446,43.7219730941704,0.7488789237668162,2.330677290836653,9.0,False,43.7219730941704,0.7488789237668162
3,NO_FIB,3.0,0.25,,0.15,,,0.5,False,False,NONE,1199,43.70308590492077,0.7481234361968306,2.328888888888889,12.0,545,44.22018348623853,0.7688073394495413,2.3782894736842106,11.0,False,43.70308590492077,0.7481234361968306
8,NO_FIB,3.0,0.25,,0.15,,,0.5,False,False,NONE,1298,43.68258859784284,0.7473035439137135,2.3269493844049247,10.0,577,43.84748700173311,0.7538994800693241,2.342592592592593,9.0,False,43.68258859784284,0.7473035439137135
5,NO_FIB,3.0,0.25,0.5,,0.3,,0.5,False,False,NONE,654,44.95412844036697,0.7981651376146789,2.45,14.0,300,43.66666666666666,0.7466666666666667,2.3254437869822486,11.0,False,43.66666666666666,0.7466666666666667
8,NO_FIB,3.0,0.25,,0.15,,,0.75,False,False,NONE,820,45.85365853658537,0.8341463414634146,2.5405405405405403,11.0,371,43.66576819407008,0.7466307277628033,2.325358851674641,7.0,False,43.66576819407008,0.7466307277628033
5,NO_FIB,3.0,0.25,0.5,0.15,,,0.5,False,False,NONE,699,43.63376251788269,0.7453505007153076,2.3223350253807107,13.0,320,43.75,0.75,2.333333333333333,8.0,False,43.63376251788269,0.7453505007153076
3,NO_FIB,3.0,0.25,0.5,,0.4,,0.5,False,False,NONE,484,45.04132231404959,0.8016528925619835,2.4586466165413534,14.0,204,43.62745098039216,0.7450980392156863,2.3217391304347825,8.0,False,43.62745098039216,0.7450980392156863
3,NO_FIB,3.0,0.25,,0.05,,,0.5,False,False,NONE,1427,44.21864050455501,0.7687456201822004,2.378140703517588,14.0,651,43.62519201228879,0.7450076804915514,2.321525885558583,10.0,False,43.62519201228879,0.7450076804915514
3,NO_FIB,3.0,0.25,0.5,,,,0.3,False,False,NONE,1177,43.58538657604078,0.7434154630416313,2.3177710843373496,10.0,554,43.68231046931408,0.7472924187725631,2.326923076923077,10.0,False,43.58538657604078,0.7434154630416313
5,NO_FIB,3.0,0.25,,,0.3,,0.75,False,False,NONE,668,44.76047904191617,0.7904191616766467,2.430894308943089,9.0,296,43.58108108108108,0.7432432432432432,2.317365269461078,8.0,False,43.58108108108108,0.7432432432432432
3,NO_FIB,3.0,0.25,0.5,0.05,,,0.5,False,False,NONE,840,43.80952380952381,0.7523809523809524,2.3389830508474576,16.0,397,43.57682619647355,0.743073047858942,2.3169642857142856,10.0,False,43.57682619647355,0.743073047858942
5,NO_FIB,3.0,0.25,,0.05,,,0.5,False,False,NONE,1513,44.216787838730994,0.7686715135492399,2.3779620853080567,14.0,677,43.574593796159526,0.7429837518463811,2.316753926701571,10.0,False,43.574593796159526,0.7429837518463811
8,NO_FIB,3.0,0.5,0.15,,0.4,,0.3,False,False,NONE,316,46.51898734177215,0.8607594936708861,2.6094674556213016,8.0,140,43.57142857142857,0.7428571428571429,2.316455696202532,11.0,False,43.57142857142857,0.7428571428571429
3,NO_FIB,3.0,0.5,0.5,0.05,,,0.75,False,False,NONE,508,45.2755905511811,0.8110236220472441,2.4820143884892087,9.0,248,43.54838709677419,0.7419354838709677,2.3142857142857145,8.0,False,43.54838709677419,0.7419354838709677
8,NO_FIB,3.0,0.25,0.5,,0.3,,0.5,False,False,NONE,659,44.916540212443095,0.7966616084977238,2.446280991735537,14.0,301,43.52159468438538,0.7408637873754153,2.3117647058823527,11.0,False,43.52159468438538,0.7408637873754153
3,NO_FIB,3.0,0.25,0.5,0.15,,,0.5,False,False,NONE,655,43.51145038167939,0.7404580152671756,2.310810810810811,13.0,306,44.11764705882353,0.7647058823529411,2.3684210526315788,8.0,False,43.51145038167939,0.7404580152671756
8,NO_FIB,3.0,0.5,0.5,0.05,,,0.75,False,False,NONE,540,45.18518518518518,0.8074074074074075,2.472972972972973,9.0,262,43.51145038167939,0.7404580152671756,2.310810810810811,13.0,False,43.51145038167939,0.7404580152671756
8,NO_FIB,3.0,0.25,,0.05,,,0.5,False,False,NONE,1530,44.11764705882353,0.7647058823529411,2.3684210526315788,14.0,683,43.48462664714495,0.739385065885798,2.3082901554404147,10.0,False,43.48462664714495,0.739385065885798
3,NO_FIB,3.0,0.5,,0.05,,,0.5,False,False,NONE,1421,43.63124560168895,0.745249824067558,2.322097378277153,14.0,644,43.47826086956522,0.7391304347826086,2.3076923076923075,10.0,False,43.47826086956522,0.7391304347826086
8,NO_FIB,3.0,0.25,0.5,0.15,,,0.5,False,False,NONE,705,43.54609929078014,0.7418439716312056,2.314070351758794,13.0,322,43.47826086956522,0.7391304347826086,2.3076923076923075,8.0,False,43.47826086956522,0.7391304347826086
5,NO_FIB,3.0,0.25,0.15,0.05,,,0.75,False,False,NONE,256,46.09375,0.84375,2.565217391304348,6.0,122,43.44262295081967,0.7377049180327869,2.3043478260869565,8.0,False,43.44262295081967,0.7377049180327869
5,NO_FIB,3.0,0.5,0.15,0.05,,,0.75,False,False,NONE,256,46.09375,0.84375,2.565217391304348,6.0,122,43.44262295081967,0.7377049180327869,2.3043478260869565,8.0,False,43.44262295081967,0.7377049180327869
8,NO_FIB,3.0,0.5,0.15,0.15,,,0.5,False,False,NONE,261,46.36015325670498,0.8544061302681992,2.592857142857143,7.0,122,43.44262295081967,0.7377049180327869,2.3043478260869565,8.0,False,43.44262295081967,0.7377049180327869
5,NO_FIB,3.0,0.5,,0.05,,,0.5,False,False,NONE,1507,43.59654943596549,0.7438619774386198,2.3188235294117647,14.0,670,43.43283582089552,0.7373134328358208,2.3034300791556728,10.0,False,43.43283582089552,0.7373134328358208
3,NO_FIB,3.0,0.25,0.15,,,,0.75,False,False,NONE,268,46.26865671641791,0.8507462686567164,2.583333333333333,9.0,129,43.41085271317829,0.7364341085271318,2.3013698630136985,7.0,False,43.41085271317829,0.7364341085271318
3,NO_FIB,3.0,0.5,0.15,,,,0.75,False,False,NONE,268,46.64179104477612,0.8656716417910447,2.6223776223776225,9.0,129,43.41085271317829,0.7364341085271318,2.3013698630136985,7.0,False,43.41085271317829,0.7364341085271318
3,NO_FIB,3.0,0.5,0.15,,0.4,,0.3,False,False,NONE,305,46.885245901639344,0.8754098360655738,2.6481481481481484,8.0,136,43.38235294117647,0.7352941176470589,2.2987012987012987,11.0,False,43.38235294117647,0.7352941176470589
5,NO_FIB,3.0,0.25,0.5,0.05,,,0.5,False,False,NONE,889,43.64454443194601,0.7457817772778402,2.3233532934131738,18.0,415,43.373493975903614,0.7349397590361446,2.297872340425532,10.0,False,43.373493975903614,0.7349397590361446
8,NO_FIB,3.0,0.5,,0.05,,,0.5,False,False,NONE,1524,43.503937007874015,0.7401574803149606,2.3101045296167246,14.0,676,43.34319526627219,0.7337278106508875,2.295039164490861,10.0,False,43.34319526627219,0.7337278106508875
5,NO_FIB,3.0,0.25,0.5,,0.4,,0.5,False,False,NONE,501,44.71057884231537,0.7884231536926147,2.4259927797833933,14.0,210,43.333333333333336,0.7333333333333333,2.294117647058824,9.0,False,43.333333333333336,0.7333333333333333
5,NO_FIB,3.0,0.25,0.5,,,,0.3,False,False,NONE,1235,43.31983805668016,0.7327935222672065,2.2928571428571427,11.0,580,43.62068965517241,0.7448275862068966,2.3211009174311927,8.0,False,43.31983805668016,0.7327935222672065
3,NO_FIB,3.0,0.25,0.5,,0.3,,0.5,False,False,NONE,629,45.46899841017488,0.8187599364069952,2.501457725947522,14.0,291,43.29896907216495,0.7319587628865979,2.290909090909091,10.0,False,43.29896907216495,0.7319587628865979
8,NO_FIB,3.0,0.25,,,0.3,,0.75,False,False,NONE,673,44.8736998514116,0.7949479940564635,2.442048517520216,8.0,298,43.28859060402685,0.7315436241610739,2.289940828402367,8.0,False,43.28859060402685,0.7315436241610739
5,NO_FIB,3.0,0.5,,0.15,,,0.5,False,False,NONE,1278,43.27073552425665,0.730829420970266,2.2882758620689656,10.0,568,43.66197183098591,0.7464788732394366,2.325,9.0,False,43.27073552425665,0.730829420970266
8,NO_FIB,3.0,0.25,0.5,,0.3,,0.75,False,False,NONE,376,45.21276595744681,0.8085106382978723,2.4757281553398056,12.0,178,43.25842696629213,0.7303370786516854,2.287128712871287,10.0,False,43.25842696629213,0.7303370786516854
5,NO_FIB,3.0,0.5,,,0.3,,0.75,False,False,NONE,668,44.76047904191617,0.7904191616766467,2.430894308943089,9.0,296,43.24324324324324,0.7297297297297297,2.2857142857142856,8.0,False,43.24324324324324,0.7297297297297297
5,NO_FIB,3.0,0.25,0.15,0.15,,,0.3,False,False,NONE,336,44.04761904761904,0.7619047619047619,2.3617021276595747,9.0,148,43.24324324324324,0.7297297297297297,2.2857142857142856,12.0,False,43.24324324324324,0.7297297297297297
3,NO_FIB,3.0,0.5,,0.15,,,0.5,False,False,NONE,1194,43.21608040201005,0.7286432160804021,2.2831858407079646,12.0,542,43.91143911439114,0.7564575645756457,2.348684210526316,11.0,False,43.21608040201005,0.7286432160804021
3,NO_FIB,3.0,0.25,,,0.4,,0.75,False,False,NONE,476,43.69747899159664,0.7478991596638656,2.328358208955224,10.0,199,43.21608040201005,0.7286432160804021,2.2831858407079646,14.0,False,43.21608040201005,0.7286432160804021
5,NO_FIB,3.0,0.25,,,0.4,,0.75,False,False,NONE,491,43.38085539714868,0.7352342158859471,2.2985611510791366,10.0,206,43.203883495145625,0.7281553398058253,2.282051282051282,11.0,False,43.203883495145625,0.7281553398058253
3,NO_FIB,3.0,0.5,0.5,,,,0.5,False,False,NONE,895,44.35754189944134,0.7743016759776536,2.391566265060241,14.0,419,43.1980906921241,0.7279236276849642,2.2815126050420167,9.0,False,43.1980906921241,0.7279236276849642
5,NO_FIB,3.0,0.5,0.5,,0.3,,0.75,False,False,NONE,373,45.0402144772118,0.8016085790884718,2.4585365853658536,12.0,176,43.18181818181818,0.7272727272727273,2.28,9.0,False,43.18181818181818,0.7272727272727273
8,NO_FIB,3.0,0.25,0.5,,,,0.3,False,False,NONE,1244,43.16720257234727,0.7266881028938906,2.278642149929279,11.0,584,43.49315068493151,0.7397260273972602,2.309090909090909,8.0,False,43.16720257234727,0.7266881028938906
8,NO_FIB,3.0,0.25,0.5,0.05,,,0.5,False,False,NONE,897,43.47826086956522,0.7391304347826086,2.3076923076923075,15.0,417,43.16546762589928,0.7266187050359713,2.278481012658228,10.0,False,43.16546762589928,0.7266187050359713
8,NO_FIB,3.0,0.5,,0.15,,,0.5,False,False,NONE,1293,43.1554524361949,0.7262180974477959,2.2775510204081635,10.0,574,43.55400696864111,0.7421602787456446,2.314814814814815,9.0,False,43.1554524361949,0.7262180974477959
5,NO_FIB,3.0,0.25,0.15,,0.3,,0.5,False,False,NONE,305,48.19672131147541,0.9278688524590164,2.7911392405063293,8.0,146,43.15068493150685,0.726027397260274,2.27710843373494,12.0,False,43.15068493150685,0.726027397260274
3,NO_FIB,3.0,0.25,0.5,0.15,0.3,,0.5,False,False,NONE,480,43.125,0.725,2.274725274725274,11.0,213,43.1924882629108,0.7276995305164319,2.28099173553719,7.0,False,43.125,0.725
3,NO_FIB,3.0,0.25,,,0.3,,0.75,False,False,NONE,643,45.25660964230171,0.8102643856920684,2.480113636363636,8.0,283,43.1095406360424,0.7243816254416962,2.2732919254658386,8.0,False,43.1095406360424,0.7243816254416962
8,NO_FIB,3.0,0.25,0.15,0.05,,,0.75,False,False,NONE,258,45.73643410852713,0.8294573643410853,2.5285714285714285,6.0,123,43.08943089430895,0.7235772357723578,2.271428571428572,9.0,False,43.08943089430895,0.7235772357723578
8,NO_FIB,3.0,0.5,0.15,0.05,,,0.75,False,False,NONE,258,45.73643410852713,0.8294573643410853,2.5285714285714285,6.0,123,43.08943089430895,0.7235772357723578,2.271428571428572,9.0,False,43.08943089430895,0.7235772357723578
5,NO_FIB,3.0,0.25,0.15,0.15,,,0.75,False,False,NONE,171,49.122807017543856,0.9649122807017544,2.896551724137931,4.0,79,43.03797468354431,0.7215189873417721,2.2666666666666666,6.0,False,43.03797468354431,0.7215189873417721
5,NO_FIB,3.0,0.5,0.15,0.15,,,0.75,False,False,NONE,171,49.122807017543856,0.9649122807017544,2.896551724137931,4.0,79,43.03797468354431,0.7215189873417721,2.2666666666666666,6.0,False,43.03797468354431,0.7215189873417721
5,NO_FIB,3.0,0.5,0.5,,,,0.5,False,False,NONE,945,44.12698412698413,0.765079365079365,2.3693181818181817,16.0,437,43.02059496567506,0.7208237986270023,2.265060240963856,9.0,False,43.02059496567506,0.7208237986270023
5,NO_FIB,3.0,0.25,,0.05,0.3,,0.75,False,False,NONE,640,44.84375,0.79375,2.4390934844192635,11.0,286,43.00699300699301,0.7202797202797203,2.263803680981595,8.0,False,43.00699300699301,0.7202797202797203
5,NO_FIB,3.0,0.5,0.5,,0.3,,0.5,False,False,NONE,649,44.8382126348228,0.7935285053929122,2.4385474860335195,14.0,300,43.0,0.72,2.263157894736842,11.0,False,43.0,0.72
3,NO_FIB,3.0,0.5,0.15,0.15,,,0.5,False,False,NONE,241,46.47302904564315,0.8589211618257261,2.604651162790698,8.0,114,42.98245614035088,0.7192982456140351,2.261538461538461,8.0,False,42.98245614035088,0.7192982456140351
3,NO_FIB,3.0,0.25,0.5,,0.4,,0.3,False,False,NONE,661,44.47806354009077,0.7791225416036308,2.403269754768393,13.0,291,42.955326460481096,0.718213058419244,2.2590361445783134,10.0,False,42.955326460481096,0.718213058419244
5,NO_FIB,3.0,0.25,0.5,,0.4,,0.3,False,False,NONE,685,43.941605839416056,0.7576642335766424,2.3515625,10.0,298,42.95302013422819,0.7181208053691275,2.2588235294117647,10.0,False,42.95302013422819,0.7181208053691275
8,NO_FIB,3.0,0.5,,,0.3,,0.75,False,False,NONE,673,44.8736998514116,0.7949479940564635,2.442048517520216,8.0,298,42.95302013422819,0.7181208053691275,2.2588235294117647,8.0,False,42.95302013422819,0.7181208053691275
8,NO_FIB,3.0,0.25,0.15,0.15,,,0.3,False,False,NONE,339,43.65781710914455,0.7463126843657817,2.324607329842932,10.0,149,42.95302013422819,0.7181208053691275,2.2588235294117647,12.0,False,42.95302013422819,0.7181208053691275
8,NO_FIB,3.0,0.25,0.5,,0.4,,0.5,False,False,NONE,505,44.75247524752476,0.7900990099009901,2.4301075268817205,14.0,212,42.9245283018868,0.7169811320754716,2.256198347107438,9.0,False,42.9245283018868,0.7169811320754716
5,NO_FIB,3.0,0.25,0.5,0.05,0.3,,0.5,False,False,NONE,621,44.12238325281804,0.7648953301127214,2.3688760806916425,13.0,282,42.90780141843972,0.7163120567375887,2.254658385093168,11.0,False,42.90780141843972,0.7163120567375887
3,NO_FIB,3.0,0.5,0.5,0.15,,,0.5,False,False,NONE,651,43.16436251920123,0.7265745007680492,2.2783783783783784,14.0,303,42.9042904290429,0.7161716171617162,2.254335260115607,8.0,False,42.9042904290429,0.7161716171617162
3,NO_FIB,3.0,0.5,0.5,,,,0.3,False,False,NONE,1169,43.199315654405474,0.7279726261762189,2.281626506024097,10.0,546,42.85714285714285,0.7142857142857143,2.25,10.0,False,42.85714285714285,0.7142857142857143
8,NO_FIB,3.0,0.5,0.5,,0.3,,0.5,False,False,NONE,654,44.801223241590215,0.7920489296636085,2.434903047091413,14.0,301,42.85714285714285,0.7142857142857143,2.25,11.0,False,42.85714285714285,0.7142857142857143
3,NO_FIB,3.0,0.25,0.5,,0.3,,0.75,False,False,NONE,356,45.78651685393258,0.8314606741573034,2.533678756476684,12.0,168,42.85714285714285,0.7142857142857143,2.25,8.0,False,42.85714285714285,0.7142857142857143
8,NO_FIB,3.0,0.25,0.15,,0.3,,0.5,False,False,NONE,308,47.72727272727273,0.9090909090909092,2.739130434782609,8.0,147,42.85714285714285,0.7142857142857143,2.25,12.0,False,42.85714285714285,0.7142857142857143
5,NO_FIB,3.0,0.5,0.5,,,,0.3,False,False,NONE,1227,42.86878565607172,0.7147514262428688,2.251069900142653,10.0,572,42.83216783216783,0.7132867132867133,2.2477064220183487,8.0,False,42.83216783216783,0.7132867132867133
8,NO_FIB,3.0,0.5,0.5,,,,0.5,False,False,NONE,953,43.96642182581322,0.7586568730325288,2.353932584269663,13.0,439,42.8246013667426,0.7129840546697038,2.247011952191235,9.0,False,42.8246013667426,0.7129840546697038
3,NO_FIB,3.0,0.5,0.5,0.05,,,0.5,False,False,NONE,836,43.42105263157895,0.7368421052631579,2.302325581395349,16.0,390,42.82051282051282,0.7128205128205128,2.2466367713004485,10.0,False,42.82051282051282,0.7128205128205128
5,NO_FIB,3.0,0.25,0.15,,,,0.5,False,False,NONE,472,45.97457627118644,0.8389830508474576,2.552941176470588,7.0,222,42.7927927927928,0.7117117117117117,2.2440944881889764,10.0,False,42.7927927927928,0.7117117117117117
8,NO_FIB,3.0,0.25,,,0.4,,0.75,False,False,NONE,495,43.63636363636363,0.7454545454545455,2.3225806451612905,10.0,208,42.78846153846153,0.7115384615384616,2.2436974789915967,12.0,False,42.78846153846153,0.7115384615384616
5,NO_FIB,3.0,0.25,0.5,0.05,0.3,,0.75,False,False,NONE,357,44.25770308123249,0.7703081232492998,2.3819095477386933,11.0,166,42.77108433734939,0.7108433734939759,2.2421052631578946,8.0,False,42.77108433734939,0.7108433734939759
3,NO_FIB,3.0,0.5,,,0.3,,0.75,False,False,NONE,643,45.25660964230171,0.8102643856920684,2.480113636363636,8.0,283,42.75618374558304,0.7102473498233216,2.240740740740741,8.0,False,42.75618374558304,0.7102473498233216
8,NO_FIB,3.0,0.25,0.5,0.05,0.3,,0.5,False,False,NONE,626,44.08945686900959,0.7635782747603834,2.3657142857142857,13.0,283,42.75618374558304,0.7102473498233216,2.240740740740741,11.0,False,42.75618374558304,0.7102473498233216
5,NO_FIB,3.0,0.5,0.15,,,,0.5,False,False,NONE,472,46.1864406779661,0.847457627118644,2.574803149606299,7.0,220,42.72727272727273,0.7090909090909091,2.238095238095238,10.0,False,42.72727272727273,0.7090909090909091
5,NO_FIB,3.0,0.5,,,0.4,,0.75,False,False,NONE,491,43.58452138492871,0.7433808553971487,2.3176895306859207,10.0,206,42.71844660194174,0.7087378640776699,2.23728813559322,11.0,False,42.71844660194174,0.7087378640776699
3,NO_FIB,3.0,0.25,0.5,0.15,,,0.3,False,False,NONE,853,43.02461899179367,0.7209847596717468,2.265432098765432,11.0,398,42.71356783919598,0.7085427135678392,2.236842105263158,12.0,False,42.71356783919598,0.7085427135678392
3,NO_FIB,3.0,0.5,,,0.4,,0.75,False,False,NONE,476,43.90756302521008,0.7563025210084033,2.348314606741573,10.0,199,42.71356783919598,0.7085427135678392,2.236842105263158,14.0,False,42.71356783919598,0.7085427135678392
8,NO_FIB,3.0,0.5,0.5,,,,0.3,False,False,NONE,1236,42.71844660194174,0.7087378640776699,2.23728813559322,10.0,576,42.70833333333333,0.7083333333333334,2.2363636363636363,8.0,False,42.70833333333333,0.7083333333333334
8,NO_FIB,3.0,0.25,,0.05,0.3,,0.75,False,False,NONE,645,44.96124031007752,0.7984496124031008,2.4507042253521125,11.0,288,42.70833333333333,0.7083333333333334,2.2363636363636363,8.0,False,42.70833333333333,0.7083333333333334
8,NO_FIB,3.0,0.5,0.5,,0.3,,0.75,False,False,NONE,376,45.21276595744681,0.8085106382978723,2.4757281553398056,12.0,178,42.69662921348314,0.7078651685393258,2.235294117647059,10.0,False,42.69662921348314,0.7078651685393258
5,NO_FIB,3.0,0.5,,0.05,0.3,,0.75,False,False,NONE,640,44.6875,0.7875,2.4237288135593222,11.0,286,42.65734265734265,0.7062937062937062,2.231707317073171,8.0,False,42.65734265734265,0.7062937062937062
5,NO_FIB,3.0,0.5,0.5,0.05,,,0.5,False,False,NONE,885,43.163841807909606,0.7265536723163842,2.278330019880716,18.0,408,42.64705882352941,0.7058823529411765,2.230769230769231,10.0,False,42.64705882352941,0.7058823529411765
3,NO_FIB,3.0,0.5,0.5,,0.4,,0.5,False,False,NONE,481,45.32224532224532,0.8128898128898129,2.4866920152091256,14.0,204,42.64705882352941,0.7058823529411765,2.230769230769231,8.0,False,42.64705882352941,0.7058823529411765
5,NO_FIB,3.0,0.25,0.15,0.15,,,,False,False,NONE,410,42.68292682926829,0.7073170731707317,2.234042553191489,8.0,190,42.63157894736842,0.7052631578947368,2.229357798165138,11.0,False,42.63157894736842,0.7052631578947368
3,NO_FIB,3.0,0.5,0.5,,0.3,,0.5,False,False,NONE,624,45.3525641025641,0.8141025641025641,2.489736070381232,14.0,291,42.61168384879725,0.7044673539518901,2.2275449101796405,10.0,False,42.61168384879725,0.7044673539518901
3,NO_FIB,3.0,0.25,0.5,0.05,,,0.3,False,False,NONE,1097,42.75296262534184,0.7101185050136737,2.240445859872612,9.0,521,42.61036468330134,0.7044145873320538,2.2274247491638794,10.0,False,42.61036468330134,0.7044145873320538
3,NO_FIB,3.0,0.25,,,,,0.3,False,False,NONE,1955,42.60869565217392,0.7043478260869566,2.227272727272727,11.0,899,43.04783092324806,0.7219132369299222,2.267578125,14.0,False,42.60869565217392,0.7043478260869566
8,NO_FIB,3.0,0.25,0.15,,,,0.5,False,False,NONE,477,45.49266247379455,0.8197064989517819,2.503846153846154,7.0,223,42.60089686098655,0.7040358744394619,2.2265625,10.0,False,42.60089686098655,0.7040358744394619
5,NO_FIB,3.0,0.25,,,0.3,,0.5,False,False,NONE,1117,42.79319606087735,0.711727842435094,2.244131455399061,11.0,493,42.59634888438134,0.7038539553752535,2.2261484098939928,13.0,False,42.59634888438134,0.7038539553752535
5,NO_FIB,3.0,0.5,0.5,0.15,,,0.5,False,False,NONE,695,43.16546762589928,0.7266187050359713,2.278481012658228,15.0,317,42.586750788643535,0.7034700315457413,2.2252747252747254,8.0,False,42.586750788643535,0.7034700315457413
3,NO_FIB,3.0,0.25,0.5,0.15,0.4,,0.5,False,False,NONE,374,42.780748663101605,0.7112299465240641,2.2429906542056077,10.0,148,42.567567567567565,0.7027027027027027,2.223529411764706,9.0,False,42.567567567567565,0.7027027027027027
8,NO_FIB,3.0,0.5,0.15,,,,0.5,False,False,NONE,477,45.70230607966457,0.8280922431865828,2.525096525096525,7.0,221,42.53393665158371,0.7013574660633484,2.220472440944882,10.0,False,42.53393665158371,0.7013574660633484
8,NO_FIB,3.0,0.25,0.5,,0.4,,0.3,False,False,NONE,688,44.0406976744186,0.7616279069767442,2.361038961038961,10.0,301,42.5249169435216,0.7009966777408638,2.2196531791907512,10.0,False,42.5249169435216,0.7009966777408638
5,NO_FIB,3.0,0.25,,,,,0.3,False,False,NONE,2063,42.51090644692196,0.7004362578768784,2.2183811129848228,11.0,937,43.009605122732125,0.7203842049092849,2.264044943820225,14.0,False,42.51090644692196,0.7004362578768784
8,NO_FIB,3.0,0.25,0.15,0.15,,,0.75,False,False,NONE,172,48.837209302325576,0.9534883720930232,2.863636363636364,4.0,80,42.5,0.7,2.217391304347826,7.0,False,42.5,0.7
8,NO_FIB,3.0,0.5,0.15,0.15,,,0.75,False,False,NONE,172,48.837209302325576,0.9534883720930232,2.863636363636364,4.0,80,42.5,0.7,2.217391304347826,7.0,False,42.5,0.7
3,NO_FIB,3.0,0.25,,0.05,0.3,,0.75,False,False,NONE,617,45.38087520259319,0.8152350081037277,2.492581602373887,11.0,273,42.49084249084249,0.6996336996336996,2.21656050955414,8.0,False,42.49084249084249,0.6996336996336996
3,NO_FIB,3.0,0.25,0.5,0.05,0.3,,0.5,False,False,NONE,598,44.64882943143812,0.7859531772575251,2.419939577039275,13.0,273,42.49084249084249,0.6996336996336996,2.21656050955414,10.0,False,42.49084249084249,0.6996336996336996
5,NO_FIB,3.0,0.25,0.5,0.15,0.3,,0.5,False,False,NONE,499,42.48496993987976,0.6993987975951904,2.21602787456446,11.0,220,43.18181818181818,0.7272727272727273,2.28,8.0,False,42.48496993987976,0.6993987975951904
5,NO_FIB,3.0,0.25,0.5,0.15,,,0.3,False,False,NONE,903,42.967884828349945,0.7187153931339978,2.2601941747572813,11.0,419,42.482100238663485,0.6992840095465394,2.215767634854772,9.0,False,42.482100238663485,0.6992840095465394
5,NO_FIB,3.0,0.5,0.15,,0.3,,0.5,False,False,NONE,305,48.52459016393443,0.940983606557377,2.828025477707006,8.0,146,42.465753424657535,0.6986301369863014,2.2142857142857144,12.0,False,42.465753424657535,0.6986301369863014
5,NO_FIB,3.0,0.25,0.5,0.05,,,0.3,False,False,NONE,1154,42.46100519930676,0.6984402079722704,2.213855421686747,10.0,547,42.59597806215722,0.7038391224862889,2.2261146496815285,8.0,False,42.46100519930676,0.6984402079722704
8,NO_FIB,3.0,0.25,0.5,0.15,0.3,,0.5,False,False,NONE,504,42.46031746031746,0.6984126984126984,2.213793103448276,11.0,221,42.98642533936652,0.7194570135746606,2.261904761904762,8.0,False,42.46031746031746,0.6984126984126984
8,NO_FIB,3.0,0.25,,,0.3,,0.5,False,False,NONE,1127,42.76841171251109,0.7107364685004437,2.2418604651162792,10.0,497,42.45472837022133,0.6981891348088531,2.2132867132867133,13.0,False,42.45472837022133,0.6981891348088531
8,NO_FIB,3.0,0.5,0.5,0.05,,,0.5,False,False,NONE,893,43.00111982082866,0.7200447928331467,2.2632612966601178,15.0,410,42.4390243902439,0.697560975609756,2.211864406779661,10.0,False,42.4390243902439,0.697560975609756
5,NO_FIB,3.0,0.25,0.5,0.15,,,0.75,False,False,NONE,430,46.27906976744186,0.8511627906976744,2.5844155844155843,7.0,205,42.4390243902439,0.697560975609756,2.211864406779661,10.0,False,42.4390243902439,0.697560975609756
5,NO_FIB,3.0,0.25,0.3,,,,0.75,False,False,NONE,435,45.28735632183908,0.8114942528735632,2.4831932773109244,8.0,217,42.3963133640553,0.695852534562212,2.208,9.0,False,42.3963133640553,0.695852534562212
5,NO_FIB,3.0,0.5,0.5,,0.4,,0.5,False,False,NONE,498,44.97991967871486,0.7991967871485943,2.452554744525548,14.0,210,42.38095238095238,0.6952380952380952,2.206611570247934,9.0,False,42.38095238095238,0.6952380952380952
3,NO_FIB,3.0,0.25,,,0.4,,0.5,False,False,NONE,826,42.3728813559322,0.6949152542372882,2.2058823529411766,13.0,340,43.52941176470589,0.7411764705882353,2.3125,9.0,False,42.3728813559322,0.6949152542372882
8,NO_FIB,3.0,0.5,,0.05,0.3,,0.75,False,False,NONE,645,44.8062015503876,0.7922480620155039,2.4353932584269664,11.0,288,42.36111111111111,0.6944444444444444,2.2048192771084336,8.0,False,42.36111111111111,0.6944444444444444
3,NO_FIB,3.0,0.25,0.5,,0.3,,0.3,False,False,NONE,844,44.43127962085308,0.7772511848341233,2.398720682302772,13.0,392,42.3469387755102,0.6938775510204082,2.2035398230088497,10.0,False,42.3469387755102,0.6938775510204082
3,NO_FIB,3.0,0.25,0.5,0.15,,,0.75,False,False,NONE,404,46.03960396039604,0.8415841584158416,2.559633027522936,6.0,196,42.3469387755102,0.6938775510204082,2.2035398230088497,7.0,False,42.3469387755102,0.6938775510204082
8,NO_FIB,3.0,0.5,0.5,0.15,,,0.5,False,False,NONE,701,43.081312410841655,0.7232524964336662,2.2706766917293235,15.0,319,42.31974921630094,0.6927899686520376,2.2010869565217392,8.0,False,42.31974921630094,0.6927899686520376
3,NO_FIB,3.0,0.25,,0.15,,,0.3,False,False,NONE,1536,42.31770833333333,0.6927083333333334,2.200902934537246,15.0,699,42.48927038626609,0.6995708154506438,2.216417910447761,18.0,False,42.31770833333333,0.6927083333333334
8,NO_FIB,3.0,0.25,0.5,0.15,,,0.3,False,False,NONE,910,42.85714285714285,0.7142857142857143,2.25,11.0,423,42.31678486997636,0.6926713947990544,2.200819672131148,9.0,False,42.31678486997636,0.6926713947990544
8,NO_FIB,3.0,0.5,,,0.4,,0.75,False,False,NONE,495,43.83838383838384,0.7535353535353535,2.341726618705036,10.0,208,42.30769230769231,0.6923076923076923,2.2,12.0,False,42.30769230769231,0.6923076923076923
5,NO_FIB,3.0,0.25,0.15,,0.4,,0.5,False,False,NONE,238,47.89915966386555,0.9159663865546218,2.7580645161290325,8.0,104,42.30769230769231,0.6923076923076923,2.2,12.0,False,42.30769230769231,0.6923076923076923
8,NO_FIB,3.0,0.25,0.5,0.05,,,0.3,False,False,NONE,1163,42.30438521066208,0.6921754084264833,2.1997019374068554,10.0,551,42.46823956442831,0.6987295825771325,2.214511041009464,8.0,False,42.30438521066208,0.6921754084264833
8,NO_FIB,3.0,0.25,,,,,0.3,False,False,NONE,2083,42.29476716274604,0.6917906865098415,2.198835274542429,11.0,947,42.87222808870116,0.7148891235480465,2.251386321626617,14.0,False,42.29476716274604,0.6917906865098415
3,NO_FIB,3.0,0.25,,,0.3,,0.5,False,False,NONE,1066,43.52720450281426,0.7410881801125704,2.3122923588039868,13.0,480,42.29166666666666,0.6916666666666667,2.1985559566787005,13.0,False,42.29166666666666,0.6916666666666667
5,NO_FIB,3.0,0.5,0.5,,0.4,,0.3,False,False,NONE,681,43.61233480176212,0.7444933920704846,2.3203125,10.0,298,42.28187919463088,0.6912751677852349,2.197674418604651,10.0,False,42.28187919463088,0.6912751677852349
3,NO_FIB,3.0,0.5,0.5,,0.4,,0.3,False,False,NONE,657,44.1400304414003,0.7656012176560122,2.370572207084469,13.0,291,42.2680412371134,0.6907216494845361,2.196428571428572,10.0,False,42.2680412371134,0.6907216494845361
3,NO_FIB,3.0,0.5,0.5,,0.3,,0.75,False,False,NONE,356,45.78651685393258,0.8314606741573034,2.533678756476684,12.0,168,42.26190476190476,0.6904761904761905,2.195876288659794,8.0,False,42.26190476190476,0.6904761904761905
8,NO_FIB,3.0,0.25,0.5,0.05,0.3,,0.75,False,False,NONE,360,44.44444444444444,0.7777777777777778,2.4,11.0,168,42.26190476190476,0.6904761904761905,2.195876288659794,9.0,False,42.26190476190476,0.6904761904761905
3,NO_FIB,3.0,0.5,0.5,0.15,0.3,,0.5,False,False,NONE,476,42.85714285714285,0.7142857142857143,2.25,11.0,213,42.25352112676056,0.6901408450704225,2.1951219512195124,7.0,False,42.25352112676056,0.6901408450704225
5,NO_FIB,3.0,0.25,0.5,,0.3,,0.3,False,False,NONE,877,43.78563283922463,0.7514253135689852,2.336713995943205,10.0,405,42.22222222222222,0.6888888888888889,2.1923076923076925,10.0,False,42.22222222222222,0.6888888888888889
5,NO_FIB,3.0,0.5,0.5,0.15,0.3,,0.5,False,False,NONE,495,42.22222222222222,0.6888888888888889,2.1923076923076925,11.0,220,42.27272727272727,0.6909090909090909,2.1968503937007875,8.0,False,42.22222222222222,0.6888888888888889
5,NO_FIB,3.0,0.25,,0.05,0.4,,0.75,False,False,NONE,470,43.82978723404256,0.7531914893617021,2.340909090909091,10.0,199,42.21105527638191,0.6884422110552764,2.1913043478260867,11.0,False,42.21105527638191,0.6884422110552764
5,NO_FIB,3.0,0.25,0.5,0.15,0.4,,0.5,False,False,NONE,387,42.377260981912144,0.6950904392764858,2.2062780269058297,10.0,154,42.2077922077922,0.6883116883116883,2.191011235955056,10.0,False,42.2077922077922,0.6883116883116883
5,NO_FIB,3.0,0.5,0.5,0.05,0.3,,0.5,False,False,NONE,617,43.76012965964344,0.7504051863857374,2.334293948126801,13.0,282,42.198581560283685,0.6879432624113475,2.1901840490797544,11.0,False,42.198581560283685,0.6879432624113475
5,NO_FIB,3.0,0.5,,,0.3,,0.5,False,False,NONE,1111,42.3942394239424,0.6957695769576958,2.2078125,11.0,493,42.19066937119676,0.6876267748478702,2.1894736842105265,13.0,False,42.19066937119676,0.6876267748478702
3,NO_FIB,3.0,0.25,,0.05,0.4,,0.75,False,False,NONE,456,44.07894736842105,0.7631578947368421,2.364705882352941,10.0,192,42.1875,0.6875,2.189189189189189,14.0,False,42.1875,0.6875
3,NO_FIB,3.0,0.25,0.15,,,,0.5,False,False,NONE,450,46.0,0.84,2.555555555555556,7.0,211,42.18009478672986,0.6872037914691943,2.1885245901639343,10.0,False,42.18009478672986,0.6872037914691943
8,NO_FIB,3.0,0.5,0.15,,0.3,,0.5,False,False,NONE,308,48.05194805194805,0.922077922077922,2.775,8.0,147,42.17687074829932,0.6870748299319728,2.1882352941176477,12.0,False,42.17687074829932,0.6870748299319728
8,NO_FIB,3.0,0.25,0.15,0.15,,,,False,False,NONE,415,42.16867469879519,0.6867469879518072,2.1875,9.0,192,42.1875,0.6875,2.189189189189189,11.0,False,42.16867469879519,0.6867469879518072
5,NO_FIB,3.0,0.5,0.5,0.05,0.3,,0.75,False,False,NONE,357,43.977591036414566,0.7591036414565826,2.355,11.0,166,42.16867469879519,0.6867469879518072,2.1875,8.0,False,42.16867469879519,0.6867469879518072
3,NO_FIB,3.0,0.25,0.15,,0.4,,0.5,False,False,NONE,231,47.61904761904761,0.9047619047619048,2.727272727272727,8.0,102,42.15686274509804,0.6862745098039216,2.1864406779661016,12.0,False,42.15686274509804,0.6862745098039216
3,NO_FIB,3.0,0.25,,0.05,0.4,,0.5,False,False,NONE,791,42.22503160556258,0.6890012642225032,2.192560175054705,12.0,325,42.15384615384615,0.6861538461538461,2.186170212765957,9.0,False,42.15384615384615,0.6861538461538461
3,NO_FIB,3.0,0.5,,,0.4,,0.5,False,False,NONE,821,42.14372716199756,0.6857490864799025,2.185263157894737,13.0,340,42.94117647058823,0.7176470588235294,2.2577319587628866,9.0,False,42.14372716199756,0.6857490864799025
5,NO_FIB,3.0,0.25,0.15,,,,0.3,False,False,NONE,612,43.95424836601307,0.7581699346405228,2.3527696793002915,10.0,280,42.142857142857146,0.6857142857142857,2.185185185185185,11.0,False,42.142857142857146,0.6857142857142857
3,NO_FIB,3.0,0.25,0.15,0.15,,,0.3,False,False,NONE,318,43.710691823899374,0.7484276729559748,2.329608938547486,9.0,140,42.142857142857146,0.6857142857142857,2.185185185185185,13.0,False,42.142857142857146,0.6857142857142857
3,NO_FIB,3.0,0.5,,0.05,0.3,,0.75,False,False,NONE,617,45.21880064829822,0.8087520259319287,2.476331360946745,11.0,273,42.12454212454213,0.684981684981685,2.1835443037974684,8.0,False,42.12454212454213,0.684981684981685
3,NO_FIB,3.0,0.5,0.15,,,,0.5,False,False,NONE,450,46.22222222222222,0.8488888888888889,2.5785123966942147,7.0,209,42.10526315789473,0.6842105263157895,2.1818181818181817,10.0,False,42.10526315789473,0.6842105263157895
3,NO_FIB,3.0,0.25,0.15,,0.3,,0.75,False,False,NONE,169,47.92899408284024,0.9171597633136096,2.761363636363636,6.0,76,42.10526315789473,0.6842105263157895,2.1818181818181817,7.0,False,42.10526315789473,0.6842105263157895
3,NO_FIB,3.0,0.5,0.15,,0.3,,0.75,False,False,NONE,169,48.5207100591716,0.940828402366864,2.827586206896552,6.0,76,42.10526315789473,0.6842105263157895,2.1818181818181817,7.0,False,42.10526315789473,0.6842105263157895
